human_input	human_symbol	human_gene_id	input_match	zebrafish_symbol	zebrafish_gene_id	relationship	n_zebrafish_orthologs	status
CACNA1S	CACNA1S	779	official_symbol				0	no_zebrafish_ortholog
FOXL2	FOXL2	668	official_symbol	foxl2a	692279	Ortholog	1	mapped
MYH15	MYH15	22989	official_symbol				0	no_zebrafish_ortholog
MYOM1	MYOM1	8736	official_symbol	myom1b	100144770	Ortholog	1	mapped
PITX2	PITX2	5308	official_symbol	pitx2	30164	Ortholog	1	mapped
CD81	CD81	975	official_symbol	cd81a	58031	Ortholog	1	mapped
CD9	CD9	928	official_symbol				0	no_zebrafish_ortholog
MYMK	MYMK	389827	official_symbol	mymk	415178	Ortholog	1	mapped
MYMX	MYMX	101929726	official_symbol				0	no_zebrafish_ortholog
PTGFRN	PTGFRN	5738	official_symbol				0	no_zebrafish_ortholog
BCL9	BCL9	607	official_symbol	bcl9	449616	Ortholog	1	mapped
KLF5	KLF5	688	official_symbol				0	no_zebrafish_ortholog
MYOD1	MYOD1	4654	official_symbol	myod1	30513	Ortholog	1	mapped
TMEM182	TMEM182	130827	official_symbol	tmem182a	503742	Ortholog	1	mapped
AKIRIN1	AKIRIN1	79647	official_symbol	akirin1	406432	Ortholog	1	mapped
EPHB1	EPHB1	2047	official_symbol				0	no_zebrafish_ortholog
MSTN	MSTN	2660	official_symbol	mstnb	798441	Ortholog	1	mapped
MYOCD	MYOCD	93649	official_symbol	myocd	100331725	Ortholog	1	mapped
S100B	S100B	6285	official_symbol	s100b	436825	Ortholog	1	mapped
SIRT2	SIRT2	22933	official_symbol	sirt2	322309	Ortholog	1	mapped
SIX4	SIX4	51804	official_symbol				0	no_zebrafish_ortholog
DAG1	DAG1	1605	official_symbol	dag1	286829	Ortholog	1	mapped
LAMA1	LAMA1	284217	official_symbol	lama1	569971	Ortholog	1	mapped
LAMB1	LAMB1	3912	official_symbol				0	no_zebrafish_ortholog
LAMC1	LAMC1	3915	official_symbol	lamc1	286832	Ortholog	1	mapped
LARGE1	LARGE1	9215	official_symbol	large1	446213	Ortholog	1	mapped
LRP4	LRP4	4038	official_symbol	lrp4	110351181	Ortholog	1	mapped
MESD	MESD	23184	official_symbol	mesd	791222	Ortholog	1	mapped
BMAL1	BMAL1	406	official_symbol				0	no_zebrafish_ortholog
CYP26B1	CYP26B1	56603	official_symbol	cyp26b1	324188	Ortholog	1	mapped
GPC1	GPC1	2817	official_symbol				0	no_zebrafish_ortholog
KAT8	KAT8	84148	official_symbol	kat8	100003790	Ortholog	1	mapped
MCUB	MCUB	55013	official_symbol				0	no_zebrafish_ortholog
MEF2C	MEF2C	4208	official_symbol	mef2cb	798771	Ortholog	1	mapped
MIR1-1	MIR1-1	406904	official_symbol				0	no_zebrafish_ortholog
RBM24	RBM24	221662	official_symbol	rbm24a	405801	Ortholog	1	mapped
TBX1	TBX1	6899	official_symbol	tbx1	368206	Ortholog	1	mapped
ACTN3	ACTN3	89	official_symbol				0	no_zebrafish_ortholog
BCL2	BCL2	596	official_symbol	bcl2b	100007048	Ortholog	1	mapped
LMOD3	LMOD3	56203	official_symbol	lmod3	100149390	Ortholog	1	mapped
MYF5	MYF5	4617	official_symbol	myf5	58097	Ortholog	1	mapped
MYF6	MYF6	4618	official_symbol	myf6	404208	Ortholog	1	mapped
MYOG	MYOG	4656	official_symbol	myog	30200	Ortholog	1	mapped
SHOX2	SHOX2	6474	official_symbol	shox2	394171	Ortholog	1	mapped
DLL1	DLL1	28514	official_symbol				0	no_zebrafish_ortholog
IGF2	IGF2	3481	official_symbol	igf2b	324215	Ortholog	1	mapped
MTM1	MTM1	4534	official_symbol				0	no_zebrafish_ortholog
NACA	NACA	4666	official_symbol	naca	195823	Ortholog	1	mapped
CAPN3	CAPN3	825	official_symbol	capn3a	447832	Ortholog	1	mapped
HOPX	HOPX	84525	official_symbol	hopx	386589	Ortholog	1	mapped
PPARD	PPARD	5467	official_symbol	ppardb	30754	Ortholog	1	mapped
SOX15	SOX15	6665	official_symbol				0	no_zebrafish_ortholog
CRKL	CRKL	1399	official_symbol	crkl	556443	Ortholog	1	mapped
FZD9	FZD9	8326	official_symbol	fzd9b	58023	Ortholog	1	mapped
ATP2A2	ATP2A2	488	official_symbol				0	no_zebrafish_ortholog
CAMK2B	CAMK2B	816	official_symbol				0	no_zebrafish_ortholog
CAMK2G	CAMK2G	818	official_symbol	camk2g2	793359	Ortholog	1	mapped
GTF2IRD1	GTF2IRD1	9569	official_symbol	gtf2ird1	81597	Ortholog	1	mapped
IGFBP5	IGFBP5	3488	official_symbol	igfbp5b	403039	Ortholog	1	mapped
MIR208B	MIR208B	100126336	official_symbol				0	no_zebrafish_ortholog
MIR499A	MIR499A	574501	official_symbol				0	no_zebrafish_ortholog
MYH7	MYH7	4625	official_symbol				0	no_zebrafish_ortholog
PPP3CA	PPP3CA	5530	official_symbol	ppp3ca	794574	Ortholog	1	mapped
TNNC1	TNNC1	7134	official_symbol				0	no_zebrafish_ortholog
TNNI1	TNNI1	7135	official_symbol				0	no_zebrafish_ortholog
TNNT1	TNNT1	7138	official_symbol	tnnt1	558627	Ortholog	1	mapped
DDX17	DDX17	10521	official_symbol				0	no_zebrafish_ortholog
DDX5	DDX5	1655	official_symbol	ddx5	322206	Ortholog	1	mapped
KLHL41	KLHL41	10324	official_symbol				0	no_zebrafish_ortholog
NLN	NLN	57486	official_symbol				0	no_zebrafish_ortholog
NR1D2	NR1D2	9975	official_symbol	nr1d2b	30271	Ortholog	1	mapped
SIX1	SIX1	6495	official_symbol				0	no_zebrafish_ortholog
UQCC2	UQCC2	84300	official_symbol	uqcc2	393731	Ortholog	1	mapped
ANGPT1	ANGPT1	284	official_symbol				0	no_zebrafish_ortholog
CFLAR	CFLAR	8837	official_symbol				0	no_zebrafish_ortholog
FGF2	FGF2	2247	official_symbol	fgf2	404231	Ortholog	1	mapped
JAK2	JAK2	3717	official_symbol				0	no_zebrafish_ortholog
PAXBP1	PAXBP1	94104	official_symbol	paxbp1	563266	Ortholog	1	mapped
SELENON	SELENON	57190	official_symbol	selenon	352914	Ortholog	1	mapped
SHH	SHH	6469	official_symbol	shha	30269	Ortholog	1	mapped
SIX5	SIX5	147912	official_symbol				0	no_zebrafish_ortholog
STAT3	STAT3	6774	official_symbol	stat3	30767	Ortholog	1	mapped
ADGRD1	ADGRD1	283383	official_symbol	adgrd1	791731	Ortholog	1	mapped
ATP2A1	ATP2A1	487	official_symbol	atp2a1	260440	Ortholog	1	mapped
C12orf57	C12orf57	113246	official_symbol	grcc10	323559	Ortholog	1	mapped
CASQ1	CASQ1	844	official_symbol				0	no_zebrafish_ortholog
CAV3	CAV3	859	official_symbol	cav3	449679	Ortholog	1	mapped
DMD	DMD	1756	official_symbol	dmd	83773	Ortholog	1	mapped
DMPK	DMPK	1760	official_symbol	dmpk	101886625	Ortholog	1	mapped
FKBP1A	FKBP1A	2280	official_symbol				0	no_zebrafish_ortholog
GNAS	GNAS	2778	official_symbol	gnas	557353	Ortholog	1	mapped
GSTM2	GSTM2	2946	official_symbol				0	no_zebrafish_ortholog
GSTO1	GSTO1	9446	official_symbol	gsto1	436894	Ortholog	1	mapped
KBTBD13	KBTBD13	390594	official_symbol	kbtbd13a	797244	Ortholog	1	mapped
KCNJ2	KCNJ2	3759	official_symbol				0	no_zebrafish_ortholog
PRKD1	PRKD1	5587	official_symbol	prkd1	557123	Ortholog	1	mapped
REM1	REM1	28954	official_symbol				0	no_zebrafish_ortholog
SCN4A	SCN4A	6329	official_symbol				0	no_zebrafish_ortholog
SLC8A3	SLC8A3	6547	official_symbol	slc8a3	560561	Ortholog	1	mapped
STRIT1	STRIT1	100507537	official_symbol				0	no_zebrafish_ortholog
FBXO22	FBXO22	26263	official_symbol	fbxo22	556909	Ortholog	1	mapped
HDAC9	HDAC9	9734	official_symbol				0	no_zebrafish_ortholog
CDON	CDON	50937	official_symbol	cdon	280652	Ortholog	1	mapped
CTNNB1	CTNNB1	1499	official_symbol				0	no_zebrafish_ortholog
MEGF10	MEGF10	84466	official_symbol	megf10	564571	Ortholog	1	mapped
PRKAA1	PRKAA1	5562	official_symbol	prkaa1	100001198	Ortholog	1	mapped
TGFB1	TGFB1	7040	official_symbol				0	no_zebrafish_ortholog
TWIST1	TWIST1	7291	official_symbol	twist1a	30175	Ortholog	1	mapped
USP19	USP19	10869	official_symbol	usp19	324335	Ortholog	1	mapped
WNT10B	WNT10B	7480	official_symbol	wnt10b	30308	Ortholog	1	mapped
WNT3A	WNT3A	89780	official_symbol	wnt3a	60632	Ortholog	1	mapped
YBX3	YBX3	8531	official_symbol				0	no_zebrafish_ortholog
TLL2	TLL2	7093	official_symbol				0	no_zebrafish_ortholog
GJD4	GJD4	219770	official_symbol	gjd4	795763	Ortholog	1	mapped
MYOZ1	MYOZ1	58529	official_symbol	myoz1a	572909	Ortholog	1	mapped
P2RX5	P2RX5	5026	official_symbol				0	no_zebrafish_ortholog
SPAAR	SPAAR	158376	official_symbol				0	no_zebrafish_ortholog
KPNA1	KPNA1	3836	official_symbol	kpna1	572542	Ortholog	1	mapped
XIRP1	XIRP1	165904	official_symbol	xirp1	497637	Ortholog	1	mapped
COLQ	COLQ	8292	official_symbol	colq	101886065	Ortholog	1	mapped
DNAJA3	DNAJA3	9093	official_symbol	dnaja3a	335894	Ortholog	1	mapped
DVL1	DVL1	1855	official_symbol				0	no_zebrafish_ortholog
ETV5	ETV5	2119	official_symbol	etv5a	337626	Ortholog	1	mapped
FNTA	FNTA	2339	official_symbol	fnta	555882	Ortholog	1	mapped
MUSK	MUSK	4593	official_symbol	musk	334526	Ortholog	1	mapped
RAPSN	RAPSN	5913	official_symbol	rapsn	352942	Ortholog	1	mapped
RER1	RER1	11079	official_symbol	rer1	393648	Ortholog	1	mapped
ASB2	ASB2	51676	official_symbol				0	no_zebrafish_ortholog
MYOC	MYOC	4653	official_symbol	myoc	548602	Ortholog	1	mapped
MYOZ2	MYOZ2	51778	official_symbol	myoz2b	393828	Ortholog	1	mapped
TRIM63	TRIM63	84676	official_symbol				0	no_zebrafish_ortholog
ANKRD1	ANKRD1	27063	official_symbol				0	no_zebrafish_ortholog
ANKRD33	ANKRD33	341405	official_symbol				0	no_zebrafish_ortholog
ATF3	ATF3	467	official_symbol	atf3	393939	Ortholog	1	mapped
B4GALNT2	B4GALNT2	124872	official_symbol				0	no_zebrafish_ortholog
BCL9L	BCL9L	283149	official_symbol	bcl9l	449532	Ortholog	1	mapped
BTG2	BTG2	7832	official_symbol	btg2	30079	Ortholog	1	mapped
CITED2	CITED2	10370	official_symbol	cited2	450024	Ortholog	1	mapped
COL6A1	COL6A1	1291	official_symbol	col6a1	569755	Ortholog	1	mapped
COPS2	COPS2	9318	official_symbol	cops2	415145	Ortholog	1	mapped
DMRTA2	DMRTA2	63950	official_symbol	dmrta2	474350	Ortholog	1	mapped
EEF2	EEF2	1938	official_symbol				0	no_zebrafish_ortholog
EGR1	EGR1	1958	official_symbol	egr1	30498	Ortholog	1	mapped
EGR2	EGR2	1959	official_symbol	egr2b	30190	Ortholog	1	mapped
EMD	EMD	2010	official_symbol				0	no_zebrafish_ortholog
EOMES	EOMES	8320	official_symbol	eomesb	799447	Ortholog	1	mapped
FKRP	FKRP	79147	official_symbol	fkrp	571426	Ortholog	1	mapped
FKTN	FKTN	2218	official_symbol	fktn	100006345	Ortholog	1	mapped
FOS	FOS	2353	official_symbol	fosab	394198	Ortholog	1	mapped
FOXN2	FOXN2	3344	official_symbol				0	no_zebrafish_ortholog
GTF3C5	GTF3C5	9328	official_symbol	gtf3c5	565198	Ortholog	1	mapped
HEYL	HEYL	26508	official_symbol	heyl	335134	Ortholog	1	mapped
HIVEP3	HIVEP3	59269	official_symbol				0	no_zebrafish_ortholog
HLF	HLF	3131	official_symbol	hlfa	768192	Ortholog	1	mapped
HMG20B	HMG20B	10362	official_symbol	hmg20b	553572	Ortholog	1	mapped
KLHL40	KLHL40	131377	official_symbol				0	no_zebrafish_ortholog
LEMD2	LEMD2	221496	official_symbol				0	no_zebrafish_ortholog
MAFF	MAFF	23764	official_symbol				0	no_zebrafish_ortholog
MED20	MED20	9477	official_symbol	med20	445191	Ortholog	1	mapped
MYC	MYC	4609	official_symbol				0	no_zebrafish_ortholog
MYLK2	MYLK2	85366	official_symbol				0	no_zebrafish_ortholog
NOTCH1	NOTCH1	4851	official_symbol	notch1b	794892	Ortholog	1	mapped
NR4A1	NR4A1	3164	official_symbol				0	no_zebrafish_ortholog
NUPR1	NUPR1	26471	official_symbol	nupr1b	799637	Ortholog	1	mapped
PAX5	PAX5	5079	official_symbol	pax5	60636	Ortholog	1	mapped
PAX7	PAX7	5081	official_symbol				0	no_zebrafish_ortholog
PHOX2B	PHOX2B	8929	official_symbol				0	no_zebrafish_ortholog
PPIF	PPIF	10105	official_symbol				0	no_zebrafish_ortholog
RB1	RB1	5925	official_symbol	rb1	777733	Ortholog	1	mapped
SAP30	SAP30	8819	official_symbol				0	no_zebrafish_ortholog
SCX	SCX	642658	official_symbol	scxa	100034489	Ortholog	1	mapped
SMYD1	SMYD1	150572	official_symbol				0	no_zebrafish_ortholog
SOX11	SOX11	6664	official_symbol	sox11a	30602	Ortholog	1	mapped
SOX8	SOX8	30812	official_symbol				0	no_zebrafish_ortholog
VAX1	VAX1	11023	official_symbol	vax1	373870	Ortholog	1	mapped
DSN1	DSN1	79980	official_symbol	dsn1	100002916	Ortholog	1	mapped
NDC80	NDC80	10403	official_symbol	ndc80	445386	Ortholog	1	mapped
SUGT1	SUGT1	10910	official_symbol	sugt1	492489	Ortholog	1	mapped
ATP8A2	ATP8A2	51761	official_symbol	atp8a2	100330943	Ortholog	1	mapped
CA3	CA3	761	official_symbol				0	no_zebrafish_ortholog
CCDC78	CCDC78	124093	official_symbol	ccdc78	100150366	Ortholog	1	mapped
CHRNA1	CHRNA1	1134	official_symbol	chrna1	30725	Ortholog	1	mapped
CHRNB1	CHRNB1	1140	official_symbol	chrnb1	100006941	Ortholog	1	mapped
CHRND	CHRND	1144	official_symbol	chrnd	404273	Ortholog	1	mapped
CHRNE	CHRNE	1145	official_symbol				0	no_zebrafish_ortholog
CHRNG	CHRNG	1146	official_symbol				0	no_zebrafish_ortholog
DDIT3	DDIT3	1649	official_symbol	ddit3	561924	Ortholog	1	mapped
GAA	GAA	2548	official_symbol	gaa	100002366	Ortholog	1	mapped
HOMER1	HOMER1	9456	official_symbol				0	no_zebrafish_ortholog
HSP90AA1	HSP90AA1	3320	official_symbol				0	no_zebrafish_ortholog
JSRP1	JSRP1	126306	official_symbol				0	no_zebrafish_ortholog
MB	MB	4151	official_symbol	mb	393558	Ortholog	1	mapped
MYH14	MYH14	79784	official_symbol				0	no_zebrafish_ortholog
MYH3	MYH3	4621	official_symbol				0	no_zebrafish_ortholog
MYH8	MYH8	4626	official_symbol				0	no_zebrafish_ortholog
PVALEF	PVALEF	388428	official_symbol				0	no_zebrafish_ortholog
RCSD1	RCSD1	92241	official_symbol				0	no_zebrafish_ortholog
STAC	STAC	6769	official_symbol	stac	100005402	Ortholog	1	mapped
STAC2	STAC2	342667	official_symbol				0	no_zebrafish_ortholog
STAC3	STAC3	246329	official_symbol	stac3	445111	Ortholog	1	mapped
SYNM	SYNM	23336	official_symbol	synm	558800	Ortholog	1	mapped
TCAP	TCAP	8557	official_symbol				0	no_zebrafish_ortholog
TNF	TNF	7124	official_symbol				0	no_zebrafish_ortholog
TNNC2	TNNC2	7125	official_symbol				0	no_zebrafish_ortholog
TNNI2	TNNI2	7136	official_symbol				0	no_zebrafish_ortholog
TNNI3	TNNI3	7137	official_symbol				0	no_zebrafish_ortholog
TNNT3	TNNT3	7140	official_symbol	tnnt3b	100003572	Ortholog	1	mapped
TTN	TTN	7273	official_symbol				0	no_zebrafish_ortholog
ABCC9	ABCC9	10060	official_symbol	abcc9	561160	Ortholog	1	mapped
ACTA1	ACTA1	58	official_symbol	acta1b	407658	Ortholog	1	mapped
ARRDC2	ARRDC2	27106	official_symbol	arrdc2	335206	Ortholog	1	mapped
ASNSD1	ASNSD1	54529	official_symbol	asnsd1	368827	Ortholog	1	mapped
ASS1	ASS1	445	official_symbol	ass1	447864	Ortholog	1	mapped
BASP1	BASP1	10409	official_symbol	basp1	569631	Ortholog	1	mapped
BIN3	BIN3	55909	official_symbol	bin3	323976	Ortholog	1	mapped
CAV1	CAV1	857	official_symbol	cav1	323695	Ortholog	1	mapped
CAV2	CAV2	858	official_symbol	cav2	415240	Ortholog	1	mapped
CCNT2	CCNT2	905	official_symbol				0	no_zebrafish_ortholog
CDK5	CDK5	1020	official_symbol	cdk5	65234	Ortholog	1	mapped
CFL2	CFL2	1073	official_symbol	cfl2	403001	Ortholog	1	mapped
CNTFR	CNTFR	1271	official_symbol	cntfr	368438	Ortholog	1	mapped
CNTNAP1	CNTNAP1	8506	official_symbol	cntnap1	566220	Ortholog	1	mapped
COL19A1	COL19A1	1310	official_symbol	col19a1	571468	Ortholog	1	mapped
CSRP3	CSRP3	8048	official_symbol	csrp3	450005	Ortholog	1	mapped
DES	DES	1674	official_symbol				0	no_zebrafish_ortholog
DISP1	DISP1	84976	official_symbol	disp1	619201	Ortholog	1	mapped
DNER	DNER	92737	official_symbol	dner	100332110	Ortholog	1	mapped
ELN	ELN	2006	official_symbol	elna	790915	Ortholog	1	mapped
EP300	EP300	2033	official_symbol				0	no_zebrafish_ortholog
ERO1A	ERO1A	30001	official_symbol	ero1a	393321	Ortholog	1	mapped
FER1L6	FER1L6	654463	official_symbol	fer1l6	100535460	Ortholog	1	mapped
FGFRL1	FGFRL1	53834	official_symbol	fgfrl1a	393347	Ortholog	1	mapped
FLNB	FLNB	2317	official_symbol	flnbb	563023	Ortholog	1	mapped
FOXP2	FOXP2	93986	official_symbol	foxp2	555242	Ortholog	1	mapped
FXR1	FXR1	8087	official_symbol	fxr1	327220	Ortholog	1	mapped
GMPPA	GMPPA	29926	official_symbol				0	no_zebrafish_ortholog
GPCPD1	GPCPD1	56261	official_symbol	gpcpd1	492483	Ortholog	1	mapped
GPX1	GPX1	2876	official_symbol	gpx1a	352926	Ortholog	1	mapped
HLX	HLX	3142	official_symbol	hlx1	327096	Ortholog	1	mapped
HOXD10	HOXD10	3236	official_symbol	hoxd10a	30404	Ortholog	1	mapped
HOXD9	HOXD9	3235	official_symbol	hoxd9a	30350	Ortholog	1	mapped
HSD17B1	HSD17B1	3292	official_symbol	hsd17b1	402842	Ortholog	1	mapped
IGSF8	IGSF8	93185	official_symbol	igsf8	404631	Ortholog	1	mapped
KEL	KEL	3792	official_symbol				0	no_zebrafish_ortholog
MAPK14	MAPK14	1432	official_symbol				0	no_zebrafish_ortholog
MEOX2	MEOX2	4223	official_symbol	meox2a	556898	Ortholog	1	mapped
METTL21C	METTL21C	196541	official_symbol				0	no_zebrafish_ortholog
MSC	MSC	9242	official_symbol	msc	556396	Ortholog	1	mapped
MYL11	MYL11	29895	official_symbol				0	no_zebrafish_ortholog
MYL3	MYL3	4634	official_symbol				0	no_zebrafish_ortholog
MYL6	MYL6	4637	official_symbol				0	no_zebrafish_ortholog
MYL6B	MYL6B	140465	official_symbol				0	no_zebrafish_ortholog
MYORG	MYORG	57462	official_symbol	myorg	100537539	Ortholog	1	mapped
NEGR1	NEGR1	257194	official_symbol	negr1	445374	Ortholog	1	mapped
NEURL1	NEURL1	9148	official_symbol	neurl1aa	561943	Ortholog	1	mapped
NF1	NF1	4763	official_symbol				0	no_zebrafish_ortholog
NPHS1	NPHS1	4868	official_symbol	nphs1	692352	Ortholog	1	mapped
NR2F2	NR2F2	7026	official_symbol	nr2f2	30424	Ortholog	1	mapped
P2RX2	P2RX2	22953	official_symbol				0	no_zebrafish_ortholog
PITX1	PITX1	5307	official_symbol	pitx1	678598	Ortholog	1	mapped
PLEC	PLEC	5339	official_symbol	pleca	567639	Ortholog	1	mapped
POPDC1	POPDC1	11149	official_symbol	popdc1	415107	Ortholog	1	mapped
POPDC2	POPDC2	64091	official_symbol	popdc2	793666	Ortholog	1	mapped
POPDC3	POPDC3	64208	official_symbol	popdc3	415108	Ortholog	1	mapped
PPP3CB	PPP3CB	5532	official_symbol				0	no_zebrafish_ortholog
RCAN1	RCAN1	1827	official_symbol				0	no_zebrafish_ortholog
RHOA	RHOA	387	official_symbol				0	no_zebrafish_ortholog
RTL1	RTL1	388015	official_symbol				0	no_zebrafish_ortholog
RYR1	RYR1	6261	official_symbol				0	no_zebrafish_ortholog
SCN11A	SCN11A	11280	official_symbol				0	no_zebrafish_ortholog
SKI	SKI	6497	official_symbol				0	no_zebrafish_ortholog
SKIL	SKIL	6498	official_symbol	skilb	100170835	Ortholog	1	mapped
SMO	SMO	6608	official_symbol	smo	30225	Ortholog	1	mapped
SPG11	SPG11	80208	official_symbol	spg11	793551	Ortholog	1	mapped
SRPK3	SRPK3	26576	official_symbol				0	no_zebrafish_ortholog
STRA6	STRA6	64220	official_symbol	stra6	724007	Ortholog	1	mapped
SVIL	SVIL	6840	official_symbol	svila	30112	Ortholog	1	mapped
TCF21	TCF21	6943	official_symbol	tcf21	558148	Ortholog	1	mapped
VAMP5	VAMP5	10791	official_symbol				0	no_zebrafish_ortholog
VGLL2	VGLL2	245806	official_symbol	vgll2a	556856	Ortholog	1	mapped
VPS54	VPS54	51542	official_symbol	vps54	562169	Ortholog	1	mapped
VRK3	VRK3	51231	official_symbol	vrk3	541443	Ortholog	1	mapped
WT1	WT1	7490	official_symbol	wt1a	30245	Ortholog	1	mapped
XK	XK	7504	official_symbol				0	no_zebrafish_ortholog
ZBTB18	ZBTB18	10472	official_symbol	zbtb18	100003157	Ortholog	1	mapped
WNT7A	WNT7A	7476	official_symbol	wnt7aa	565714	Ortholog	1	mapped
EZH2	EZH2	2146	official_symbol	ezh2	768133	Ortholog	1	mapped
FZD7	FZD7	8324	official_symbol				0	no_zebrafish_ortholog
IGF1	IGF1	3479	official_symbol	igf1	114433	Ortholog	1	mapped
ACTC1	ACTC1	70	official_symbol	actc1a	408256	Ortholog	1	mapped
PROX1	PROX1	5629	official_symbol	prox1a	30679	Ortholog	1	mapped
ANXA1	ANXA1	301	official_symbol	anxa1a	334724	Ortholog	1	mapped
EYS	EYS	346007	official_symbol	eys	557044	Ortholog	1	mapped
HDGFL2	HDGFL2	84717	official_symbol	hdgfl2	80965	Ortholog	1	mapped
IFRD1	IFRD1	3475	official_symbol				0	no_zebrafish_ortholog
TARBP2	TARBP2	6895	official_symbol	tarbp2	336141	Ortholog	1	mapped
MYH11	MYH11	4629	official_symbol	myh11b	566080	Ortholog	1	mapped
AARS2	AARS2	57505	official_symbol	aars2	792787	Ortholog	1	mapped
ACTN2	ACTN2	88	official_symbol				0	no_zebrafish_ortholog
ADGRG6	ADGRG6	57211	official_symbol	adgrg6	561970	Ortholog	1	mapped
AHCY	AHCY	191	official_symbol	ahcy	387530	Ortholog	1	mapped
AIFM1	AIFM1	9131	official_symbol	aifm1	373125	Ortholog	1	mapped
ALDOA	ALDOA	226	official_symbol	aldoaa	336425	Ortholog	1	mapped
ALG2	ALG2	85365	official_symbol	alg2	403068	Ortholog	1	mapped
ANO5	ANO5	203859	official_symbol	ano5a	100534737	Ortholog	1	mapped
ANXA11	ANXA11	311	official_symbol				0	no_zebrafish_ortholog
ASCC1	ASCC1	51008	official_symbol	ascc1	550273	Ortholog	1	mapped
CAVIN1	CAVIN1	284119	official_symbol	cavin1a	557070	Ortholog	1	mapped
CCDC174	CCDC174	51244	official_symbol	ccdc174	541361	Ortholog	1	mapped
CLCN6	CLCN6	1185	official_symbol	clcn6	568122	Ortholog	1	mapped
COL12A1	COL12A1	1303	official_symbol				0	no_zebrafish_ortholog
COL13A1	COL13A1	1305	official_symbol				0	no_zebrafish_ortholog
COL6A2	COL6A2	1292	official_symbol	col6a2	567771	Ortholog	1	mapped
COL6A3	COL6A3	1293	official_symbol	col6a3	556874	Ortholog	1	mapped
COQ7	COQ7	10229	official_symbol	coq7	559504	Ortholog	1	mapped
CRYAB	CRYAB	1410	official_symbol				0	no_zebrafish_ortholog
CTBP1	CTBP1	1487	official_symbol	ctbp1	678649	Ortholog	1	mapped
DNAJB6	DNAJB6	10049	official_symbol	dnajb6b	393275	Ortholog	1	mapped
DPM3	DPM3	54344	official_symbol	dpm3	393782	Ortholog	1	mapped
DTNA	DTNA	1837	official_symbol	dtna	794932	Ortholog	1	mapped
DYSF	DYSF	8291	official_symbol	dysf	560924	Ortholog	1	mapped
FDXR	FDXR	2232	official_symbol	fdxr	100536115	Ortholog	1	mapped
FHL1	FHL1	2273	official_symbol				0	no_zebrafish_ortholog
GARS1	GARS1	2617	official_symbol	gars1	337230	Ortholog	1	mapped
GIPC1	GIPC1	10755	official_symbol				0	no_zebrafish_ortholog
GNE	GNE	10020	official_symbol	gne	393857	Ortholog	1	mapped
HNRNPA1	HNRNPA1	3178	official_symbol				0	no_zebrafish_ortholog
HNRNPA2B1	HNRNPA2B1	3181	official_symbol				0	no_zebrafish_ortholog
HPDL	HPDL	84842	official_symbol	hpdl	560428	Ortholog	1	mapped
HSPB8	HSPB8	26353	official_symbol	hspb8	791580	Ortholog	1	mapped
ISCU	ISCU	23479	official_symbol	iscua	445238	Ortholog	1	mapped
ITGA7	ITGA7	3679	official_symbol	itga7	100006255	Ortholog	1	mapped
JAG2	JAG2	3714	official_symbol	jag2b	140422	Ortholog	1	mapped
KIF5A	KIF5A	3798	official_symbol	kif5ab	799274	Ortholog	1	mapped
KY	KY	339855	official_symbol	ky	795191	Ortholog	1	mapped
LAMA2	LAMA2	3908	official_symbol	lama2	100049705	Ortholog	1	mapped
LMNA	LMNA	4000	official_symbol	lmna	195815	Ortholog	1	mapped
LRP12	LRP12	29967	official_symbol	lrp12	100034487	Ortholog	1	mapped
LYRM4	LYRM4	57128	official_symbol	lyrm4b	103909737	Ortholog	1	mapped
MAP3K20	MAP3K20	51776	official_symbol	map3k20a	559247	Ortholog	1	mapped
MATR3	MATR3	9782	official_symbol				0	no_zebrafish_ortholog
MFN2	MFN2	9927	official_symbol	mfn2	567448	Ortholog	1	mapped
MICU1	MICU1	10367	official_symbol	micu1	561210	Ortholog	1	mapped
MIPEP	MIPEP	4285	official_symbol				0	no_zebrafish_ortholog
MLIP	MLIP	90523	official_symbol	mlip	492702	Ortholog	1	mapped
MSTO1	MSTO1	55154	official_symbol	msto1	334306	Ortholog	1	mapped
MYH2	MYH2	4620	official_symbol				0	no_zebrafish_ortholog
MYL1	MYL1	4632	official_symbol				0	no_zebrafish_ortholog
MYL2	MYL2	4633	official_symbol				0	no_zebrafish_ortholog
MYOT	MYOT	9499	official_symbol				0	no_zebrafish_ortholog
MYPN	MYPN	84665	official_symbol	mypn	571695	Ortholog	1	mapped
NDUFA4	COXFA4P1	360165	synonym				0	no_zebrafish_ortholog
NDUFA4	COXFA4	4697	synonym				0	no_zebrafish_ortholog
NEB	NEB	4703	official_symbol	neb	566928	Ortholog	1	mapped
NEFH	NEFH	4744	official_symbol				0	no_zebrafish_ortholog
NEK9	NEK9	91754	official_symbol	nek9	100334361	Ortholog	1	mapped
NOTCH2NLC	NOTCH2NLC	100996717	official_symbol				0	no_zebrafish_ortholog
OBSCN	OBSCN	84033	official_symbol	obscnb	572412	Ortholog	1	mapped
OPA1	OPA1	4976	official_symbol	opa1	492332	Ortholog	1	mapped
ORAI1	ORAI1	84876	official_symbol				0	no_zebrafish_ortholog
PFKM	PFKM	5213	official_symbol	pfkma	447836	Ortholog	1	mapped
POLG	POLG	5428	official_symbol	polg	100150924	Ortholog	1	mapped
POMGNT1	POMGNT1	55624	official_symbol	pomgnt1	571876	Ortholog	1	mapped
POMT1	POMT1	10585	official_symbol	pomt1	569769	Ortholog	1	mapped
POMT2	POMT2	29954	official_symbol	pomt2	563878	Ortholog	1	mapped
PPARG	PPARG	5468	official_symbol	pparg	557037	Ortholog	1	mapped
RFC4	RFC4	5984	official_symbol	rfc4	406435	Ortholog	1	mapped
RILPL1	RILPL1	353116	official_symbol	rilpl1	780843	Ortholog	1	mapped
RYR3	RYR3	6263	official_symbol	ryr3	561350	Ortholog	1	mapped
SCO2	SCO2	9997	official_symbol	sco2	606683	Ortholog	1	mapped
SGCA	SGCA	6442	official_symbol				0	no_zebrafish_ortholog
SGCB	SGCB	6443	official_symbol	sgcb	559788	Ortholog	1	mapped
SGCG	SGCG	6445	official_symbol	sgcg	445292	Ortholog	1	mapped
SLC25A12	SLC25A12	8604	official_symbol	slc25a12	337675	Ortholog	1	mapped
SMN1	SMN1	6606	official_symbol				0	no_zebrafish_ortholog
SMPX	SMPX	23676	official_symbol	smpx	431732	Ortholog	1	mapped
SQSTM1	SQSTM1	8878	official_symbol	sqstm1	406452	Ortholog	1	mapped
STIM1	STIM1	6786	official_symbol	stim1b	100005700	Ortholog	1	mapped
SUCLG1	SUCLG1	8802	official_symbol	suclg1	436850	Ortholog	1	mapped
SYNE1	SYNE1	23345	official_symbol	syne1b	567576	Ortholog	1	mapped
SYNE2	SYNE2	23224	official_symbol				0	no_zebrafish_ortholog
SYT2	SYT2	127833	official_symbol				0	no_zebrafish_ortholog
TAMM41	TAMM41	132001	official_symbol	tamm41	641323	Ortholog	1	mapped
TBCK	TBCK	93627	official_symbol	tbck	791155	Ortholog	1	mapped
THOC2	THOC2	57187	official_symbol	thoc2	368417	Ortholog	1	mapped
TMEM43	TMEM43	79188	official_symbol	tmem43	406520	Ortholog	1	mapped
TOR1AIP1	TOR1AIP1	26092	official_symbol				0	no_zebrafish_ortholog
TPM2	TPM2	7169	official_symbol				0	no_zebrafish_ortholog
TPM3	TPM3	7170	official_symbol				0	no_zebrafish_ortholog
TRIM32	TRIM32	22954	official_symbol	trim32	562764	Ortholog	1	mapped
TRIP4	TRIP4	9325	official_symbol	trip4	568585	Ortholog	1	mapped
TWNK	TWNK	56652	official_symbol	twnk	100330448	Ortholog	1	mapped
UNC45B	UNC45B	146862	official_symbol	unc45b	266640	Ortholog	1	mapped
VCP	VCP	7415	official_symbol	vcp	327197	Ortholog	1	mapped
VRK1	VRK1	7443	official_symbol	vrk1	406694	Ortholog	1	mapped
YME1L1	YME1L1	10730	official_symbol	yme1l1b	557907	Ortholog	1	mapped
CAMKMT	CAMKMT	79823	official_symbol	camkmt	796749	Ortholog	1	mapped
CYP27A1	CYP27A1	1593	official_symbol				0	no_zebrafish_ortholog
DNAJC30	DNAJC30	84277	official_symbol				0	no_zebrafish_ortholog
MT-ATP6			not_found				0	human_gene_not_found
MT-CO1			not_found				0	human_gene_not_found
MT-CO3			not_found				0	human_gene_not_found
MT-CYB			not_found				0	human_gene_not_found
MT-ND1			not_found				0	human_gene_not_found
MT-ND2			not_found				0	human_gene_not_found
MT-ND4			not_found				0	human_gene_not_found
MT-ND4L			not_found				0	human_gene_not_found
MT-ND5			not_found				0	human_gene_not_found
MT-ND6			not_found				0	human_gene_not_found
NDUFS2	NDUFS2	4720	official_symbol	ndufs2	553672	Ortholog	1	mapped
PNPT1	PNPT1	87178	official_symbol	pnpt1	100750260	Ortholog	1	mapped
PPM1B	PPM1B	5495	official_symbol	ppm1ba	30672	Ortholog	1	mapped
PREPL	PREPL	9581	official_symbol	prepl	796680	Ortholog	1	mapped
SLC3A1	SLC3A1	6519	official_symbol	slc3a1	557757	Ortholog	1	mapped
TRMU	TRMU	55687	official_symbol	trmu	553625	Ortholog	1	mapped
AGRN	AGRN	375790	official_symbol	agrn	565373	Ortholog	1	mapped
ALG14	ALG14	199857	official_symbol	alg14	450072	Ortholog	1	mapped
ALS2	ALS2	57679	official_symbol	als2b	100318899	Ortholog	1	mapped
BAG3	BAG3	9531	official_symbol	bag3	445139	Ortholog	1	mapped
CHAT	CHAT	1103	official_symbol	chata	100170938	Ortholog	1	mapped
CNBP	CNBP	7555	official_symbol	cnbpb	335839	Ortholog	1	mapped
CPT2	CPT2	1376	official_symbol	cpt2	100005717	Ortholog	1	mapped
FUS	FUS	2521	official_symbol	fus	394058	Ortholog	1	mapped
GFPT1	GFPT1	2673	official_symbol				0	no_zebrafish_ortholog
GOLGA2	GOLGA2	2801	official_symbol	golga2	565431	Ortholog	1	mapped
HACD1	HACD1	9200	official_symbol				0	no_zebrafish_ortholog
HEXB	HEXB	3074	official_symbol	hexb	323613	Ortholog	1	mapped
HNRNPK	HNRNPK	3190	official_symbol	hnrnpk	406267	Ortholog	1	mapped
IFIH1	IFIH1	64135	official_symbol	ifih1	565759	Ortholog	1	mapped
LAMB2	LAMB2	3913	official_symbol	lamb2	337767	Ortholog	1	mapped
LPIN1	LPIN1	23175	official_symbol	lpin1a	799099	Ortholog	1	mapped
MYO9A	MYO9A	4649	official_symbol	myo9aa	100006612	Ortholog	1	mapped
PLOD1	PLOD1	5351	official_symbol	plod1a	777635	Ortholog	1	mapped
RRM1	RRM1	6240	official_symbol	rrm1	30740	Ortholog	1	mapped
SARS2	SARS2	54938	official_symbol	sars2	394154	Ortholog	1	mapped
SIGMAR1	SIGMAR1	10280	official_symbol	sigmar1	393952	Ortholog	1	mapped
SLC18A3	SLC18A3	6572	official_symbol				0	no_zebrafish_ortholog
SLC25A1	SLC25A1	6576	official_symbol				0	no_zebrafish_ortholog
SLC5A7	SLC5A7	60482	official_symbol				0	no_zebrafish_ortholog
SNAP25	SNAP25	6616	official_symbol	snap25a	30712	Ortholog	1	mapped
SPTBN4	SPTBN4	57731	official_symbol	sptbn4b	100148730	Ortholog	1	mapped
SPTLC1	SPTLC1	10558	official_symbol	sptlc1	553981	Ortholog	1	mapped
TK2	TK2	7084	official_symbol	tk2	437016	Ortholog	1	mapped
TOP3A	TOP3A	7156	official_symbol	top3a	560212	Ortholog	1	mapped
TRAPPC11	TRAPPC11	60684	official_symbol	trappc11	323003	Ortholog	1	mapped
VAMP1	VAMP1	6843	official_symbol				0	no_zebrafish_ortholog
VPS13A	VPS13A	23230	official_symbol	vps13a	378837	Ortholog	1	mapped
DHX16	DHX16	8449	official_symbol	dhx16	336645	Ortholog	1	mapped
PHKA1	PHKA1	5255	official_symbol	phka1a	572183	Ortholog	1	mapped
VMA21	VMA21	203547	official_symbol	vma21	100307085	Ortholog	1	mapped
AAAS	AAAS	8086	official_symbol	aaas	378454	Ortholog	1	mapped
AARS1	AARS1	16	official_symbol	aars1	324940	Ortholog	1	mapped
ABCA1	ABCA1	19	official_symbol				0	no_zebrafish_ortholog
ABCA2	ABCA2	20	official_symbol	abca2	100006090	Ortholog	1	mapped
ABCB6	ABCB6	10058	official_symbol	abcb6a	564067	Ortholog	1	mapped
ABCC8	ABCC8	6833	official_symbol	abcc8	553281	Ortholog	1	mapped
ABCD1	ABCD1	215	official_symbol	abcd1	566367	Ortholog	1	mapped
ABCD3	ABCD3	5825	official_symbol	abcd3a	406803	Ortholog	1	mapped
ABHD16A	ABHD16A	7920	official_symbol	abhd16a	564613	Ortholog	1	mapped
ABHD5	ABHD5	51099	official_symbol	abhd5a	566493	Ortholog	1	mapped
ACAD9	ACAD9	28976	official_symbol	acad9	724002	Ortholog	1	mapped
ACADM	ACADM	34	official_symbol	acadm	406283	Ortholog	1	mapped
ACADVL	ACADVL	37	official_symbol	acadvl	573723	Ortholog	1	mapped
ACBD5	ACBD5	91452	official_symbol	acbd5a	553674	Ortholog	1	mapped
ACOX1	ACOX1	51	official_symbol	acox1	449662	Ortholog	1	mapped
ACTL6B	ACTL6B	51412	official_symbol	actl6b	553775	Ortholog	1	mapped
ACY1	ACY1	95	official_symbol	acy1	393970	Ortholog	1	mapped
ADA2	ADA2	51816	official_symbol	ada2a	373884	Ortholog	1	mapped
ADAR	ADAR	103	official_symbol	adar	58119	Ortholog	1	mapped
ADCY5	ADCY5	111	official_symbol	adcy5	562619	Ortholog	1	mapped
ADCY6	ADCY6	112	official_symbol	adcy6a	570652	Ortholog	1	mapped
ADGRG1	ADGRG1	9289	official_symbol				0	no_zebrafish_ortholog
ADK	ADK	132	official_symbol				0	no_zebrafish_ortholog
ADNP	ADNP	23394	official_symbol	adnpb	100330315	Ortholog	1	mapped
ADPRS	ADPRS	54936	official_symbol	adprs	796446	Ortholog	1	mapped
ADSS1	ADSS1	122622	official_symbol	adss1	407989	Ortholog	1	mapped
AFG3L2	AFG3L2	10939	official_symbol	afg3l2	569168	Ortholog	1	mapped
AGK	AGK	55750	official_symbol	agk	334270	Ortholog	1	mapped
AGL	AGL	178	official_symbol	agla	567798	Ortholog	1	mapped
AGTPBP1	AGTPBP1	23287	official_symbol	agtpbp1	554164	Ortholog	1	mapped
AHDC1	AHDC1	27245	official_symbol	ahdc1	100536210	Ortholog	1	mapped
AK9	AK9	221264	official_symbol	ak9	557708	Ortholog	1	mapped
AKT1	AKT1	207	official_symbol	akt1	101910198	Ortholog	1	mapped
ALAD	ALAD	210	official_symbol	alad	550338	Ortholog	1	mapped
ALAS2	ALAS2	212	official_symbol				0	no_zebrafish_ortholog
ALDH18A1	ALDH18A1	5832	official_symbol	aldh18a1	557186	Ortholog	1	mapped
ALG13	ALG13	79868	official_symbol	alg13	557181	Ortholog	1	mapped
AMER1	AMER1	139285	official_symbol	amer1	100885784	Ortholog	1	mapped
AMPD1	AMPD1	270	official_symbol	ampd1	393867	Ortholog	1	mapped
AMPD3	AMPD3	272	official_symbol				0	no_zebrafish_ortholog
ANG	ANG	283	official_symbol				0	no_zebrafish_ortholog
ANK1	ANK1	286	official_symbol				0	no_zebrafish_ortholog
ANKH	ANKH	56172	official_symbol				0	no_zebrafish_ortholog
ANOS1	ANOS1	3730	official_symbol				0	no_zebrafish_ortholog
ANTXR1	ANTXR1	84168	official_symbol				0	no_zebrafish_ortholog
AP2S1	AP2S1	1175	official_symbol	ap2s1	100148085	Ortholog	1	mapped
AP3B2	AP3B2	8120	official_symbol	ap3b2	100000165	Ortholog	1	mapped
AP3D1	AP3D1	8943	official_symbol	ap3d1	563359	Ortholog	1	mapped
AP5Z1	AP5Z1	9907	official_symbol	ap5z1	100537934	Ortholog	1	mapped
APTX	APTX	54840	official_symbol	aptx	405797	Ortholog	1	mapped
AR	AR	367	official_symbol	ar	100005148	Ortholog	1	mapped
ARMC5	ARMC5	79798	official_symbol	armc5	569910	Ortholog	1	mapped
ARSA	ARSA	410	official_symbol	arsa	541416	Ortholog	1	mapped
ARX	ARX	170302	official_symbol	arxa	30657	Ortholog	1	mapped
ASAH1	ASAH1	427	official_symbol				0	no_zebrafish_ortholog
ASCC3	ASCC3	10973	official_symbol	ascc3	100332599	Ortholog	1	mapped
ASL	ASL	435	official_symbol	asl	393423	Ortholog	1	mapped
ASPA	ASPA	443	official_symbol	aspa	557232	Ortholog	1	mapped
ATG7	ATG7	10533	official_symbol	atg7	100333016	Ortholog	1	mapped
ATL1	ATL1	51062	official_symbol	atl1	571909	Ortholog	1	mapped
ATL3	ATL3	25923	official_symbol	atl3	449995	Ortholog	1	mapped
ATP13A2	ATP13A2	23400	official_symbol	atp13a2	568666	Ortholog	1	mapped
ATP13A3	ATP13A3	79572	official_symbol	atp13a3	572029	Ortholog	1	mapped
ATP1A1	ATP1A1	476	official_symbol				0	no_zebrafish_ortholog
ATP1A2	ATP1A2	477	official_symbol				0	no_zebrafish_ortholog
ATP1A3	ATP1A3	478	official_symbol				0	no_zebrafish_ortholog
ATP5F1A	ATP5F1A	498	official_symbol	atp5f1a	553755	Ortholog	1	mapped
ATP5F1D	ATP5F1D	513	official_symbol	atp5f1d	335709	Ortholog	1	mapped
ATP5F1E	ATP5F1E	514	official_symbol	atp5f1e	798291	Ortholog	1	mapped
ATP5MC3	ATP5MC3	518	official_symbol	atp5mc3a	394151	Ortholog	1	mapped
ATP5MK	ATP5MK	84833	official_symbol	atp5mk	794625	Ortholog	1	mapped
ATP6V1A	ATP6V1A	523	official_symbol	atp6v1ab	337583	Ortholog	1	mapped
ATP6V1E1	ATP6V1E1	529	official_symbol	atp6v1e1b	192335	Ortholog	1	mapped
ATP7A	ATP7A	538	official_symbol				0	no_zebrafish_ortholog
ATP7B	ATP7B	540	official_symbol	atp7b	556499	Ortholog	1	mapped
ATP9A	ATP9A	10079	official_symbol	atp9a	101886226	Ortholog	1	mapped
ATPAF2	ATPAF2	91647	official_symbol	atpaf2	560253	Ortholog	1	mapped
ATRX	ATRX	546	official_symbol	atrx	323299	Ortholog	1	mapped
ATXN1	ATXN1	6310	official_symbol	atxn1a	557340	Ortholog	1	mapped
ATXN2	ATXN2	6311	official_symbol	atxn2	569210	Ortholog	1	mapped
ATXN3	ATXN3	4287	official_symbol	atxn3	394079	Ortholog	1	mapped
ATXN7	ATXN7	6314	official_symbol	atxn7	100001490	Ortholog	1	mapped
B3GALNT2	B3GALNT2	148789	official_symbol	b3galnt2	553716	Ortholog	1	mapped
B4GALNT1	B4GALNT1	2583	official_symbol	b4galnt1b	793635	Ortholog	1	mapped
B4GAT1	B4GAT1	11041	official_symbol	b4gat1	101669768	Ortholog	1	mapped
BAP1	BAP1	8314	official_symbol	bap1	558885	Ortholog	1	mapped
BCOR	BCOR	54880	official_symbol	bcor	402921	Ortholog	1	mapped
BCS1L	BCS1L	617	official_symbol	bcs1l	394157	Ortholog	1	mapped
BET1	BET1	10282	official_symbol	bet1	415135	Ortholog	1	mapped
BICD2	BICD2	23299	official_symbol	bicd2a	100330881	Ortholog	1	mapped
BICRA	BICRA	29998	official_symbol	bicra	386775	Ortholog	1	mapped
BIN1	BIN1	274	official_symbol				0	no_zebrafish_ortholog
BMP6	BMP6	654	official_symbol	bmp6	503761	Ortholog	1	mapped
BMS1	BMS1	9790	official_symbol	bms1	553241	Ortholog	1	mapped
BOLA3	BOLA3	388962	official_symbol	bola3	445131	Ortholog	1	mapped
BORCS8	BORCS8	729991	official_symbol	borcs8	558180	Ortholog	1	mapped
BRAF	BRAF	673	official_symbol	braf	403065	Ortholog	1	mapped
BRCC3	BRCC3	79184	official_symbol	brcc3	100333845	Ortholog	1	mapped
BSCL2	BSCL2	26580	official_symbol	bscl2	567403	Ortholog	1	mapped
BSND	BSND	7809	official_symbol	bsnd	497323	Ortholog	1	mapped
BTD	BTD	686	official_symbol	btd	555376	Ortholog	1	mapped
BTNL2	BTNL2	56244	official_symbol				0	no_zebrafish_ortholog
C19orf12	C19orf12	83636	official_symbol				0	no_zebrafish_ortholog
C9orf72	C9orf72	203228	official_symbol	zgc:100846	402895	Ortholog	1	mapped
CACNA1A	CACNA1A	773	official_symbol				0	no_zebrafish_ortholog
CACNA1B	CACNA1B	774	official_symbol				0	no_zebrafish_ortholog
CACNA1E	CACNA1E	777	official_symbol	cacna1ea	564274	Ortholog	1	mapped
CACNA1G	CACNA1G	8913	official_symbol	cacna1g	563904	Ortholog	1	mapped
CACNA2D1	CACNA2D1	781	official_symbol	cacna2d1	101882457	Ortholog	1	mapped
CADM3	CADM3	57863	official_symbol	cadm3	692273	Ortholog	1	mapped
CAMLG	CAMLG	819	official_symbol	camlg	404622	Ortholog	1	mapped
CAPN1	CAPN1	823	official_symbol	capn1	406768	Ortholog	1	mapped
CAPRIN1	CAPRIN1	4076	official_symbol	caprin1b	406341	Ortholog	1	mapped
CASK	CASK	8573	official_symbol	caska	259195	Ortholog	1	mapped
CASP2	CASP2	835	official_symbol	casp2	373118	Ortholog	1	mapped
CASR	CASR	846	official_symbol	casr	560607	Ortholog	1	mapped
CBL	CBL	867	official_symbol	cbl	492364	Ortholog	1	mapped
CCDC141	CCDC141	285025	official_symbol	ccdc141	553274	Ortholog	1	mapped
CCM2	CCM2	83605	official_symbol	ccm2	436586	Ortholog	1	mapped
CCN2	CCN2	1490	official_symbol	ccn2a	321449	Ortholog	1	mapped
CCN6	CCN6	8838	official_symbol	ccn6	794092	Ortholog	1	mapped
CCND1	CCND1	595	official_symbol	ccnd1	30222	Ortholog	1	mapped
CCNF	CCNF	899	official_symbol	ccnf	266981	Ortholog	1	mapped
CCR6	CCR6	1235	official_symbol	ccr6a	558616	Ortholog	1	mapped
CD59	CD59	966	official_symbol	cd59a	567192	Ortholog	1	mapped
CDC73	CDC73	79577	official_symbol	cdc73	393319	Ortholog	1	mapped
CDH23	CDH23	64072	official_symbol	cdh23	407978	Ortholog	1	mapped
CDK19	CDK19	23097	official_symbol	cdk19	100149670	Ortholog	1	mapped
CDKL5	CDKL5	6792	official_symbol	cdkl5	559341	Ortholog	1	mapped
CDKN2A	CDKN2A	1029	official_symbol				0	no_zebrafish_ortholog
CELF2	CELF2	10659	official_symbol	celf2	373117	Ortholog	1	mapped
CEP126	CEP126	57562	official_symbol	cep126	561486	Ortholog	1	mapped
CFAP410	CFAP410	755	official_symbol	cfap410	100537391	Ortholog	1	mapped
CHCHD10	CHCHD10	400916	official_symbol	chchd10	393757	Ortholog	1	mapped
CHD7	CHD7	55636	official_symbol	chd7	569471	Ortholog	1	mapped
CHKB	CHKB	1120	official_symbol	chkb	563589	Ortholog	1	mapped
CHMP2B	CHMP2B	25978	official_symbol				0	no_zebrafish_ortholog
CHP1	CHP1	11261	official_symbol				0	no_zebrafish_ortholog
CHST14	CHST14	113189	official_symbol	chst14	404732	Ortholog	1	mapped
CIAO1	CIAO1	9391	official_symbol	ciao1	795104	Ortholog	1	mapped
CLCN1	CLCN1	1180	official_symbol				0	no_zebrafish_ortholog
CLCN2	CLCN2	1181	official_symbol	clcn2b	100333644	Ortholog	1	mapped
CLCN7	CLCN7	1186	official_symbol	clcn7	553351	Ortholog	1	mapped
CLCNKA	CLCNKA	1187	official_symbol	clcnk	393353	Ortholog	1	mapped
CLCNKB	CLCNKB	1188	official_symbol				0	no_zebrafish_ortholog
CLDN16	CLDN16	10686	official_symbol				0	no_zebrafish_ortholog
CLP1	CLP1	10978	official_symbol	clp1	565621	Ortholog	1	mapped
CLTC	CLTC	1213	official_symbol				0	no_zebrafish_ortholog
CNKSR2	CNKSR2	22866	official_symbol				0	no_zebrafish_ortholog
CNNM2	CNNM2	54805	official_symbol				0	no_zebrafish_ortholog
CNOT1	CNOT1	23019	official_symbol	cnot1	448949	Ortholog	1	mapped
CNTN1	CNTN1	1272	official_symbol				0	no_zebrafish_ortholog
COA7	COA7	65260	official_symbol	coa7	555268	Ortholog	1	mapped
COA8	COA8	84334	official_symbol	coa8	798687	Ortholog	1	mapped
COG8	COG8	84342	official_symbol	cog8	541379	Ortholog	1	mapped
COL1A1	COL1A1	1277	official_symbol				0	no_zebrafish_ortholog
COL1A2	COL1A2	1278	official_symbol	col1a2	336471	Ortholog	1	mapped
COL25A1	COL25A1	84570	official_symbol	col25a1	101882764	Ortholog	1	mapped
COL4A1	COL4A1	1282	official_symbol	col4a1	554269	Ortholog	1	mapped
COL5A1	COL5A1	1289	official_symbol	col5a1	100334431	Ortholog	1	mapped
COL5A2	COL5A2	1290	official_symbol	col5a2b	100006366	Ortholog	1	mapped
COL9A1	COL9A1	1297	official_symbol				0	no_zebrafish_ortholog
COL9A2	COL9A2	1298	official_symbol	col9a2	321212	Ortholog	1	mapped
COL9A3	COL9A3	1299	official_symbol	col9a3	567110	Ortholog	1	mapped
COQ2	COQ2	27235	official_symbol	coq2	100037331	Ortholog	1	mapped
COQ4	COQ4	51117	official_symbol	coq4	100137123	Ortholog	1	mapped
COQ6	COQ6	51004	official_symbol	coq6	751691	Ortholog	1	mapped
COQ8A	COQ8A	56997	official_symbol	coq8aa	437001	Ortholog	1	mapped
COX10	COX10	1352	official_symbol	cox10	553384	Ortholog	1	mapped
COX20	COX20	116228	official_symbol	cox20	436985	Ortholog	1	mapped
COX4I1	COX4I1	1327	official_symbol	cox4i1	326975	Ortholog	1	mapped
COX6A1	COX6A1	1337	official_symbol	cox6a1	335774	Ortholog	1	mapped
COX6A2	COX6A2	1339	official_symbol				0	no_zebrafish_ortholog
COX6B1	COX6B1	1340	official_symbol	cox6b1	436968	Ortholog	1	mapped
CPLANE1	CPLANE1	65250	official_symbol	cplane1	792625	Ortholog	1	mapped
CPLX1	CPLX1	10815	official_symbol	cplx1	563082	Ortholog	1	mapped
CPOX	CPOX	1371	official_symbol	cpox	321294	Ortholog	1	mapped
CPT1A	CPT1A	1374	official_symbol				0	no_zebrafish_ortholog
CPT1C	CPT1C	126129	official_symbol				0	no_zebrafish_ortholog
CRLF1	CRLF1	9244	official_symbol				0	no_zebrafish_ortholog
CRPPA	CRPPA	729920	official_symbol	crppa	798716	Ortholog	1	mapped
CYFIP2	CYFIP2	26999	official_symbol	cyfip2	100002872	Ortholog	1	mapped
CYP11B1	CYP11B1	1584	official_symbol				0	no_zebrafish_ortholog
CYP11B2	CYP11B2	1585	official_symbol				0	no_zebrafish_ortholog
CYP27B1	CYP27B1	1594	official_symbol	cyp27b1	793309	Ortholog	1	mapped
CYP2R1	CYP2R1	120227	official_symbol	cyp2r1	563369	Ortholog	1	mapped
CYP7B1	CYP7B1	9420	official_symbol				0	no_zebrafish_ortholog
D2HGDH	D2HGDH	728294	official_symbol	d2hgdh	565889	Ortholog	1	mapped
DALRD3	DALRD3	55152	official_symbol	dalrd3	571036	Ortholog	1	mapped
DAO	DAO	1610	official_symbol	dao.1	619259	Ortholog	1	mapped
DARS2	DARS2	55157	official_symbol	dars2	571144	Ortholog	1	mapped
DCAF8	DCAF8	50717	official_symbol	dcaf8	100007924	Ortholog	1	mapped
DCC	DCC	1630	official_symbol	dcc	569360	Ortholog	1	mapped
DCTN1	DCTN1	1639	official_symbol				0	no_zebrafish_ortholog
DDC	DDC	1644	official_symbol	ddc	406651	Ortholog	1	mapped
DDHD1	DDHD1	80821	official_symbol	ddhd1b	570320	Ortholog	1	mapped
DDHD2	DDHD2	23259	official_symbol	ddhd2	100321082	Ortholog	1	mapped
DEPDC5	DEPDC5	9681	official_symbol	depdc5	562995	Ortholog	1	mapped
DGUOK	DGUOK	1716	official_symbol				0	no_zebrafish_ortholog
DHDDS	DHDDS	79947	official_symbol	dhdds	406468	Ortholog	1	mapped
DHFR	DHFR	1719	official_symbol	dhfr	81882	Ortholog	1	mapped
DHH	DHH	50846	official_symbol				0	no_zebrafish_ortholog
DHTKD1	DHTKD1	55526	official_symbol	dhtkd1	494076	Ortholog	1	mapped
DKK1	DKK1	22943	official_symbol	dkk1b	30197	Ortholog	1	mapped
DLL4	DLL4	54567	official_symbol	dll4	563920	Ortholog	1	mapped
DMP1	DMP1	1758	official_symbol				0	no_zebrafish_ortholog
DMXL2	DMXL2	23312	official_symbol	dmxl2	378958	Ortholog	1	mapped
DNA2	DNA2	1763	official_symbol	dna2	559535	Ortholog	1	mapped
DNAJB2	DNAJB2	3300	official_symbol	dnajb2	561686	Ortholog	1	mapped
DNAJB4	DNAJB4	11080	official_symbol	dnajb4	445061	Ortholog	1	mapped
DNAJC19	DNAJC19	131118	official_symbol	dnajc19	393734	Ortholog	1	mapped
DNM1	DNM1	1759	official_symbol	dnm1a	100307098	Ortholog	1	mapped
DNM2	DNM2	1785	official_symbol	dnm2a	559334	Ortholog	1	mapped
DNMT1	DNMT1	1786	official_symbol	dnmt1	30430	Ortholog	1	mapped
DNMT3B	DNMT3B	1789	official_symbol				0	no_zebrafish_ortholog
DOK7	DOK7	285489	official_symbol	dok7b	557881	Ortholog	1	mapped
DOLK	DOLK	22845	official_symbol	dolk	799960	Ortholog	1	mapped
DPAGT1	DPAGT1	1798	official_symbol	dpagt1	566539	Ortholog	1	mapped
DPM2	DPM2	8818	official_symbol	dpm2	796295	Ortholog	1	mapped
DSE	DSE	29940	official_symbol	dse	568713	Ortholog	1	mapped
DSTYK	DSTYK	25778	official_symbol	dstyk	402922	Ortholog	1	mapped
DUSP6	DUSP6	1848	official_symbol	dusp6	353314	Ortholog	1	mapped
DUX4	DUX4	100288687	official_symbol				0	no_zebrafish_ortholog
DUX4L1	DUX4L1	22947	official_symbol				0	no_zebrafish_ortholog
DYM	DYM	54808	official_symbol	dym	572325	Ortholog	1	mapped
DYNC1H1	DYNC1H1	1778	official_symbol	dync1h1	335110	Ortholog	1	mapped
EARS2	EARS2	124454	official_symbol	ears2	751732	Ortholog	1	mapped
EBF3	EBF3	253738	official_symbol	ebf3a	567751	Ortholog	1	mapped
EEF1A2	EEF1A2	1917	official_symbol				0	no_zebrafish_ortholog
EEF1D	EEF1D	1936	official_symbol	eef1db	560745	Ortholog	1	mapped
EHHADH	EHHADH	1962	official_symbol	ehhadh	100000859	Ortholog	1	mapped
EIF2AK3	EIF2AK3	9451	official_symbol	eif2ak3	559564	Ortholog	1	mapped
EIF2B2	EIF2B2	8892	official_symbol	eif2b2	405839	Ortholog	1	mapped
EIF2B3	EIF2B3	8891	official_symbol	eif2b3	394049	Ortholog	1	mapped
ELOVL5	ELOVL5	60481	official_symbol	elovl5	393425	Ortholog	1	mapped
ELP2	ELP2	55250	official_symbol	elp2	560338	Ortholog	1	mapped
EMILIN1	EMILIN1	11117	official_symbol	emilin1b	751598	Ortholog	1	mapped
ENPP1	ENPP1	5167	official_symbol	enpp1	562399	Ortholog	1	mapped
EPB42	EPB42	2038	official_symbol				0	no_zebrafish_ortholog
ERBB4	ERBB4	2066	official_symbol	erbb4b	569836	Ortholog	1	mapped
ERCC6	ERCC6	2074	official_symbol	ercc6	560477	Ortholog	1	mapped
ERCC8	ERCC8	1161	official_symbol	ercc8	449811	Ortholog	1	mapped
ERGIC1	ERGIC1	57222	official_symbol	ergic1	567774	Ortholog	1	mapped
ERLIN2	ERLIN2	11160	official_symbol				0	no_zebrafish_ortholog
ESAM	ESAM	90952	official_symbol				0	no_zebrafish_ortholog
ETFA	ETFA	2108	official_symbol	etfa	325724	Ortholog	1	mapped
ETFB	ETFB	2109	official_symbol	etfb	406271	Ortholog	1	mapped
ETFDH	ETFDH	2110	official_symbol	etfdh	447859	Ortholog	1	mapped
EXOC8	EXOC8	149371	official_symbol	exoc8	568029	Ortholog	1	mapped
EXOSC3	EXOSC3	51010	official_symbol	exosc3	565000	Ortholog	1	mapped
EXOSC5	EXOSC5	56915	official_symbol	exosc5	751632	Ortholog	1	mapped
EXOSC8	EXOSC8	11340	official_symbol	exosc8	323016	Ortholog	1	mapped
EXOSC9	EXOSC9	5393	official_symbol	exosc9	450057	Ortholog	1	mapped
EXTL3	EXTL3	2137	official_symbol	extl3	493783	Ortholog	1	mapped
EYA1	EYA1	2138	official_symbol	eya1	30436	Ortholog	1	mapped
FA2H	FA2H	79152	official_symbol	fa2h	792257	Ortholog	1	mapped
FAM111B	FAM111B	374393	official_symbol				0	no_zebrafish_ortholog
FARS2	FARS2	10667	official_symbol	fars2	793097	Ortholog	1	mapped
FBLN5	FBLN5	10516	official_symbol	fbln5	449806	Ortholog	1	mapped
FBN1	FBN1	2200	official_symbol	fbn1	100330961	Ortholog	1	mapped
FBXL4	FBXL4	26235	official_symbol	fbxl4	492349	Ortholog	1	mapped
FBXO28	FBXO28	23219	official_symbol	fbxo28	556288	Ortholog	1	mapped
FBXO38	FBXO38	81545	official_symbol	fbxo38	799091	Ortholog	1	mapped
FDX2	FDX2	112812	official_symbol	fdx2	767726	Ortholog	1	mapped
FEZF1	FEZF1	389549	official_symbol	fezf1	558801	Ortholog	1	mapped
FGD4	FGD4	121512	official_symbol				0	no_zebrafish_ortholog
FGF12	FGF12	2257	official_symbol	fgf12a	777735	Ortholog	1	mapped
FGF17	FGF17	8822	official_symbol				0	no_zebrafish_ortholog
FGF23	FGF23	8074	official_symbol	fgf23	494456	Ortholog	1	mapped
FGF8	FGF8	2253	official_symbol				0	no_zebrafish_ortholog
FGFR1	FGFR1	2260	official_symbol				0	no_zebrafish_ortholog
FH	FH	2271	official_symbol	fh	393938	Ortholog	1	mapped
FICD	FICD	11153	official_symbol	ficd	334648	Ortholog	1	mapped
FIG4	FIG4	9896	official_symbol	fig4a	100334605	Ortholog	1	mapped
FILIP1	FILIP1	27145	official_symbol	filip1b	101883460	Ortholog	1	mapped
FIP1L1	FIP1L1	81608	official_symbol	fip1l1a	561900	Ortholog	1	mapped
FKBP14	FKBP14	55033	official_symbol	fkbp14	445077	Ortholog	1	mapped
FLAD1	FLAD1	80308	official_symbol	flad1	445492	Ortholog	1	mapped
FLI1	FLI1	2313	official_symbol	fli1	30619	Ortholog	1	mapped
FLNC	FLNC	2318	official_symbol				0	no_zebrafish_ortholog
FLRT3	FLRT3	23767	official_symbol	flrt3	558864	Ortholog	1	mapped
FLVCR1	FLVCR1	28982	official_symbol	flvcr1	562595	Ortholog	1	mapped
FMR1	FMR1	2332	official_symbol	fmr1	259191	Ortholog	1	mapped
FOXC2	FOXC2	2303	official_symbol				0	no_zebrafish_ortholog
FOXE1	FOXE1	2304	official_symbol	foxe1	567676	Ortholog	1	mapped
FOXG1	FOXG1	2290	official_symbol	foxg1a	30274	Ortholog	1	mapped
FOXRED1	FOXRED1	55572	official_symbol	foxred1	556387	Ortholog	1	mapped
FRG1	FRG1	2483	official_symbol	frg1	550491	Ortholog	1	mapped
FUCA1	FUCA1	2517	official_symbol				0	no_zebrafish_ortholog
FXN	FXN	2395	official_symbol	fxn	556389	Ortholog	1	mapped
FXYD2	FXYD2	486	official_symbol				0	no_zebrafish_ortholog
FZR1	FZR1	51343	official_symbol	fzr1a	393223	Ortholog	1	mapped
GABBR2	GABBR2	9568	official_symbol	gabbr2	560267	Ortholog	1	mapped
GABRA2	GABRA2	2555	official_symbol				0	no_zebrafish_ortholog
GABRA3	GABRA3	2556	official_symbol				0	no_zebrafish_ortholog
GABRA5	GABRA5	2558	official_symbol	gabra5	799124	Ortholog	1	mapped
GABRB2	GABRB2	2561	official_symbol				0	no_zebrafish_ortholog
GABRG2	GABRG2	2566	official_symbol	gabrg2	553402	Ortholog	1	mapped
GALC	GALC	2581	official_symbol				0	no_zebrafish_ortholog
GAN	GAN	8139	official_symbol	gan	100537435	Ortholog	1	mapped
GATM	GATM	2628	official_symbol	gatm	266799	Ortholog	1	mapped
GBA2	GBA2	57704	official_symbol	gba2	559240	Ortholog	1	mapped
GBE1	GBE1	2632	official_symbol				0	no_zebrafish_ortholog
GBF1	GBF1	8729	official_symbol	gbf1	566350	Ortholog	1	mapped
GCH1	GCH1	2643	official_symbol	gch1	100192219	Ortholog	1	mapped
GCK	GCK	2645	official_symbol	gck	751668	Ortholog	1	mapped
GDAP1	GDAP1	54332	official_symbol	gdap1	553702	Ortholog	1	mapped
GEMIN4	GEMIN4	50628	official_symbol	gemin4	324754	Ortholog	1	mapped
GFAP	GFAP	2670	official_symbol	gfap	30646	Ortholog	1	mapped
GFER	GFER	2671	official_symbol	gfer	560433	Ortholog	1	mapped
GFM2	GFM2	84340	official_symbol	gfm2	558184	Ortholog	1	mapped
GGPS1	GGPS1	9453	official_symbol	ggps1	336798	Ortholog	1	mapped
GJA1	GJA1	2697	official_symbol				0	no_zebrafish_ortholog
GJB1	GJB1	2705	official_symbol				0	no_zebrafish_ortholog
GJC2	GJC2	57165	official_symbol	gjc2	447835	Ortholog	1	mapped
GLE1	GLE1	2733	official_symbol	gle1	445408	Ortholog	1	mapped
GLT8D1	GLT8D1	55830	official_symbol	glt8d1	492466	Ortholog	1	mapped
GM2A	GM2A	2760	official_symbol	gm2a	550529	Ortholog	1	mapped
GMPPB	GMPPB	29925	official_symbol	gmppb	445097	Ortholog	1	mapped
GNA11	GNA11	2767	official_symbol				0	no_zebrafish_ortholog
GNAO1	GNAO1	2775	official_symbol	gnao1a	393760	Ortholog	1	mapped
GNB1	GNB1	2782	official_symbol	gnb1a	322104	Ortholog	1	mapped
GNB2	GNB2	2783	official_symbol	gnb2	541370	Ortholog	1	mapped
GNB4	GNB4	59345	official_symbol				0	no_zebrafish_ortholog
GNB5	GNB5	10681	official_symbol	gnb5b	393719	Ortholog	1	mapped
GNPTAB	GNPTAB	79158	official_symbol	gnptab	553365	Ortholog	1	mapped
GOSR2	GOSR2	9570	official_symbol	gosr2	324569	Ortholog	1	mapped
GPHN	GPHN	10243	official_symbol				0	no_zebrafish_ortholog
GPI	GPI	2821	official_symbol	gpib	246095	Ortholog	1	mapped
GRIA3	GRIA3	2892	official_symbol	gria3b	368416	Ortholog	1	mapped
GRIN1	GRIN1	2902	official_symbol				0	no_zebrafish_ortholog
GRIN2A	GRIN2A	2903	official_symbol	grin2aa	563297	Ortholog	1	mapped
GRIN2D	GRIN2D	2906	official_symbol				0	no_zebrafish_ortholog
GRM7	GRM7	2917	official_symbol				0	no_zebrafish_ortholog
GSN	GSN	2934	official_symbol				0	no_zebrafish_ortholog
GTPBP2	GTPBP2	54676	official_symbol	gtpbp2a	799373	Ortholog	1	mapped
GYG1	GYG1	2992	official_symbol				0	no_zebrafish_ortholog
HADHA	HADHA	3030	official_symbol				0	no_zebrafish_ortholog
HADHB	HADHB	3032	official_symbol	hadhb	336606	Ortholog	1	mapped
HAMP	HAMP	57817	official_symbol	hamp	402837	Ortholog	1	mapped
HARS1	HARS1	3035	official_symbol	hars	447847	Ortholog	1	mapped
HCN1	HCN1	348980	official_symbol				0	no_zebrafish_ortholog
HESX1	HESX1	8820	official_symbol	hesx1	30620	Ortholog	1	mapped
HEXA	HEXA	3073	official_symbol	hexa	550460	Ortholog	1	mapped
HFE	HFE	3077	official_symbol				0	no_zebrafish_ortholog
HINT1	HINT1	3094	official_symbol	hint1	449551	Ortholog	1	mapped
HIVEP2	HIVEP2	3097	official_symbol	hivep2a	562048	Ortholog	1	mapped
HJV	HJV	148738	official_symbol	hjv	321932	Ortholog	1	mapped
HK1	HK1	3098	official_symbol	hk1	406791	Ortholog	1	mapped
HLA-B	HLA-B	3106	official_symbol				0	no_zebrafish_ortholog
HLA-DQB1	HLA-DQB1	3119	official_symbol				0	no_zebrafish_ortholog
HLA-DRB1	HLA-DRB1	3123	official_symbol				0	no_zebrafish_ortholog
HMBS	HMBS	3145	official_symbol				0	no_zebrafish_ortholog
HMGCR	HMGCR	3156	official_symbol	hmgcra	559054	Ortholog	1	mapped
HNRNPDL	HNRNPDL	9987	official_symbol	hnrnpdl	406701	Ortholog	1	mapped
HOXB1	HOXB1	3211	official_symbol	hoxb1a	30337	Ortholog	1	mapped
HPRT1	HPRT1	3251	official_symbol	hprt1	406259	Ortholog	1	mapped
HS6ST1	HS6ST1	9394	official_symbol				0	no_zebrafish_ortholog
HSD17B10	HSD17B10	3028	official_symbol	hsd17b10	450078	Ortholog	1	mapped
HSPB1	HSPB1	3315	official_symbol	hspb1	368243	Ortholog	1	mapped
HSPB3	HSPB3	8988	official_symbol	hspb3	568180	Ortholog	1	mapped
HSPD1	HSPD1	3329	official_symbol	hspd1	282676	Ortholog	1	mapped
HSPG2	HSPG2	3339	official_symbol	hspg2	565429	Ortholog	1	mapped
HTT	HTT	3064	official_symbol	htt	30214	Ortholog	1	mapped
HYCC1	HYCC1	84668	official_symbol	hycc1	402926	Ortholog	1	mapped
IARS2	IARS2	55699	official_symbol	iars2	100001219	Ortholog	1	mapped
IBA57	IBA57	200205	official_symbol	iba57	100330979	Ortholog	1	mapped
IFT140	IFT140	9742	official_symbol	ift140	553213	Ortholog	1	mapped
IGHMBP2	IGHMBP2	3508	official_symbol	ighmbp2	556484	Ortholog	1	mapped
IL12B	IL12B	3593	official_symbol	il12ba	445373	Ortholog	1	mapped
IL17RD	IL17RD	54756	official_symbol	il17rd	171474	Ortholog	1	mapped
IMPDH2	IMPDH2	3615	official_symbol	impdh2	317745	Ortholog	1	mapped
INF2	INF2	64423	official_symbol	inf2	141378492	Ortholog	1	mapped
INPP5E	INPP5E	56623	official_symbol	inpp5e	606579	Ortholog	1	mapped
INPP5K	INPP5K	51763	official_symbol				0	no_zebrafish_ortholog
IRAK1	IRAK1	3654	official_symbol	irak1	569226	Ortholog	1	mapped
IREB2	IREB2	3658	official_symbol	ireb2	652982	Ortholog	1	mapped
IRF2BP2	IRF2BP2	359948	official_symbol	irf2bp2a	335866	Ortholog	1	mapped
IRF4	IRF4	3662	official_symbol				0	no_zebrafish_ortholog
IRF5	IRF5	3663	official_symbol	irf5	405811	Ortholog	1	mapped
ITGB4	ITGB4	3691	official_symbol	itgb4	335269	Ortholog	1	mapped
ITPR1	ITPR1	3708	official_symbol				0	no_zebrafish_ortholog
ITPR3	ITPR3	3710	official_symbol	itpr3	794666	Ortholog	1	mapped
JAG1	JAG1	182	official_symbol	jag1b	140423	Ortholog	1	mapped
JPH1	JPH1	56704	official_symbol	jph1b	556485	Ortholog	1	mapped
KARS1	KARS1	3735	official_symbol	kars1	280647	Ortholog	1	mapped
KCNA1	KCNA1	3736	official_symbol				0	no_zebrafish_ortholog
KCNA2	KCNA2	3737	official_symbol				0	no_zebrafish_ortholog
KCNB1	KCNB1	3745	official_symbol	kcnb1	555284	Ortholog	1	mapped
KCNC2	KCNC2	3747	official_symbol	kcnc2	100037377	Ortholog	1	mapped
KCNE3	KCNE3	10008	official_symbol				0	no_zebrafish_ortholog
KCNH5	KCNH5	27133	official_symbol	kcnh5b	100331767	Ortholog	1	mapped
KCNJ1	KCNJ1	3758	official_symbol				0	no_zebrafish_ortholog
KCNJ10	KCNJ10	3766	official_symbol				0	no_zebrafish_ortholog
KCNJ11	KCNJ11	3767	official_symbol	kcnj11	664687	Ortholog	1	mapped
KCNJ18	KCNJ18	100134444	official_symbol				0	no_zebrafish_ortholog
KCNJ5	KCNJ5	3762	official_symbol	kcnj5	571888	Ortholog	1	mapped
KCNK9	KCNK9	51305	official_symbol	kcnk9	799704	Ortholog	1	mapped
KDM1A	KDM1A	23028	official_symbol	kdm1a	558450	Ortholog	1	mapped
KIF1A	KIF1A	547	official_symbol				0	no_zebrafish_ortholog
KIF1B	KIF1B	23095	official_symbol	kif1b	369190	Ortholog	1	mapped
KLC4	KLC4	89953	official_symbol	klc1b	335499	Ortholog	1	mapped
KLHL24	KLHL24	54800	official_symbol	klhl24a	768198	Ortholog	1	mapped
KLHL9	KLHL9	55958	official_symbol				0	no_zebrafish_ortholog
KMT2D	KMT2D	8085	official_symbol	kmt2d	100536523	Ortholog	1	mapped
KPNA3	KPNA3	3839	official_symbol	kpna3	368640	Ortholog	1	mapped
KRAS	KRAS	3845	official_symbol	kras	445289	Ortholog	1	mapped
KRIT1	KRIT1	889	official_symbol	krit1	321836	Ortholog	1	mapped
L1CAM	L1CAM	3897	official_symbol				0	no_zebrafish_ortholog
LAMP2	LAMP2	3920	official_symbol	lamp2	541406	Ortholog	1	mapped
LBR	LBR	3930	official_symbol	lbr	368360	Ortholog	1	mapped
LDB3	LDB3	11155	official_symbol	ldb3a	794339	Ortholog	1	mapped
LGI4	LGI4	163175	official_symbol				0	no_zebrafish_ortholog
LIG3	LIG3	3980	official_symbol	lig3	563276	Ortholog	1	mapped
LIMS2	LIMS2	55679	official_symbol				0	no_zebrafish_ortholog
LIPE	LIPE	3991	official_symbol	lipeb	557893	Ortholog	1	mapped
LITAF	LITAF	9516	official_symbol				0	no_zebrafish_ortholog
LMNB1	LMNB1	4001	official_symbol	lmnb1	195816	Ortholog	1	mapped
LRIF1	LRIF1	55791	official_symbol	lrif1	560890	Ortholog	1	mapped
LRP5	LRP5	4041	official_symbol	lrp5	568518	Ortholog	1	mapped
LRPPRC	LRPPRC	10128	official_symbol	lrpprc	557195	Ortholog	1	mapped
LRSAM1	LRSAM1	90678	official_symbol	lrsam1	562066	Ortholog	1	mapped
LTBP4	LTBP4	8425	official_symbol	ltbp4	100333499	Ortholog	1	mapped
LYRM7	LYRM7	90624	official_symbol	lyrm7	100002948	Ortholog	1	mapped
LYST	LYST	1130	official_symbol	lyst	100150726	Ortholog	1	mapped
LZTR1	LZTR1	8216	official_symbol	lztr1	792832	Ortholog	1	mapped
MAN2B2	MAN2B2	23324	official_symbol	man2b2	100003570	Ortholog	1	mapped
MAP2K2	MAP2K2	5605	official_symbol	map2k2a	563181	Ortholog	1	mapped
MAPT	MAPT	4137	official_symbol				0	no_zebrafish_ortholog
MARS1	MARS1	4141	official_symbol	mars1	338183	Ortholog	1	mapped
MCM3AP	MCM3AP	8888	official_symbol	mcm3ap	436589	Ortholog	1	mapped
MDH2	MDH2	4191	official_symbol	mdh2	406405	Ortholog	1	mapped
MECR	MECR	51102	official_symbol	mecr	550550	Ortholog	1	mapped
MED25	MED25	81857	official_symbol	med25	406793	Ortholog	1	mapped
MEN1	MEN1	4221	official_symbol	men1	30130	Ortholog	1	mapped
MFF	MFF	56947	official_symbol	mffa	393508	Ortholog	1	mapped
MFSD2A	MFSD2A	84879	official_symbol	mfsd2ab	445176	Ortholog	1	mapped
MGME1	MGME1	92667	official_symbol	mgme1	494097	Ortholog	1	mapped
MICOS13	MICOS13	125988	official_symbol	micos13	558738	Ortholog	1	mapped
MIEF2	MIEF2	125170	official_symbol				0	no_zebrafish_ortholog
MINPP1	MINPP1	9562	official_symbol	minpp1b	394075	Ortholog	1	mapped
MLX	MLX	6945	official_symbol	mlx	554119	Ortholog	1	mapped
MME	MME	4311	official_symbol				0	no_zebrafish_ortholog
MMUT	MMUT	4594	official_symbol	mmut	569581	Ortholog	1	mapped
MORC2	MORC2	22880	official_symbol	morc2	445488	Ortholog	1	mapped
MPV17	MPV17	4358	official_symbol	mpv17	394140	Ortholog	1	mapped
MPZ	MPZ	4359	official_symbol	mpz	114417	Ortholog	1	mapped
MRAS	MRAS	22808	official_symbol				0	no_zebrafish_ortholog
MRPL12	MRPL12	6182	official_symbol	mrpl12	550391	Ortholog	1	mapped
MRPS2	MRPS2	51116	official_symbol	mrps2	791211	Ortholog	1	mapped
MRPS25	MRPS25	64432	official_symbol	mrps25	550252	Ortholog	1	mapped
MT-ATP8			not_found				0	human_gene_not_found
MT-CO2	MTCO2P12	107075310	synonym				0	no_zebrafish_ortholog
MT-ND3			not_found				0	human_gene_not_found
MT-TE			not_found				0	human_gene_not_found
MT-TF			not_found				0	human_gene_not_found
MT-TH			not_found				0	human_gene_not_found
MT-TI			not_found				0	human_gene_not_found
MT-TK			not_found				0	human_gene_not_found
MT-TL1			not_found				0	human_gene_not_found
MT-TL2			not_found				0	human_gene_not_found
MT-TN			not_found				0	human_gene_not_found
MT-TP			not_found				0	human_gene_not_found
MT-TQ			not_found				0	human_gene_not_found
MT-TS2			not_found				0	human_gene_not_found
MT-TV			not_found				0	human_gene_not_found
MT-TW			not_found				0	human_gene_not_found
MTAP	MTAP	4507	official_symbol	mtap	393526	Ortholog	1	mapped
MTHFR	MTHFR	4524	official_symbol	mthfr	567547	Ortholog	1	mapped
MTMR14	MTMR14	64419	official_symbol	mtmr14	323929	Ortholog	1	mapped
MTMR2	MTMR2	8898	official_symbol	mtmr2	30644	Ortholog	1	mapped
MTRFR	MTRFR	91574	official_symbol	mtrfr	100004874	Ortholog	1	mapped
MTTP	MTTP	4547	official_symbol	mttp	406207	Ortholog	1	mapped
MYBPC1	MYBPC1	4604	official_symbol	mybpc1	492356	Ortholog	1	mapped
NAA80	NAA80	24142	official_symbol	naa80	101886319	Ortholog	1	mapped
NABP1	NABP1	64859	official_symbol	nabp1a	494100	Ortholog	1	mapped
NACC1	NACC1	112939	official_symbol				0	no_zebrafish_ortholog
NADK2	NADK2	133686	official_symbol	nadk2	445071	Ortholog	1	mapped
NAGA	NAGA	4668	official_symbol	naga	560778	Ortholog	1	mapped
NAGLU	NAGLU	4669	official_symbol	naglu	560126	Ortholog	1	mapped
NARS2	NARS2	79731	official_symbol	nars2	561673	Ortholog	1	mapped
NBN	NBN	4683	official_symbol	nbn	544655	Ortholog	1	mapped
NDE1	NDE1	54820	official_symbol	nde1	566146	Ortholog	1	mapped
NDNF	NDNF	79625	official_symbol	ndnf	561437	Ortholog	1	mapped
NDP	NDP	4693	official_symbol	ndp	100003793	Ortholog	1	mapped
NDRG1	NDRG1	10397	official_symbol	ndrg1b	393665	Ortholog	1	mapped
NDUFA1	NDUFA1	4694	official_symbol	ndufa1	415243	Ortholog	1	mapped
NDUFA10	NDUFA10	4705	official_symbol	ndufa10	321951	Ortholog	1	mapped
NDUFA11	NDUFA11	126328	official_symbol	ndufa11	393497	Ortholog	1	mapped
NDUFA13	NDUFA13	51079	official_symbol	ndufa13	393687	Ortholog	1	mapped
NDUFA6	NDUFA6	4700	official_symbol	ndufa6	393943	Ortholog	1	mapped
NDUFA8	NDUFA8	4702	official_symbol	ndufa8	393700	Ortholog	1	mapped
NDUFAF1	NDUFAF1	51103	official_symbol	ndufaf1	503714	Ortholog	1	mapped
NDUFAF2	NDUFAF2	91942	official_symbol	ndufaf2	100003850	Ortholog	1	mapped
NDUFAF3	NDUFAF3	25915	official_symbol	ndufaf3	791133	Ortholog	1	mapped
NDUFAF4	NDUFAF4	29078	official_symbol	ndufaf4	794169	Ortholog	1	mapped
NDUFAF5	NDUFAF5	79133	official_symbol	ndufaf5	794020	Ortholog	1	mapped
NDUFAF6	NDUFAF6	137682	official_symbol	ndufaf6	569692	Ortholog	1	mapped
NDUFAF8	NDUFAF8	284184	official_symbol	ndufaf8	386981	Ortholog	1	mapped
NDUFB10	NDUFB10	4716	official_symbol	ndufb10	393703	Ortholog	1	mapped
NDUFB11	NDUFB11	54539	official_symbol	ndufb11	562219	Ortholog	1	mapped
NDUFB3	NDUFB3	4709	official_symbol				0	no_zebrafish_ortholog
NDUFB9	NDUFB9	4715	official_symbol	ndufb9	573021	Ortholog	1	mapped
NDUFS1	NDUFS1	4719	official_symbol	ndufs1	493605	Ortholog	1	mapped
NDUFS3	NDUFS3	4722	official_symbol	ndufs3	550451	Ortholog	1	mapped
NDUFS4	NDUFS4	4724	official_symbol	ndufs4	573689	Ortholog	1	mapped
NDUFS6	NDUFS6	4726	official_symbol	ndufs6	447913	Ortholog	1	mapped
NDUFS7	NDUFS7	374291	official_symbol	ndufs7	796997	Ortholog	1	mapped
NDUFS8	NDUFS8	4728	official_symbol				0	no_zebrafish_ortholog
NDUFV1	NDUFV1	4723	official_symbol	ndufv1	445291	Ortholog	1	mapped
NDUFV2	NDUFV2	4729	official_symbol	ndufv2	393720	Ortholog	1	mapped
NECAP1	NECAP1	25977	official_symbol	necap1	393695	Ortholog	1	mapped
NEFL	NEFL	4747	official_symbol				0	no_zebrafish_ortholog
NEK1	NEK1	4750	official_symbol	nek1	556002	Ortholog	1	mapped
NEU1	NEU1	4758	official_symbol	neu1	559850	Ortholog	1	mapped
NEUROD2	NEUROD2	4761	official_symbol	neurod2	114435	Ortholog	1	mapped
NF2	NF2	4771	official_symbol	nf2a	561184	Ortholog	1	mapped
NFE2L2	NFE2L2	4780	official_symbol	nfe2l2a	360149	Ortholog	1	mapped
NFU1	NFU1	27247	official_symbol				0	no_zebrafish_ortholog
NGLY1	NGLY1	55768	official_symbol	ngly1	553627	Ortholog	1	mapped
NIPA1	NIPA1	123606	official_symbol	nipa1	450042	Ortholog	1	mapped
NKX2-1	NKX2-1	7080	official_symbol	nkx2-1	81883	Ortholog	1	mapped
NKX2-5	NKX2-5	1482	official_symbol	nkx2-5	30696	Ortholog	1	mapped
NOD2	NOD2	64127	official_symbol	nod2	777696	Ortholog	1	mapped
NONO	NONO	4841	official_symbol	nono	321994	Ortholog	1	mapped
NOP56	NOP56	10528	official_symbol	nop56	394196	Ortholog	1	mapped
NPM1	NPM1	4869	official_symbol				0	no_zebrafish_ortholog
NR3C1	NR3C1	2908	official_symbol	nr3c1	553740	Ortholog	1	mapped
NR4A2	NR4A2	4929	official_symbol	nr4a2b	436679	Ortholog	1	mapped
NRAS	NRAS	4893	official_symbol	nras	30380	Ortholog	1	mapped
NSUN3	NSUN3	63899	official_symbol	nsun3	553534	Ortholog	1	mapped
NTNG2	NTNG2	84628	official_symbol	ntng2a	560014	Ortholog	1	mapped
NTRK2	NTRK2	4915	official_symbol	ntrk2a	65090	Ortholog	1	mapped
NUBPL	NUBPL	80224	official_symbol	nubpl	436715	Ortholog	1	mapped
NUMA1	NUMA1	4926	official_symbol	numa1	572344	Ortholog	1	mapped
NUP54	NUP54	53371	official_symbol	nup54	335750	Ortholog	1	mapped
NUP62	NUP62	23636	official_symbol				0	no_zebrafish_ortholog
NUS1	NUS1	116150	official_symbol	nus1	436629	Ortholog	1	mapped
NUTM2B-AS1	NUTM2B-AS1	101060691	official_symbol				0	no_zebrafish_ortholog
OAT	OAT	4942	official_symbol	oat	572518	Ortholog	1	mapped
OPTN	OPTN	10133	official_symbol	optn	336159	Ortholog	1	mapped
OSTM1	OSTM1	28962	official_symbol	ostm1	100320445	Ortholog	1	mapped
P4HA2	P4HA2	8974	official_symbol				0	no_zebrafish_ortholog
PABPN1	PABPN1	8106	official_symbol	pabpn1	406543	Ortholog	1	mapped
PACS2	PACS2	23241	official_symbol				0	no_zebrafish_ortholog
PAFAH1B1	PAFAH1B1	5048	official_symbol				0	no_zebrafish_ortholog
PARS2	PARS2	25973	official_symbol	pars2	325494	Ortholog	1	mapped
PAX8	PAX8	7849	official_symbol	pax8	60637	Ortholog	1	mapped
PCLO	PCLO	27445	official_symbol	pcloa	100148002	Ortholog	1	mapped
PCNA	PCNA	5111	official_symbol	pcna	30678	Ortholog	1	mapped
PDCD10	PDCD10	11235	official_symbol	pdcd10a	393527	Ortholog	1	mapped
PDE11A	PDE11A	50940	official_symbol	pde11a	561338	Ortholog	1	mapped
PDGFB	PDGFB	5155	official_symbol				0	no_zebrafish_ortholog
PDK3	PDK3	5165	official_symbol				0	no_zebrafish_ortholog
PDXK	PDXK	8566	official_symbol				0	no_zebrafish_ortholog
PET100	PET100	100131801	official_symbol	pet100	100334510	Ortholog	1	mapped
PEX1	PEX1	5189	official_symbol	pex1	793906	Ortholog	1	mapped
PEX10	PEX10	5192	official_symbol	pex10	449821	Ortholog	1	mapped
PEX11B	PEX11B	8799	official_symbol	pex11b	566742	Ortholog	1	mapped
PEX12	PEX12	5193	official_symbol	pex12	393174	Ortholog	1	mapped
PEX13	PEX13	5194	official_symbol	pex13	393618	Ortholog	1	mapped
PEX14	PEX14	5195	official_symbol	pex14	559933	Ortholog	1	mapped
PEX16	PEX16	9409	official_symbol	pex16	573990	Ortholog	1	mapped
PEX19	PEX19	5824	official_symbol	pex19	324778	Ortholog	1	mapped
PEX2	PEX2	5828	official_symbol	pex2	556228	Ortholog	1	mapped
PEX26	PEX26	55670	official_symbol	pex26	334644	Ortholog	1	mapped
PEX3	PEX3	8504	official_symbol	pex3	393197	Ortholog	1	mapped
PEX5	PEX5	5830	official_symbol	pex5	394131	Ortholog	1	mapped
PEX6	PEX6	5190	official_symbol	pex6	792998	Ortholog	1	mapped
PEX7	PEX7	5191	official_symbol	pex7	541405	Ortholog	1	mapped
PFN1	PFN1	5216	official_symbol				0	no_zebrafish_ortholog
PGAP2	PGAP2	27315	official_symbol	pgap2	541417	Ortholog	1	mapped
PGK1	PGK1	5230	official_symbol				0	no_zebrafish_ortholog
PGM1	PGM1	5236	official_symbol	pgm1	394000	Ortholog	1	mapped
PGM2L1	PGM2L1	283209	official_symbol	pgm2l1	449945	Ortholog	1	mapped
PHACTR1	PHACTR1	221692	official_symbol	phactr1	100334776	Ortholog	1	mapped
PHEX	PHEX	5251	official_symbol	phex	386969	Ortholog	1	mapped
PHKA2	PHKA2	5256	official_symbol				0	no_zebrafish_ortholog
PHKB	PHKB	5257	official_symbol	phkb	569706	Ortholog	1	mapped
PHKG1	PHKG1	5260	official_symbol				0	no_zebrafish_ortholog
PHKG2	PHKG2	5261	official_symbol	phkg2	393937	Ortholog	1	mapped
PHYH	PHYH	5264	official_symbol	phyh	550521	Ortholog	1	mapped
PI4KA	PI4KA	5297	official_symbol				0	no_zebrafish_ortholog
PIEZO2	PIEZO2	63895	official_symbol	piezo2b	100534973	Ortholog	1	mapped
PIGA	PIGA	5277	official_symbol	piga	791759	Ortholog	1	mapped
PIGF	PIGF	5281	official_symbol	pigf	402942	Ortholog	1	mapped
PIGN	PIGN	23556	official_symbol	pign	556797	Ortholog	1	mapped
PIGP	PIGP	51227	official_symbol	pigp	325316	Ortholog	1	mapped
PIGQ	PIGQ	9091	official_symbol	pigq	321218	Ortholog	1	mapped
PIK3CA	PIK3CA	5290	official_symbol	pik3ca	561737	Ortholog	1	mapped
PIK3R5	PIK3R5	23533	official_symbol	pik3r5	323588	Ortholog	1	mapped
PLA2G6	PLA2G6	8398	official_symbol	pla2g6	406370	Ortholog	1	mapped
PLAA	PLAA	9373	official_symbol	plaa	324855	Ortholog	1	mapped
PLEKHG5	PLEKHG5	57449	official_symbol				0	no_zebrafish_ortholog
PLIN4	PLIN4	729359	official_symbol				0	no_zebrafish_ortholog
PLP1	PLP1	5354	official_symbol	plp1a	64264	Ortholog	1	mapped
PLXND1	PLXND1	23129	official_symbol	plxnd1	402998	Ortholog	1	mapped
PML	PML	5371	official_symbol				0	no_zebrafish_ortholog
PMM2	PMM2	5373	official_symbol	pmm2	368229	Ortholog	1	mapped
PMP2	PMP2	5375	official_symbol				0	no_zebrafish_ortholog
PMP22	PMP22	5376	official_symbol	pmp22b	678607	Ortholog	1	mapped
PMPCA	PMPCA	23203	official_symbol	pmpca	492801	Ortholog	1	mapped
PMPCB	PMPCB	9512	official_symbol	pmpcb	503532	Ortholog	1	mapped
PNKD	PNKD	25953	official_symbol				0	no_zebrafish_ortholog
PNKP	PNKP	11284	official_symbol	pnkp	569462	Ortholog	1	mapped
PNPLA2	PNPLA2	57104	official_symbol	pnpla2	101887155	Ortholog	1	mapped
PNPLA6	PNPLA6	10908	official_symbol	pnpla6	560986	Ortholog	1	mapped
PNPLA8	PNPLA8	50640	official_symbol	pnpla8	100126812	Ortholog	1	mapped
POGLUT1	POGLUT1	56983	official_symbol	poglut1	641495	Ortholog	1	mapped
POLG2	POLG2	11232	official_symbol	polg2	100150674	Ortholog	1	mapped
POLR1A	POLR1A	25885	official_symbol	polr1a	327078	Ortholog	1	mapped
POLR3A	POLR3A	11128	official_symbol	polr3a	572258	Ortholog	1	mapped
POLR3GL	POLR3GL	84265	official_symbol	polr3glb	449786	Ortholog	1	mapped
POLRMT	POLRMT	5442	official_symbol	polrmt	100034434	Ortholog	1	mapped
POMGNT2	POMGNT2	84892	official_symbol	pomgnt2	497644	Ortholog	1	mapped
POMK	POMK	84197	official_symbol	pomk	492773	Ortholog	1	mapped
PON1	PON1	5444	official_symbol				0	no_zebrafish_ortholog
PON2	PON2	5445	official_symbol				0	no_zebrafish_ortholog
PON3	PON3	5446	official_symbol				0	no_zebrafish_ortholog
POU3F4	POU3F4	5456	official_symbol				0	no_zebrafish_ortholog
PPARGC1A	PPARGC1A	10891	official_symbol	ppargc1a	553418	Ortholog	1	mapped
PPOX	PPOX	5498	official_symbol	ppox	664750	Ortholog	1	mapped
PPP1R15B	PPP1R15B	84919	official_symbol	ppp1r15b	100538163	Ortholog	1	mapped
PRKACA	PRKACA	5566	official_symbol				0	no_zebrafish_ortholog
PRKAR1A	PRKAR1A	5573	official_symbol				0	no_zebrafish_ortholog
PRNP	PRNP	5621	official_symbol				0	no_zebrafish_ortholog
PROK2	PROK2	60675	official_symbol				0	no_zebrafish_ortholog
PROKR2	PROKR2	128674	official_symbol				0	no_zebrafish_ortholog
PRORP	PRORP	9692	official_symbol	prorp	555630	Ortholog	1	mapped
PRPH	PRPH	5630	official_symbol	prph	30259	Ortholog	1	mapped
PRPS1	PRPS1	5631	official_symbol	prps1b	560827	Ortholog	1	mapped
PRRT2	PRRT2	112476	official_symbol				0	no_zebrafish_ortholog
PRX	PRX	57716	official_symbol	prx	571950	Ortholog	1	mapped
PSAP	PSAP	5660	official_symbol	psap	140811	Ortholog	1	mapped
PSMB8	PSMB8	5696	official_symbol				0	no_zebrafish_ortholog
PTCRA	PTCRA	171558	official_symbol				0	no_zebrafish_ortholog
PTDSS1	PTDSS1	9791	official_symbol				0	no_zebrafish_ortholog
PTEN	PTEN	5728	official_symbol	ptenb	368415	Ortholog	1	mapped
PTPN11	PTPN11	5781	official_symbol	ptpn11a	333979	Ortholog	1	mapped
PTPN22	PTPN22	26191	official_symbol				0	no_zebrafish_ortholog
PTRH2	PTRH2	51651	official_symbol	ptrh2	791795	Ortholog	1	mapped
PTRHD1	PTRHD1	391356	official_symbol	ptrhd1	563207	Ortholog	1	mapped
PTS	PTS	5805	official_symbol	pts	100073330	Ortholog	1	mapped
PUF60	PUF60	22827	official_symbol				0	no_zebrafish_ortholog
PUS1	PUS1	80324	official_symbol	pus1	494060	Ortholog	1	mapped
PYGM	PYGM	5837	official_symbol				0	no_zebrafish_ortholog
PYROXD1	PYROXD1	79912	official_symbol	pyroxd1	393736	Ortholog	1	mapped
RAB7A	RAB7A	7879	official_symbol	rab7a	393902	Ortholog	1	mapped
RAF1	RAF1	5894	official_symbol	raf1b	557109	Ortholog	1	mapped
RAI1	RAI1	10743	official_symbol	rai1	101885257	Ortholog	1	mapped
RALGAPA1	RALGAPA1	253959	official_symbol	ralgapa1	556427	Ortholog	1	mapped
RANBP2	RANBP2	5903	official_symbol				0	no_zebrafish_ortholog
RARA	RARA	5914	official_symbol	raraa	30680	Ortholog	1	mapped
RARS1	RARS1	5917	official_symbol	rars1	337070	Ortholog	1	mapped
RARS2	RARS2	57038	official_symbol	rars2	393589	Ortholog	1	mapped
RASA1	RASA1	5921	official_symbol	rasa1a	100002155	Ortholog	1	mapped
RASA2	RASA2	5922	official_symbol				0	no_zebrafish_ortholog
RBCK1	RBCK1	10616	official_symbol	rbck1	431715	Ortholog	1	mapped
RBSN	RBSN	64145	official_symbol	rbsn	569240	Ortholog	1	mapped
REEP1	REEP1	65055	official_symbol	reep1	799901	Ortholog	1	mapped
RETREG1	RETREG1	54463	official_symbol	retreg1	100003524	Ortholog	1	mapped
REV3L	REV3L	5980	official_symbol	rev3l	569100	Ortholog	1	mapped
RFC1	RFC1	5981	official_symbol	rfc1	100037336	Ortholog	1	mapped
RFXAP	RFXAP	5994	official_symbol	rfxap	100006212	Ortholog	1	mapped
RHOBTB2	RHOBTB2	23221	official_symbol	rhobtb2a	792631	Ortholog	1	mapped
RIT1	RIT1	6016	official_symbol				0	no_zebrafish_ortholog
RNASEH1	RNASEH1	246243	official_symbol	rnaseh1	436932	Ortholog	1	mapped
RNF170	RNF170	81790	official_symbol	rnf170	406612	Ortholog	1	mapped
RNF31	RNF31	55072	official_symbol	rnf31	100334178	Ortholog	1	mapped
RNU12	RNU12	267010	official_symbol				0	no_zebrafish_ortholog
RPS6KA3	RPS6KA3	6197	official_symbol				0	no_zebrafish_ortholog
RRAS	RRAS	6237	official_symbol	rras	449660	Ortholog	1	mapped
RRAS2	RRAS2	22800	official_symbol	rras2	550513	Ortholog	1	mapped
RRM2B	RRM2B	50484	official_symbol				0	no_zebrafish_ortholog
RTN2	RTN2	6253	official_symbol				0	no_zebrafish_ortholog
RUSC2	RUSC2	9853	official_symbol	rusc2	556081	Ortholog	1	mapped
RXYLT1	RXYLT1	10329	official_symbol	rxylt1	557187	Ortholog	1	mapped
SACS	SACS	26278	official_symbol	sacs	558150	Ortholog	1	mapped
SALL4	SALL4	57167	official_symbol	sall4	572527	Ortholog	1	mapped
SARDH	SARDH	1757	official_symbol	sardh	394103	Ortholog	1	mapped
SARS1	SARS1	6301	official_symbol	sars1	445405	Ortholog	1	mapped
SAT1	SAT1	6303	official_symbol				0	no_zebrafish_ortholog
SBF1	SBF1	6305	official_symbol	sbf1	568277	Ortholog	1	mapped
SBF2	SBF2	81846	official_symbol	sbf2	378456	Ortholog	1	mapped
SCN1A	SCN1A	6323	official_symbol				0	no_zebrafish_ortholog
SCN1B	SCN1B	6324	official_symbol				0	no_zebrafish_ortholog
SCN2A	SCN2A	6326	official_symbol				0	no_zebrafish_ortholog
SCN3A	SCN3A	6328	official_symbol				0	no_zebrafish_ortholog
SCN8A	SCN8A	6334	official_symbol				0	no_zebrafish_ortholog
SCNN1A	SCNN1A	6337	official_symbol				0	no_zebrafish_ortholog
SCNN1B	SCNN1B	6338	official_symbol				0	no_zebrafish_ortholog
SCNN1G	SCNN1G	6340	official_symbol				0	no_zebrafish_ortholog
SCYL1	SCYL1	57410	official_symbol	scyl1	793792	Ortholog	1	mapped
SCYL2	SCYL2	55681	official_symbol	scyl2	557149	Ortholog	1	mapped
SDHA	SDHA	6389	official_symbol	sdha	393884	Ortholog	1	mapped
SDHAF1	SDHAF1	644096	official_symbol	sdhaf1	606612	Ortholog	1	mapped
SDHB	SDHB	6390	official_symbol	sdhb	562149	Ortholog	1	mapped
SDHD	SDHD	6392	official_symbol	sdhdb	445500	Ortholog	1	mapped
SECISBP2	SECISBP2	79048	official_symbol	secisbp2	553399	Ortholog	1	mapped
SEMA3A	SEMA3A	10371	official_symbol	sema3ab	30267	Ortholog	1	mapped
SEMA3E	SEMA3E	9723	official_symbol				0	no_zebrafish_ortholog
SEPTIN9	SEPTIN9	10801	official_symbol				0	no_zebrafish_ortholog
SERPING1	SERPING1	710	official_symbol				0	no_zebrafish_ortholog
SETX	SETX	23064	official_symbol	setx	562474	Ortholog	1	mapped
SFRP4	SFRP4	6424	official_symbol				0	no_zebrafish_ortholog
SGCD	SGCD	6444	official_symbol	sgcd	324961	Ortholog	1	mapped
SH3TC2	SH3TC2	79628	official_symbol	sh3tc2	100535152	Ortholog	1	mapped
SHMT2	SHMT2	6472	official_symbol	shmt2	100144628	Ortholog	1	mapped
SIK1	SIK1	150094	official_symbol				0	no_zebrafish_ortholog
SIL1	SIL1	64374	official_symbol	sil1	568308	Ortholog	1	mapped
SLC12A1	SLC12A1	6557	official_symbol	slc12a1	100329975	Ortholog	1	mapped
SLC12A3	SLC12A3	6559	official_symbol	slc12a3	565439	Ortholog	1	mapped
SLC12A6	SLC12A6	9990	official_symbol	slc12a6	100330290	Ortholog	1	mapped
SLC13A5	SLC13A5	284111	official_symbol				0	no_zebrafish_ortholog
SLC16A2	SLC16A2	6567	official_symbol				0	no_zebrafish_ortholog
SLC18A2	SLC18A2	6571	official_symbol	slc18a2	553304	Ortholog	1	mapped
SLC19A3	SLC19A3	80704	official_symbol				0	no_zebrafish_ortholog
SLC1A2	SLC1A2	6506	official_symbol	slc1a2a	560802	Ortholog	1	mapped
SLC22A5	SLC22A5	6584	official_symbol				0	no_zebrafish_ortholog
SLC25A19	SLC25A19	60386	official_symbol	slc25a19	403024	Ortholog	1	mapped
SLC25A20	SLC25A20	788	official_symbol	slc25a20	393833	Ortholog	1	mapped
SLC25A21	SLC25A21	89874	official_symbol	slc25a21	767694	Ortholog	1	mapped
SLC25A22	SLC25A22	79751	official_symbol				0	no_zebrafish_ortholog
SLC25A24	SLC25A24	29957	official_symbol	slc25a24	447867	Ortholog	1	mapped
SLC25A26	SLC25A26	115286	official_symbol	slc25a26	560478	Ortholog	1	mapped
SLC25A4	SLC25A4	291	official_symbol	slc25a4	327067	Ortholog	1	mapped
SLC25A42	SLC25A42	284439	official_symbol	slc25a42	751743	Ortholog	1	mapped
SLC25A46	SLC25A46	91137	official_symbol	slc25a46	436831	Ortholog	1	mapped
SLC26A4	SLC26A4	5172	official_symbol	slc26a4	563818	Ortholog	1	mapped
SLC2A3	SLC2A3	6515	official_symbol				0	no_zebrafish_ortholog
SLC32A1	SLC32A1	140679	official_symbol	slc32a1	798575	Ortholog	1	mapped
SLC33A1	SLC33A1	9197	official_symbol	slc33a1	394083	Ortholog	1	mapped
SLC34A1	SLC34A1	6569	official_symbol				0	no_zebrafish_ortholog
SLC34A2	SLC34A2	10568	official_symbol				0	no_zebrafish_ortholog
SLC34A3	SLC34A3	142680	official_symbol				0	no_zebrafish_ortholog
SLC35A2	SLC35A2	7355	official_symbol	slc35a2	555288	Ortholog	1	mapped
SLC38A3	SLC38A3	10991	official_symbol				0	no_zebrafish_ortholog
SLC39A14	SLC39A14	23516	official_symbol	slc39a14	799782	Ortholog	1	mapped
SLC39A8	SLC39A8	64116	official_symbol				0	no_zebrafish_ortholog
SLC4A1	SLC4A1	6521	official_symbol				0	no_zebrafish_ortholog
SLC52A2	SLC52A2	79581	official_symbol				0	no_zebrafish_ortholog
SLC52A3	SLC52A3	113278	official_symbol	slc52a3-1	678609	Ortholog	1	mapped
SLC5A6	SLC5A6	8884	official_symbol	slc5a6a	563356	Ortholog	1	mapped
SLC7A7	SLC7A7	9056	official_symbol				0	no_zebrafish_ortholog
SLC9A7	SLC9A7	84679	official_symbol	slc9a7	554532	Ortholog	1	mapped
SMARCAL1	SMARCAL1	50485	official_symbol	smarcal1	560412	Ortholog	1	mapped
SMARCB1	SMARCB1	6598	official_symbol				0	no_zebrafish_ortholog
SMARCE1	SMARCE1	6605	official_symbol	smarce1	322248	Ortholog	1	mapped
SMCHD1	SMCHD1	23347	official_symbol	smchd1	497282	Ortholog	1	mapped
SMN2	SMN2	6607	official_symbol				0	no_zebrafish_ortholog
SMPD1	SMPD1	6609	official_symbol	smpd1	556700	Ortholog	1	mapped
SNAP29	SNAP29	9342	official_symbol	snap29	553460	Ortholog	1	mapped
SNUPN	SNUPN	10073	official_symbol	snupn	324743	Ortholog	1	mapped
SNX10	SNX10	29887	official_symbol				0	no_zebrafish_ortholog
SOD1	SOD1	6647	official_symbol	sod1	30553	Ortholog	1	mapped
SORD	SORD	6652	official_symbol	sord	570613	Ortholog	1	mapped
SOS1	SOS1	6654	official_symbol				0	no_zebrafish_ortholog
SOS2	SOS2	6655	official_symbol	sos2	561670	Ortholog	1	mapped
SOST	SOST	50964	official_symbol	sost	100000500	Ortholog	1	mapped
SOX10	SOX10	6663	official_symbol	sox10	140616	Ortholog	1	mapped
SPARC	SPARC	6678	official_symbol	sparc	321357	Ortholog	1	mapped
SPART	SPART	23111	official_symbol	sparta	100005765	Ortholog	1	mapped
SPAST	SPAST	6683	official_symbol	spast	405851	Ortholog	1	mapped
SPEG	SPEG	10290	official_symbol				0	no_zebrafish_ortholog
SPG21	SPG21	51324	official_symbol	spg21	406704	Ortholog	1	mapped
SPG7	SPG7	6687	official_symbol	spg7	794740	Ortholog	1	mapped
SPP1	SPP1	6696	official_symbol	spp1	432385	Ortholog	1	mapped
SPR	SPR	6697	official_symbol				0	no_zebrafish_ortholog
SPRED2	SPRED2	200734	official_symbol				0	no_zebrafish_ortholog
SPRY4	SPRY4	81848	official_symbol	spry4	114437	Ortholog	1	mapped
SPTA1	SPTA1	6708	official_symbol				0	no_zebrafish_ortholog
SPTAN1	SPTAN1	6709	official_symbol	sptan1	553383	Ortholog	1	mapped
SPTB	SPTB	6710	official_symbol	sptb	58040	Ortholog	1	mapped
SPTBN2	SPTBN2	6712	official_symbol				0	no_zebrafish_ortholog
SPTLC2	SPTLC2	9517	official_symbol				0	no_zebrafish_ortholog
SRPX2	SRPX2	27286	official_symbol	srpx2	100332730	Ortholog	1	mapped
STAG2	STAG2	10735	official_symbol				0	no_zebrafish_ortholog
STAT1	STAT1	6772	official_symbol				0	no_zebrafish_ortholog
STAT4	STAT4	6775	official_symbol	stat4	368519	Ortholog	1	mapped
STAT5B	STAT5B	6777	official_symbol				0	no_zebrafish_ortholog
SUCLA2	SUCLA2	8803	official_symbol	sucla2	406299	Ortholog	1	mapped
SUFU	SUFU	51684	official_symbol	sufu	100001615	Ortholog	1	mapped
SUPT16H	SUPT16H	11198	official_symbol	supt16h	562348	Ortholog	1	mapped
SURF1	SURF1	6834	official_symbol	surf1	557970	Ortholog	1	mapped
SYNGAP1	SYNGAP1	8831	official_symbol				0	no_zebrafish_ortholog
SYNJ1	SYNJ1	8867	official_symbol	synj1	337236	Ortholog	1	mapped
SZT2	SZT2	23334	official_symbol	szt2	571986	Ortholog	1	mapped
TACR3	TACR3	6870	official_symbol				0	no_zebrafish_ortholog
TAF15	TAF15	8148	official_symbol				0	no_zebrafish_ortholog
TAFAZZIN	TAFAZZIN	6901	official_symbol	tafazzin	321965	Ortholog	1	mapped
TANGO2	TANGO2	128989	official_symbol	tango2	445324	Ortholog	1	mapped
TARDBP	TARDBP	23435	official_symbol	tardbpa	386630	Ortholog	1	mapped
TBCD	TBCD	6904	official_symbol	tbcd	553265	Ortholog	1	mapped
TBCE	TBCE	6905	official_symbol	tbce	664760	Ortholog	1	mapped
TBK1	TBK1	29110	official_symbol	tbk1	692289	Ortholog	1	mapped
TBL1XR1	TBL1XR1	79718	official_symbol	tbl1xr1a	553608	Ortholog	1	mapped
TCIRG1	TCIRG1	10312	official_symbol				0	no_zebrafish_ortholog
TCN2	TCN2	6948	official_symbol				0	no_zebrafish_ortholog
TDP1	TDP1	55775	official_symbol	tdp1	571485	Ortholog	1	mapped
TEFM	TEFM	79736	official_symbol	tefm	566236	Ortholog	1	mapped
TERT	TERT	7015	official_symbol	tert	796551	Ortholog	1	mapped
TFAP2A	TFAP2A	7020	official_symbol	tfap2a	140618	Ortholog	1	mapped
TFG	TFG	10342	official_symbol	tfg	336466	Ortholog	1	mapped
TGM6	TGM6	343641	official_symbol				0	no_zebrafish_ortholog
TIA1	TIA1	7072	official_symbol	tia1	793165	Ortholog	1	mapped
TIMM50	TIMM50	92609	official_symbol	timm50	393638	Ortholog	1	mapped
TIMMDC1	TIMMDC1	51300	official_symbol	timmdc1	550526	Ortholog	1	mapped
TMEM126B	TMEM126B	55863	official_symbol				0	no_zebrafish_ortholog
TMEM165	TMEM165	55858	official_symbol	tmem165	324501	Ortholog	1	mapped
TMEM63A	TMEM63A	9725	official_symbol				0	no_zebrafish_ortholog
TNFRSF11B	TNFRSF11B	4982	official_symbol				0	no_zebrafish_ortholog
TNPO3	TNPO3	23534	official_symbol	tnpo3	394062	Ortholog	1	mapped
TNR	TNR	7143	official_symbol	tnr	369191	Ortholog	1	mapped
TNXB	TNXB	7148	official_symbol				0	no_zebrafish_ortholog
TOE1	TOE1	114034	official_symbol	toe1	568260	Ortholog	1	mapped
TOR1A	TOR1A	1861	official_symbol				0	no_zebrafish_ortholog
TP53	TP53	7157	official_symbol	tp53	30590	Ortholog	1	mapped
TPI1	TPI1	7167	official_symbol	tpi1b	560753	Ortholog	1	mapped
TRAF7	TRAF7	84231	official_symbol	traf7	563746	Ortholog	1	mapped
TRAK1	TRAK1	22906	official_symbol				0	no_zebrafish_ortholog
TRAPPC6B	TRAPPC6B	122553	official_symbol	trappc6b	450008	Ortholog	1	mapped
TRDN	TRDN	10345	official_symbol	trdn	100038781	Ortholog	1	mapped
TREM2	TREM2	54209	official_symbol				0	no_zebrafish_ortholog
TREX1	TREX1	11277	official_symbol				0	no_zebrafish_ortholog
TRH	TRH	7200	official_symbol	trh	266721	Ortholog	1	mapped
TRIM2	TRIM2	23321	official_symbol				0	no_zebrafish_ortholog
TRIM8	TRIM8	81603	official_symbol	trim8a	101180910	Ortholog	1	mapped
TRMT1	TRMT1	55621	official_symbol	trmt1	553298	Ortholog	1	mapped
TRMT10A	TRMT10A	93587	official_symbol	trmt10a	560222	Ortholog	1	mapped
TRMT5	TRMT5	57570	official_symbol	trmt5	564078	Ortholog	1	mapped
TRPM7	TRPM7	54822	official_symbol	trpm7	280653	Ortholog	1	mapped
TRPV4	TRPV4	59341	official_symbol	trpv4	557850	Ortholog	1	mapped
TSFM	TSFM	10102	official_symbol	tsfm	567785	Ortholog	1	mapped
TSHR	TSHR	7253	official_symbol	tshr	560609	Ortholog	1	mapped
TTC19	TTC19	54902	official_symbol	ttc19	564788	Ortholog	1	mapped
TTPA	TTPA	7274	official_symbol	ttpa	325906	Ortholog	1	mapped
TTR	TTR	7276	official_symbol	ttr	449556	Ortholog	1	mapped
TUBB3	TUBB3	10381	official_symbol				0	no_zebrafish_ortholog
TUBB6	TUBB6	84617	official_symbol	tubb6	550458	Ortholog	1	mapped
TYMP	TYMP	1890	official_symbol	tymp	103910413	Ortholog	1	mapped
UBA1	UBA1	7317	official_symbol	uba1	406335	Ortholog	1	mapped
UBA2	UBA2	10054	official_symbol	uba2	406672	Ortholog	1	mapped
UBA5	UBA5	79876	official_symbol	uba5	386712	Ortholog	1	mapped
UBAP1	UBAP1	51271	official_symbol	ubap1	393183	Ortholog	1	mapped
UBE2T	UBE2T	29089	official_symbol	ube2t	768152	Ortholog	1	mapped
UBE3B	UBE3B	89910	official_symbol	ube3b	556864	Ortholog	1	mapped
UBQLN2	UBQLN2	29978	official_symbol				0	no_zebrafish_ortholog
UFC1	UFC1	51506	official_symbol	ufc1	445256	Ortholog	1	mapped
UFSP2	UFSP2	55325	official_symbol	ufsp2	336782	Ortholog	1	mapped
UNC13A	UNC13A	23025	official_symbol				0	no_zebrafish_ortholog
UQCC3	UQCC3	790955	official_symbol	uqcc3	558925	Ortholog	1	mapped
UQCRFS1	UQCRFS1	7386	official_symbol	uqcrfs1	406359	Ortholog	1	mapped
USP48	USP48	84196	official_symbol	usp48	100332674	Ortholog	1	mapped
USP8	USP8	9101	official_symbol	usp8	565434	Ortholog	1	mapped
VAPB	VAPB	9217	official_symbol	vapb	323628	Ortholog	1	mapped
VARS1	VARS1	7407	official_symbol	vars1	114427	Ortholog	1	mapped
VARS2	VARS2	57176	official_symbol	vars2	100170827	Ortholog	1	mapped
VDR	VDR	7421	official_symbol				0	no_zebrafish_ortholog
VHL	VHL	7428	official_symbol	vhl	791202	Ortholog	1	mapped
VPS13D	VPS13D	55187	official_symbol	vps13d	567879	Ortholog	1	mapped
VPS50	VPS50	55610	official_symbol	vps50	137490581	Ortholog	1	mapped
VWA1	VWA1	64856	official_symbol				0	no_zebrafish_ortholog
WARS1	WARS1	7453	official_symbol	wars1	393745	Ortholog	1	mapped
WARS2	WARS2	10352	official_symbol	wars2	503745	Ortholog	1	mapped
WASHC5	WASHC5	9897	official_symbol	washc5	393152	Ortholog	1	mapped
WDR11	WDR11	55717	official_symbol	wdr11	558865	Ortholog	1	mapped
WDR83OS	WDR83OS	51398	official_symbol	wdr83os	393689	Ortholog	1	mapped
XRCC1	XRCC1	7515	official_symbol	xrcc1	445480	Ortholog	1	mapped
XRCC2	XRCC2	7516	official_symbol	xrcc2	553395	Ortholog	1	mapped
XYLT2	XYLT2	64132	official_symbol	xylt2	563446	Ortholog	1	mapped
YARS1	YARS1	8565	official_symbol	yars1	368235	Ortholog	1	mapped
YARS2	YARS2	51067	official_symbol	yars2	556702	Ortholog	1	mapped
YWHAG	YWHAG	7532	official_symbol				0	no_zebrafish_ortholog
YY1	YY1	7528	official_symbol	yy1a	322397	Ortholog	1	mapped
ZBTB16	ZBTB16	7704	official_symbol	zbtb16a	323269	Ortholog	1	mapped
ZC4H2	ZC4H2	55906	official_symbol	zc4h2	323487	Ortholog	1	mapped
ZFTA	ZFTA	65998	official_symbol				0	no_zebrafish_ortholog
ZFYVE26	ZFYVE26	23503	official_symbol	zfyve26	324565	Ortholog	1	mapped
ZNF526	ZNF526	116115	official_symbol	znf526	566071	Ortholog	1	mapped
ZNRF3	ZNRF3	84133	official_symbol	znrf3	556813	Ortholog	1	mapped
LMOD2	LMOD2	442721	official_symbol				0	no_zebrafish_ortholog
MYBPC3	MYBPC3	4607	official_symbol	mybpc3	556489	Ortholog	1	mapped
PPP1R13L	PPP1R13L	10848	official_symbol	ppp1r13l	541507	Ortholog	1	mapped
PRKAG2	PRKAG2	51422	official_symbol				0	no_zebrafish_ortholog
VCL	VCL	7414	official_symbol				0	no_zebrafish_ortholog
ACACA	ACACA	31	official_symbol	acaca	559403	Ortholog	1	mapped
ACADS	ACADS	35	official_symbol	acads	445288	Ortholog	1	mapped
ALPL	ALPL	249	official_symbol				0	no_zebrafish_ortholog
AP1S2	AP1S2	8905	official_symbol				0	no_zebrafish_ortholog
B4GALT1	B4GALT1	2683	official_symbol				0	no_zebrafish_ortholog
BAG5	BAG5	9529	official_symbol	bag5	569580	Ortholog	1	mapped
BAZ1B	BAZ1B	9031	official_symbol	baz1b	571727	Ortholog	1	mapped
BUD23	BUD23	114049	official_symbol	bud23	572367	Ortholog	1	mapped
C1QBP	C1QBP	708	official_symbol	c1qbp	334619	Ortholog	1	mapped
CAP2	CAP2	10486	official_symbol	cap2	393809	Ortholog	1	mapped
CASZ1	CASZ1	54897	official_symbol	casz1	559053	Ortholog	1	mapped
CENPF	CENPF	1063	official_symbol	cenpf	497403	Ortholog	1	mapped
CISD2	CISD2	493856	official_symbol	cisd2	393354	Ortholog	1	mapped
CLIP2	CLIP2	7461	official_symbol	clip2	556406	Ortholog	1	mapped
COMP	COMP	1311	official_symbol	comp	100318854	Ortholog	1	mapped
CRIPTO	CRIPTO	6997	official_symbol				0	no_zebrafish_ortholog
CTNS	CTNS	1497	official_symbol	ctns	553594	Ortholog	1	mapped
DNM1L	DNM1L	10059	official_symbol	dnm1l	393896	Ortholog	1	mapped
DSG2	DSG2	1829	official_symbol				0	no_zebrafish_ortholog
DSP	DSP	1832	official_symbol				0	no_zebrafish_ortholog
EIF4H	EIF4H	7458	official_symbol	eif4h	402996	Ortholog	1	mapped
EPG5	EPG5	57724	official_symbol	epg5	569543	Ortholog	1	mapped
FHL2	FHL2	2274	official_symbol				0	no_zebrafish_ortholog
FKBP6	FKBP6	8468	official_symbol	fkbp6	402839	Ortholog	1	mapped
FOXH1	FOXH1	8928	official_symbol				0	no_zebrafish_ortholog
G6PC3	G6PC3	92579	official_symbol	g6pc3	790919	Ortholog	1	mapped
GABRD	GABRD	2563	official_symbol	gabrd	571422	Ortholog	1	mapped
GAS1	GAS1	2619	official_symbol				0	no_zebrafish_ortholog
GATAD1	GATAD1	57798	official_symbol	gatad1	678617	Ortholog	1	mapped
GCLC	GCLC	2729	official_symbol	gclc	326857	Ortholog	1	mapped
GET3	GET3	439	official_symbol	get3	325704	Ortholog	1	mapped
GK	GK	2710	official_symbol				0	no_zebrafish_ortholog
GLI2	GLI2	2736	official_symbol				0	no_zebrafish_ortholog
GTF2I	GTF2I	2969	official_symbol				0	no_zebrafish_ortholog
GTF2IRD2	GTF2IRD2	84163	official_symbol				0	no_zebrafish_ortholog
GYS1	GYS1	2997	official_symbol	gys1	394155	Ortholog	1	mapped
HAND2	HAND2	9464	official_symbol	hand2	58150	Ortholog	1	mapped
JPH2	JPH2	57158	official_symbol	jph2	553333	Ortholog	1	mapped
KCNAB2	KCNAB2	8514	official_symbol	kcnab2a	797337	Ortholog	1	mapped
LAMA4	LAMA4	3910	official_symbol	lama4	566796	Ortholog	1	mapped
LIMK1	LIMK1	3984	official_symbol	limk1a	735292	Ortholog	1	mapped
LMNB2	LMNB2	84823	official_symbol	lmnb2	30196	Ortholog	1	mapped
LUZP1	LUZP1	7798	official_symbol	luzp1	558606	Ortholog	1	mapped
MAN2B1	MAN2B1	4125	official_symbol	man2b1	541519	Ortholog	1	mapped
METTL27	METTL27	155368	official_symbol	mettl27	678636	Ortholog	1	mapped
MMP23B	MMP23B	8510	official_symbol	mmp23ba	101882601	Ortholog	1	mapped
MT-RNR1			not_found				0	human_gene_not_found
MT-TC			not_found				0	human_gene_not_found
MT-TT			not_found				0	human_gene_not_found
MYH6	MYH6	4624	official_symbol				0	no_zebrafish_ortholog
MYO18B	MYO18B	84700	official_symbol	myo18b	100331349	Ortholog	1	mapped
NCF1	NCF1	653361	official_symbol	ncf1	378966	Ortholog	1	mapped
NEXN	NEXN	91624	official_symbol	nexn	573301	Ortholog	1	mapped
NODAL	NODAL	4838	official_symbol				0	no_zebrafish_ortholog
PANK2	PANK2	80025	official_symbol				0	no_zebrafish_ortholog
PDPN	PDPN	10630	official_symbol	pdpn	564557	Ortholog	1	mapped
PGAM2	PGAM2	5224	official_symbol				0	no_zebrafish_ortholog
PLN	PLN	5350	official_symbol	pln1	555548	Ortholog	1	mapped
PPCS	PPCS	79717	official_symbol	ppcs	561272	Ortholog	1	mapped
PRDM16	PRDM16	63976	official_symbol	prdm16	796720	Ortholog	1	mapped
PRKCZ	PRKCZ	5590	official_symbol				0	no_zebrafish_ortholog
PSEN1	PSEN1	5663	official_symbol	psen1	30221	Ortholog	1	mapped
PSEN2	PSEN2	5664	official_symbol	psen2	58026	Ortholog	1	mapped
PTCH1	PTCH1	5727	official_symbol	ptch1	30189	Ortholog	1	mapped
RBM20	RBM20	282996	official_symbol	rbm20	497540	Ortholog	1	mapped
RERE	RERE	473	official_symbol	rerea	569081	Ortholog	1	mapped
RET	RET	5979	official_symbol	ret	30512	Ortholog	1	mapped
RFC2	RFC2	5982	official_symbol	rfc2	503748	Ortholog	1	mapped
RMND1	RMND1	55005	official_symbol	rmnd1	553810	Ortholog	1	mapped
ROBO3	ROBO3	64221	official_symbol	robo3	30770	Ortholog	1	mapped
RPL3L	RPL3L	6123	official_symbol				0	no_zebrafish_ortholog
SAR1B	SAR1B	51128	official_symbol	sar1b	554177	Ortholog	1	mapped
SCN5A	SCN5A	6331	official_symbol				0	no_zebrafish_ortholog
SIX3	SIX3	6496	official_symbol	six3a	30635	Ortholog	1	mapped
SLC25A3	SLC25A3	5250	official_symbol				0	no_zebrafish_ortholog
SPEN	SPEN	23013	official_symbol	spen	503940	Ortholog	1	mapped
STX1A	STX1A	6804	official_symbol				0	no_zebrafish_ortholog
TAF1A	TAF1A	9015	official_symbol	taf1a	567105	Ortholog	1	mapped
TBL2	TBL2	26608	official_symbol	tbl2	337068	Ortholog	1	mapped
TGIF1	TGIF1	7050	official_symbol	tgif1	321756	Ortholog	1	mapped
TKFC	TKFC	26007	official_symbol	tkfc	793926	Ortholog	1	mapped
TMEM270	TMEM270	135886	official_symbol				0	no_zebrafish_ortholog
TMPO	TMPO	7112	official_symbol	tmpoa	352907	Ortholog	1	mapped
TNNT2	TNNT2	7139	official_symbol	tnnt2a	58071	Ortholog	1	mapped
TPM1	TPM1	7168	official_symbol				0	no_zebrafish_ortholog
TXNRD2	TXNRD2	10587	official_symbol	txnrd2.2	798259	Ortholog	1	mapped
UBE4B	UBE4B	10277	official_symbol	ube4b	170784	Ortholog	1	mapped
VEZF1	VEZF1	7716	official_symbol	vezf1b	556915	Ortholog	1	mapped
VPS37D	VPS37D	155382	official_symbol				0	no_zebrafish_ortholog
WFS1	WFS1	7466	official_symbol	wfs1b	556580	Ortholog	1	mapped
XDH	XDH	7498	official_symbol	xdh	560486	Ortholog	1	mapped
ZBTB20	ZBTB20	26137	official_symbol	zbtb20	568779	Ortholog	1	mapped
ZIC2	ZIC2	7546	official_symbol	zic2a	58077	Ortholog	1	mapped
ADIPOQ	ADIPOQ	9370	official_symbol	adipoqb	751715	Ortholog	1	mapped
ADIPOR1	ADIPOR1	51094	official_symbol				0	no_zebrafish_ortholog
AHSG	AHSG	197	official_symbol				0	no_zebrafish_ortholog
AKT2	AKT2	208	official_symbol	akt2	378972	Ortholog	1	mapped
AKT3	AKT3	10000	official_symbol	akt3a	560549	Ortholog	1	mapped
ALAS1	ALAS1	211	official_symbol	alas1	64608	Ortholog	1	mapped
AP3S1	AP3S1	1176	official_symbol	ap3s1	449791	Ortholog	1	mapped
APC	APC	324	official_symbol	apc	386762	Ortholog	1	mapped
APPL1	APPL1	26060	official_symbol	appl1	571540	Ortholog	1	mapped
APPL2	APPL2	55198	official_symbol	appl2	100000135	Ortholog	1	mapped
ATP2B1	ATP2B1	490	official_symbol				0	no_zebrafish_ortholog
BAIAP2	BAIAP2	10458	official_symbol	baiap2b	100537012	Ortholog	1	mapped
BCAR1	BCAR1	9564	official_symbol	bcar1	568309	Ortholog	1	mapped
BCAR3	BCAR3	8412	official_symbol	bcar3	570610	Ortholog	1	mapped
BGLAP	BGLAP	632	official_symbol	bglap	792433	Ortholog	1	mapped
BLVRA	BLVRA	644	official_symbol	blvra	767661	Ortholog	1	mapped
BLVRB	BLVRB	645	official_symbol	blvrb	436959	Ortholog	1	mapped
C1QTNF12	C1QTNF12	388581	official_symbol	c1qtnf12	790933	Ortholog	1	mapped
C2CD5	C2CD5	9847	official_symbol	c2cd5	393585	Ortholog	1	mapped
CAPN10	CAPN10	11132	official_symbol	capn10	570311	Ortholog	1	mapped
CEACAM1	CEACAM1	634	official_symbol				0	no_zebrafish_ortholog
CPEB1	CPEB1	64506	official_symbol	cpeb1b	30702	Ortholog	1	mapped
CPEB2	CPEB2	132864	official_symbol	cpeb2	100330483	Ortholog	1	mapped
CTSD	CTSD	1509	official_symbol				0	no_zebrafish_ortholog
CUL3	CUL3	8452	official_symbol	cul3b	572370	Ortholog	1	mapped
CUL7	CUL7	9820	official_symbol				0	no_zebrafish_ortholog
DENND4C	DENND4C	55667	official_symbol	dennd4c	558626	Ortholog	1	mapped
DNAI1	DNAI1	27019	official_symbol				0	no_zebrafish_ortholog
ECHDC3	ECHDC3	79746	official_symbol	echdc3	780842	Ortholog	1	mapped
EEF2K	EEF2K	29904	official_symbol	eef2k	437013	Ortholog	1	mapped
EIF4EBP2	EIF4EBP2	1979	official_symbol	eif4ebp2	386945	Ortholog	1	mapped
EPRS1	EPRS1	2058	official_symbol	eprs1	562037	Ortholog	1	mapped
ERFE	ERFE	151176	official_symbol				0	no_zebrafish_ortholog
ERRFI1	ERRFI1	54206	official_symbol	errfi1a	798009	Ortholog	1	mapped
FBP1	FBP1	2203	official_symbol				0	no_zebrafish_ortholog
FBXW8	FBXW8	26259	official_symbol	fbxw8	100136859	Ortholog	1	mapped
FER	FER	2241	official_symbol	fer	565199	Ortholog	1	mapped
FFAR3	FFAR3	2865	official_symbol				0	no_zebrafish_ortholog
FOXO1	FOXO1	2308	official_symbol				0	no_zebrafish_ortholog
FOXO4	FOXO4	4303	official_symbol	foxo4	563719	Ortholog	1	mapped
FUT7	FUT7	2529	official_symbol	fut7	562250	Ortholog	1	mapped
G6PC1	G6PC1	2538	official_symbol				0	no_zebrafish_ortholog
GAB1	GAB1	2549	official_symbol	gab1	406666	Ortholog	1	mapped
GHR	GHR	2690	official_symbol	ghra	100001424	Ortholog	1	mapped
GHRHR	GHRHR	2692	official_symbol	ghrhrl	793334	Ortholog	1	mapped
GHSR	GHSR	2693	official_symbol	ghsra	795753	Ortholog	1	mapped
GKAP1	GKAP1	80318	official_symbol	gkap1	406581	Ortholog	1	mapped
GOT1	GOT1	2805	official_symbol	got1	406330	Ortholog	1	mapped
GPLD1	GPLD1	2822	official_symbol				0	no_zebrafish_ortholog
GPR21	GPR21	2844	official_symbol				0	no_zebrafish_ortholog
GRB10	GRB10	2887	official_symbol				0	no_zebrafish_ortholog
GRB14	GRB14	2888	official_symbol	grb14	100334415	Ortholog	1	mapped
GRB2	GRB2	2885	official_symbol				0	no_zebrafish_ortholog
GRB7	GRB7	2886	official_symbol				0	no_zebrafish_ortholog
GSK3A	GSK3A	2931	official_symbol	gsk3ab	30664	Ortholog	1	mapped
GSK3B	GSK3B	2932	official_symbol	gsk3ba	30654	Ortholog	1	mapped
GSTP1	GSTP1	2950	official_symbol				0	no_zebrafish_ortholog
HDAC5	HDAC5	10014	official_symbol	hdac5	557486	Ortholog	1	mapped
HMGCS2	HMGCS2	3158	official_symbol				0	no_zebrafish_ortholog
HRAS	HRAS	3265	official_symbol				0	no_zebrafish_ortholog
IDE	IDE	3416	official_symbol	ide	561390	Ortholog	1	mapped
IGF1R	IGF1R	3480	official_symbol	igf1ra	245701	Ortholog	1	mapped
IGFBP1	IGFBP1	3484	official_symbol	igfbp1a	317638	Ortholog	1	mapped
IL1B	IL1B	3553	official_symbol				0	no_zebrafish_ortholog
INHBB	INHBB	3625	official_symbol				0	no_zebrafish_ortholog
INS	INS	3630	official_symbol				0	no_zebrafish_ortholog
INSIG1	INSIG1	3638	official_symbol	insig1	334189	Ortholog	1	mapped
INSIG2	INSIG2	51141	official_symbol	insig2	399645	Ortholog	1	mapped
INSR	INSR	3643	official_symbol	insra	245699	Ortholog	1	mapped
INSRR	INSRR	3645	official_symbol				0	no_zebrafish_ortholog
IRS1	IRS1	3667	official_symbol	irs1	559281	Ortholog	1	mapped
IRS2	IRS2	8660	official_symbol	irs2b	572001	Ortholog	1	mapped
IRS4	IRS4	8471	official_symbol				0	no_zebrafish_ortholog
KANK1	KANK1	23189	official_symbol	kank1a	777729	Ortholog	1	mapped
KAT2B	KAT2B	8850	official_symbol	kat2b	563942	Ortholog	1	mapped
KBTBD2	KBTBD2	25948	official_symbol	kbtbd2	563254	Ortholog	1	mapped
LEP	LEP	3952	official_symbol				0	no_zebrafish_ortholog
LONP1	LONP1	9361	official_symbol	lonp1	563257	Ortholog	1	mapped
LPIN2	LPIN2	9663	official_symbol	lpin2	558422	Ortholog	1	mapped
LPIN3	LPIN3	64900	official_symbol				0	no_zebrafish_ortholog
MAP2K1	MAP2K1	5604	official_symbol	map2k1	406728	Ortholog	1	mapped
MAPK1	MAPK1	5594	official_symbol	mapk1	360144	Ortholog	1	mapped
MAPK3	MAPK3	5595	official_symbol				0	no_zebrafish_ortholog
MAPKAP1	MAPKAP1	79109	official_symbol	mapkap1	100537196	Ortholog	1	mapped
MIR103A1	MIR103A1	406895	official_symbol				0	no_zebrafish_ortholog
MIR107	MIR107	406901	official_symbol				0	no_zebrafish_ortholog
MIR1271	MIR1271	100302203	official_symbol				0	no_zebrafish_ortholog
MIR15B	MIR15B	406949	official_symbol				0	no_zebrafish_ortholog
MIR195	MIR195	406971	official_symbol				0	no_zebrafish_ortholog
MTCL2	MTCL2	140710	official_symbol	mtcl2	797906	Ortholog	1	mapped
MTOR	MTOR	2475	official_symbol	mtor	324254	Ortholog	1	mapped
MYO1C	MYO1C	4641	official_symbol	myo1cb	566459	Ortholog	1	mapped
MYO5A	MYO5A	4644	official_symbol	myo5aa	562188	Ortholog	1	mapped
MZB1	MZB1	51237	official_symbol				0	no_zebrafish_ortholog
NAMPT	NAMPT	10135	official_symbol	nampt1	100330160	Ortholog	1	mapped
NCK1	NCK1	4690	official_symbol				0	no_zebrafish_ortholog
NCL	NUCLEOLIN	4691	synonym	nucleolin	767714	Ortholog	1	mapped
NCOA1	NCOA1	8648	official_symbol	ncoa1	563288	Ortholog	1	mapped
NCOA2	NCOA2	10499	official_symbol	ncoa2	81884	Ortholog	1	mapped
NCOA5	NCOA5	57727	official_symbol	ncoa5	447849	Ortholog	1	mapped
NDEL1	NDEL1	81565	official_symbol				0	no_zebrafish_ortholog
NR1H4	NR1H4	9971	official_symbol	nr1h4	436847	Ortholog	1	mapped
NUCKS1	NUCKS1	64710	official_symbol	nucks1a	447862	Ortholog	1	mapped
OGT	OGT	8473	official_symbol				0	no_zebrafish_ortholog
OSBPL8	OSBPL8	114882	official_symbol	osbpl8	101883298	Ortholog	1	mapped
OTOP1	OTOP1	133060	official_symbol	otop1	322893	Ortholog	1	mapped
PAK1	PAK1	5058	official_symbol	pak1	373103	Ortholog	1	mapped
PARP1	PARP1	142	official_symbol	parp1	560788	Ortholog	1	mapped
PCK1	PCK1	5105	official_symbol				0	no_zebrafish_ortholog
PCK2	PCK2	5106	official_symbol	pck2	406473	Ortholog	1	mapped
PCSK9	PCSK9	255738	official_symbol	pcsk9	100150316	Ortholog	1	mapped
PDE3B	PDE3B	5140	official_symbol	pde3b	563432	Ortholog	1	mapped
PDK2	PDK2	5164	official_symbol				0	no_zebrafish_ortholog
PDK4	PDK4	5166	official_symbol	pdk4	561007	Ortholog	1	mapped
PDPK1	PDPK1	5170	official_symbol				0	no_zebrafish_ortholog
PHIP	PHIP	55023	official_symbol	phip	569727	Ortholog	1	mapped
PID1	PID1	55022	official_symbol	pid1	541377	Ortholog	1	mapped
PIK3C2A	PIK3C2A	5286	official_symbol	pik3c2a	571356	Ortholog	1	mapped
PIK3R1	PIK3R1	5295	official_symbol	pik3r1	557176	Ortholog	1	mapped
PIK3R2	PIK3R2	5296	official_symbol	pik3r2	404211	Ortholog	1	mapped
PIK3R3	PIK3R3	8503	official_symbol	pik3r3b	100000252	Ortholog	1	mapped
PIP4K2A	PIP4K2A	5305	official_symbol				0	no_zebrafish_ortholog
PIP4K2B	PIP4K2B	8396	official_symbol				0	no_zebrafish_ortholog
PIP4K2C	PIP4K2C	79837	official_symbol	pip4k2ca	373124	Ortholog	1	mapped
PKLR	PKLR	5313	official_symbol				0	no_zebrafish_ortholog
PKM	PKM	5315	official_symbol				0	no_zebrafish_ortholog
PLA2G1B	PLA2G1B	5319	official_symbol	pla2g1b	571738	Ortholog	1	mapped
PNPLA3	PNPLA3	80339	official_symbol				0	no_zebrafish_ortholog
POU4F2	POU4F2	5458	official_symbol	pou4f2	402816	Ortholog	1	mapped
PRKCB	PRKCB	5579	official_symbol				0	no_zebrafish_ortholog
PRKCD	PRKCD	5580	official_symbol				0	no_zebrafish_ortholog
PRKCI	PRKCI	5584	official_symbol	prkci	117507	Ortholog	1	mapped
PRKCQ	PRKCQ	5588	official_symbol	prkcq	555521	Ortholog	1	mapped
PRKDC	PRKDC	5591	official_symbol	prkdc	562283	Ortholog	1	mapped
PTPN1	PTPN1	5770	official_symbol	ptpn1	30081	Ortholog	1	mapped
PTPN2	PTPN2	5771	official_symbol				0	no_zebrafish_ortholog
PTPRE	PTPRE	5791	official_symbol	ptprea	100499203	Ortholog	1	mapped
PTPRJ	PTPRJ	5795	official_symbol				0	no_zebrafish_ortholog
RAB10	RAB10	10890	official_symbol	rab10	436839	Ortholog	1	mapped
RAB13	RAB13	5872	official_symbol	rab13	373105	Ortholog	1	mapped
RAB31	RAB31	11031	official_symbol	rab31	568800	Ortholog	1	mapped
RAB8A	RAB8A	4218	official_symbol				0	no_zebrafish_ortholog
RARRES2	RARRES2	5919	official_symbol				0	no_zebrafish_ortholog
RBM4	RBM4	5936	official_symbol				0	no_zebrafish_ortholog
RBX1	RBX1	9978	official_symbol	rbx1	449846	Ortholog	1	mapped
RHOQ	RHOQ	23433	official_symbol	rhoq	327510	Ortholog	1	mapped
RPE65	RPE65	6121	official_symbol				0	no_zebrafish_ortholog
RPS6KB1	RPS6KB1	6198	official_symbol	rps6kb1b	406349	Ortholog	1	mapped
RPS6KB2	RPS6KB2	6199	official_symbol				0	no_zebrafish_ortholog
SELENOS	SELENOS	55829	official_symbol	selenos	735249	Ortholog	1	mapped
SERPINA12	SERPINA12	145264	official_symbol				0	no_zebrafish_ortholog
SESN3	SESN3	143686	official_symbol				0	no_zebrafish_ortholog
SH2B2	SH2B2	10603	official_symbol	sh2b2	100535524	Ortholog	1	mapped
SHC1	SHC1	6464	official_symbol	shc1	323818	Ortholog	1	mapped
SIK2	SIK2	23235	official_symbol	sik2a	100126142	Ortholog	1	mapped
SIRT1	SIRT1	23411	official_symbol	sirt1	797132	Ortholog	1	mapped
SLC22A12	SLC22A12	116085	official_symbol				0	no_zebrafish_ortholog
SLC25A33	SLC25A33	84275	official_symbol	slc25a33	406436	Ortholog	1	mapped
SLC27A1	SLC27A1	376497	official_symbol	slc27a1a	541410	Ortholog	1	mapped
SLC27A4	SLC27A4	10999	official_symbol	slc27a4	550432	Ortholog	1	mapped
SLC2A4	SLC2A4	6517	official_symbol				0	no_zebrafish_ortholog
SLC2A8	SLC2A8	29988	official_symbol	slc2a8	373140	Ortholog	1	mapped
SLC9A1	SLC9A1	6548	official_symbol				0	no_zebrafish_ortholog
SMARCC1	SMARCC1	6599	official_symbol				0	no_zebrafish_ortholog
SNX5	SNX5	27131	official_symbol	snx5	406797	Ortholog	1	mapped
SOCS1	SOCS1	8651	official_symbol	socs1a	445073	Ortholog	1	mapped
SOCS3	SOCS3	9021	official_symbol	socs3b	406596	Ortholog	1	mapped
SOCS7	SOCS7	30837	official_symbol	socs7	556903	Ortholog	1	mapped
SORBS1	SORBS1	10580	official_symbol	sorbs1	100002756	Ortholog	1	mapped
SORL1	SORL1	6653	official_symbol	sorl1	497306	Ortholog	1	mapped
SP1	SP1	6667	official_symbol	sp1	324109	Ortholog	1	mapped
SRD5A1	SRD5A1	6715	official_symbol	srd5a1	767715	Ortholog	1	mapped
SREBF1	SREBF1	6720	official_symbol	srebf1	793274	Ortholog	1	mapped
SRSF5	SRSF5	6430	official_symbol				0	no_zebrafish_ortholog
STXBP4	STXBP4	252983	official_symbol	stxbp4	567916	Ortholog	1	mapped
SYAP1	SYAP1	94056	official_symbol	syap1	393916	Ortholog	1	mapped
TAT	TAT	6898	official_symbol	tat	561410	Ortholog	1	mapped
TBC1D4	TBC1D4	9882	official_symbol	tbc1d4	321065	Ortholog	1	mapped
TNS2	TNS2	23371	official_symbol	tns2a	799109	Ortholog	1	mapped
TRARG1	TRARG1	286753	official_symbol	trarg1a	101886018	Ortholog	1	mapped
TRIB3	TRIB3	57761	official_symbol				0	no_zebrafish_ortholog
TRIM72	TRIM72	493829	official_symbol				0	no_zebrafish_ortholog
TSC2	TSC2	7249	official_symbol	tsc2	567524	Ortholog	1	mapped
UCP2	UCP2	7351	official_symbol				0	no_zebrafish_ortholog
USF1	USF1	7391	official_symbol				0	no_zebrafish_ortholog
USO1	USO1	8615	official_symbol	uso1	393124	Ortholog	1	mapped
VAMP2	VAMP2	6844	official_symbol	vamp2	336281	Ortholog	1	mapped
VWA2	VWA2	340706	official_symbol	vwa2	567428	Ortholog	1	mapped
WDTC1	WDTC1	23038	official_symbol	wdtc1	570606	Ortholog	1	mapped
XBP1	XBP1	7494	official_symbol	xbp1	140614	Ortholog	1	mapped
ZBTB7B	ZBTB7B	51043	official_symbol				0	no_zebrafish_ortholog
ZDHHC7	ZDHHC7	55625	official_symbol	zdhhc7	436875	Ortholog	1	mapped
ZFP36L1	ZFP36L1	677	official_symbol				0	no_zebrafish_ortholog
ZNF106	ZNF106	64397	official_symbol				0	no_zebrafish_ortholog
ARPP19	ARPP19	10776	official_symbol	arpp19a	393603	Ortholog	1	mapped
ASPSCR1	ASPSCR1	79058	official_symbol	aspscr1	550237	Ortholog	1	mapped
CARTPT	CARTPT	9607	official_symbol				0	no_zebrafish_ortholog
CD2AP	CD2AP	23607	official_symbol	cd2ap	494040	Ortholog	1	mapped
CERS1	CERS1	10715	official_symbol	cers1	568169	Ortholog	1	mapped
CLTCL1	CLTCL1	8218	official_symbol				0	no_zebrafish_ortholog
CREBL2	CREBL2	1389	official_symbol	crebl2	436975	Ortholog	1	mapped
DHRS7C	DHRS7C	201140	official_symbol	dhrs7cb	553684	Ortholog	1	mapped
DRD1	DRD1	1812	official_symbol	drd1b	568126	Ortholog	1	mapped
FGF19	FGF19	9965	official_symbol	fgf19	368245	Ortholog	1	mapped
FGF21	FGF21	26291	official_symbol				0	no_zebrafish_ortholog
GPC3	GPC3	2719	official_symbol				0	no_zebrafish_ortholog
HK2	HK2	3099	official_symbol	hk2	406339	Ortholog	1	mapped
HNF1A	HNF1A	6927	official_symbol	hnf1a	266961	Ortholog	1	mapped
ITLN1	ITLN1	55600	official_symbol				0	no_zebrafish_ortholog
KLF15	KLF15	28999	official_symbol	klf15	335901	Ortholog	1	mapped
MEF2A	MEF2A	4205	official_symbol	mef2aa	30564	Ortholog	1	mapped
MIR143	MIR143	406935	official_symbol				0	no_zebrafish_ortholog
MIR223	MIR223	407008	official_symbol				0	no_zebrafish_ortholog
OCLN	OCLN	100506658	official_symbol	oclnb	494075	Ortholog	1	mapped
OPN3	OPN3	23596	official_symbol	opn3	561815	Ortholog	1	mapped
OSTN	OSTN	344901	official_symbol	ostn	100333936	Ortholog	1	mapped
PEA15	PEA15	8682	official_symbol	pea15	557745	Ortholog	1	mapped
PTH	PTH	5741	official_symbol				0	no_zebrafish_ortholog
RAB4B	RAB4B	53916	official_symbol	rab4b	445498	Ortholog	1	mapped
RAP1A	RAP1A	5906	official_symbol	rap1aa	415242	Ortholog	1	mapped
RNASEL	RNASEL	6041	official_symbol				0	no_zebrafish_ortholog
SESN2	SESN2	83667	official_symbol				0	no_zebrafish_ortholog
SIRT6	SIRT6	51548	official_symbol	sirt6	415161	Ortholog	1	mapped
SLC25A27	SLC25A27	9481	official_symbol	slc25a27	393312	Ortholog	1	mapped
SLC2A1	SLC2A1	6513	official_symbol				0	no_zebrafish_ortholog
SLC2A11	SLC2A11	66035	official_symbol	slc2a11a	560358	Ortholog	1	mapped
SLC2A14	SLC2A14	144195	official_symbol				0	no_zebrafish_ortholog
SLC2A2	SLC2A2	6514	official_symbol	slc2a2	322493	Ortholog	1	mapped
SLC2A5	SLC2A5	6518	official_symbol				0	no_zebrafish_ortholog
SLC2A7	SLC2A7	155184	official_symbol				0	no_zebrafish_ortholog
SLC2A9	SLC2A9	56606	official_symbol	slc2a9l2	798023	Ortholog	1	mapped
SORT1	SORT1	6272	official_symbol	sort1a	406511	Ortholog	1	mapped
STXBP3	STXBP3	6814	official_symbol	stxbp3	406780	Ortholog	1	mapped
TSC1	TSC1	7248	official_symbol	tsc1a	337167	Ortholog	1	mapped
ADCY10	ADCY10	55811	official_symbol				0	no_zebrafish_ortholog
BAD	BAD	572	official_symbol				0	no_zebrafish_ortholog
BCL2L13	BCL2L13	23786	official_symbol				0	no_zebrafish_ortholog
ENO1	ENO1	2023	official_symbol				0	no_zebrafish_ortholog
ENO2	ENO2	2026	official_symbol				0	no_zebrafish_ortholog
ENO3	ENO3	2027	official_symbol	eno3	378963	Ortholog	1	mapped
FOXK1	FOXK1	221937	official_symbol	foxk1	334470	Ortholog	1	mapped
FOXK2	FOXK2	3607	official_symbol				0	no_zebrafish_ortholog
GAPDH	GAPDH	2597	official_symbol	gapdh	317743	Ortholog	1	mapped
HK3	HK3	3101	official_symbol				0	no_zebrafish_ortholog
LDHA	LDHA	3939	official_symbol				0	no_zebrafish_ortholog
MIR210	MIR210	406992	official_symbol				0	no_zebrafish_ortholog
PFKFB2	PFKFB2	5208	official_symbol				0	no_zebrafish_ortholog
PFKL	PFKL	5211	official_symbol				0	no_zebrafish_ortholog
PFKP	PFKP	5214	official_symbol				0	no_zebrafish_ortholog
PGAM1	PGAM1	5223	official_symbol				0	no_zebrafish_ortholog
PGK2	PGK2	5232	official_symbol				0	no_zebrafish_ortholog
TIGAR	TIGAR	57103	official_symbol				0	no_zebrafish_ortholog
TKTL1	TKTL1	8277	official_symbol				0	no_zebrafish_ortholog
ACACB	ACACB	32	official_symbol	acacb	556236	Ortholog	1	mapped
ADPGK	ADPGK	83440	official_symbol	adpgk	557919	Ortholog	1	mapped
ALDOB	ALDOB	229	official_symbol				0	no_zebrafish_ortholog
ALDOC	ALDOC	230	official_symbol				0	no_zebrafish_ortholog
APOD	APOD	347	official_symbol	apodb	567972	Ortholog	1	mapped
ATF4	ATF4	468	official_symbol				0	no_zebrafish_ortholog
BCKDK	BCKDK	10295	official_symbol	bckdk	282677	Ortholog	1	mapped
BRAT1	BRAT1	221927	official_symbol	brat1	678547	Ortholog	1	mapped
BRS3	BRS3	680	official_symbol				0	no_zebrafish_ortholog
C1QTNF1	C1QTNF1	114897	official_symbol				0	no_zebrafish_ortholog
C1QTNF3	C1QTNF3	114899	official_symbol				0	no_zebrafish_ortholog
CD101	CD101	9398	official_symbol				0	no_zebrafish_ortholog
CLK2	CLK2	1196	official_symbol				0	no_zebrafish_ortholog
CRTC2	CRTC2	200186	official_symbol	crtc2	799532	Ortholog	1	mapped
CRY1	CRY1	1407	official_symbol	cry1b	554836	Ortholog	1	mapped
CTDSPL2	CTDSPL2	51496	official_symbol	ctdspl2b	323089	Ortholog	1	mapped
DCXR	DCXR	51181	official_symbol	dcxr	550282	Ortholog	1	mapped
DDB1	DDB1	1642	official_symbol	ddb1	393599	Ortholog	1	mapped
DGAT2	DGAT2	84649	official_symbol	dgat2	565316	Ortholog	1	mapped
DGKQ	DGKQ	1609	official_symbol	dgkq	101882539	Ortholog	1	mapped
DLAT	DLAT	1737	official_symbol	dlat	324201	Ortholog	1	mapped
DYRK2	DYRK2	8445	official_symbol	dyrk2	557602	Ortholog	1	mapped
EPM2AIP1	EPM2AIP1	9852	official_symbol				0	no_zebrafish_ortholog
FABP1	FABP1	2168	official_symbol	fabp1a	791610	Ortholog	1	mapped
FABP5	FABP5	2171	official_symbol				0	no_zebrafish_ortholog
FAM3A	FAM3A	60343	official_symbol	fam3a	393773	Ortholog	1	mapped
FBN2	FBN2	2201	official_symbol	fbn2	558217	Ortholog	1	mapped
FBN3	FBN3	84467	official_symbol				0	no_zebrafish_ortholog
FBP2	FBP2	8789	official_symbol	fbp2	445505	Ortholog	1	mapped
G6PC2	G6PC2	57818	official_symbol				0	no_zebrafish_ortholog
G6PD	G6PD	2539	official_symbol	g6pd	570579	Ortholog	1	mapped
GALM	GALM	130589	official_symbol	galm	436646	Ortholog	1	mapped
GAPDHS	GAPDHS	26330	official_symbol	gapdhs	406367	Ortholog	1	mapped
GCG	GCG	2641	official_symbol	gcgb	436584	Ortholog	1	mapped
GDPGP1	GDPGP1	390637	official_symbol	gdpgp1	560896	Ortholog	1	mapped
GHRL	GHRL	51738	official_symbol	ghrl	798613	Ortholog	1	mapped
GNB3	GNB3	2784	official_symbol				0	no_zebrafish_ortholog
GNMT	GNMT	27232	official_symbol	gnmt	403338	Ortholog	1	mapped
GPD1	GPD1	2819	official_symbol				0	no_zebrafish_ortholog
GPD2	GPD2	2820	official_symbol	gpd2	751628	Ortholog	1	mapped
H6PD	H6PD	9563	official_symbol	h6pd	569348	Ortholog	1	mapped
HECTD4	HECTD4	283450	official_symbol	hectd4	101885095	Ortholog	1	mapped
HKDC1	HKDC1	80201	official_symbol				0	no_zebrafish_ortholog
HMGB1	HMGB1	3146	official_symbol				0	no_zebrafish_ortholog
IGFBP3	IGFBP3	3486	official_symbol	igfbp3	403079	Ortholog	1	mapped
IGFBP4	IGFBP4	3487	official_symbol				0	no_zebrafish_ortholog
INPPL1	INPPL1	3636	official_symbol	inppl1a	325179	Ortholog	1	mapped
KAT2A	KAT2A	2648	official_symbol	kat2a	555517	Ortholog	1	mapped
KCNQ1	KCNQ1	3784	official_symbol				0	no_zebrafish_ortholog
LCMT1	LCMT1	51451	official_symbol	lcmt1	447907	Ortholog	1	mapped
LEPR	LEPR	3953	official_symbol	lepr	567241	Ortholog	1	mapped
LIPA	LIPA	3988	official_symbol				0	no_zebrafish_ortholog
MLYCD	MLYCD	23417	official_symbol	mlycd	100037349	Ortholog	1	mapped
MST1	MST1	4485	official_symbol	mst1	259260	Ortholog	1	mapped
NFE2L1	NFE2L1	4779	official_symbol	nfe2l1b	558772	Ortholog	1	mapped
NNMT	NNMT	4837	official_symbol				0	no_zebrafish_ortholog
NPY1R	NPY1R	4886	official_symbol	npy1r	793668	Ortholog	1	mapped
NR0B1	NR0B1	190	official_symbol				0	no_zebrafish_ortholog
OAS1	OAS1	4938	official_symbol				0	no_zebrafish_ortholog
OMA1	OMA1	115209	official_symbol	oma1	100331186	Ortholog	1	mapped
ONECUT1	ONECUT1	3175	official_symbol	onecut1	393545	Ortholog	1	mapped
PC	PC	5091	official_symbol				0	no_zebrafish_ortholog
PDHA1	PDHA1	5160	official_symbol				0	no_zebrafish_ortholog
PDHA2	PDHA2	5161	official_symbol				0	no_zebrafish_ortholog
PDHB	PDHB	5162	official_symbol	pdhb	406428	Ortholog	1	mapped
PDK1	PDK1	5163	official_symbol	pdk1	555840	Ortholog	1	mapped
PDX1	PDX1	3651	official_symbol	pdx1	30721	Ortholog	1	mapped
PER2	PER2	8864	official_symbol				0	no_zebrafish_ortholog
PFKFB1	PFKFB1	5207	official_symbol				0	no_zebrafish_ortholog
PFKFB3	PFKFB3	5209	official_symbol	pfkfb3	554477	Ortholog	1	mapped
PFKFB4	PFKFB4	5210	official_symbol	pfkfb4b	386663	Ortholog	1	mapped
PGM2	PGM2	55276	official_symbol	pgm2	405822	Ortholog	1	mapped
PGP	PGP	283871	official_symbol	pgp	792824	Ortholog	1	mapped
PMAIP1	PMAIP1	5366	official_symbol	pmaip1	751765	Ortholog	1	mapped
PPARA	PPARA	5465	official_symbol	pparaa	563298	Ortholog	1	mapped
PPP1CA	PPP1CA	5499	official_symbol				0	no_zebrafish_ortholog
PPP1R3B	PPP1R3B	79660	official_symbol	ppp1r3b	327285	Ortholog	1	mapped
PPP1R3E	PPP1R3E	90673	official_symbol				0	no_zebrafish_ortholog
PPP1R3G	PPP1R3G	648791	official_symbol	ppp1r3g	100330524	Ortholog	1	mapped
PPP4R3A	PPP4R3A	55671	official_symbol	ppp4r3a	558578	Ortholog	1	mapped
PPP4R3B	PPP4R3B	57223	official_symbol	ppp4r3b	336198	Ortholog	1	mapped
PRKAG1	PRKAG1	5571	official_symbol				0	no_zebrafish_ortholog
PRKAG3	PRKAG3	53632	official_symbol				0	no_zebrafish_ortholog
PRKN	PRKN	5071	official_symbol	prkn	550328	Ortholog	1	mapped
RBP4	RBP4	5950	official_symbol	rbp4	30077	Ortholog	1	mapped
RORA	RORA	6095	official_symbol	roraa	564951	Ortholog	1	mapped
RORC	RORC	6097	official_symbol				0	no_zebrafish_ortholog
SDHAF3	SDHAF3	57001	official_symbol	sdhaf3	449654	Ortholog	1	mapped
SDS	SDS	10993	official_symbol				0	no_zebrafish_ortholog
SERP1	SERP1	27230	official_symbol				0	no_zebrafish_ortholog
SIRT7	SIRT7	51547	official_symbol	sirt7	796135	Ortholog	1	mapped
SLC25A10	SLC25A10	1468	official_symbol	slc25a10a	100332610	Ortholog	1	mapped
SLC25A11	SLC25A11	8402	official_symbol	slc25a11	415189	Ortholog	1	mapped
SLC25A13	SLC25A13	10165	official_symbol	slc25a13	100537523	Ortholog	1	mapped
SLC35B4	SLC35B4	84912	official_symbol	slc35b4	323737	Ortholog	1	mapped
SLC37A4	SLC37A4	2542	official_symbol				0	no_zebrafish_ortholog
SLC45A3	SLC45A3	85414	official_symbol	slc45a3	100049157	Ortholog	1	mapped
TCF7L2	TCF7L2	6934	official_symbol	tcf7l2	30510	Ortholog	1	mapped
TFAP2B	TFAP2B	7021	official_symbol	tfap2b	550545	Ortholog	1	mapped
TFF3	TFF3	7033	official_symbol				0	no_zebrafish_ortholog
USP7	USP7	7874	official_symbol	usp7	553758	Ortholog	1	mapped
WDR5	WDR5	11091	official_symbol	wdr5	406372	Ortholog	1	mapped
ZFP92	ZFP92	139735	official_symbol				0	no_zebrafish_ortholog
ZMPSTE24	ZMPSTE24	10269	official_symbol	zmpste24	334380	Ortholog	1	mapped
ZNF692	ZNF692	55657	official_symbol				0	no_zebrafish_ortholog
ABCC1	ABCC1	4363	official_symbol	abcc1	100002010	Ortholog	1	mapped
ABCD2	ABCD2	225	official_symbol	abcd2	101882118	Ortholog	1	mapped
ABCF1	ABCF1	23	official_symbol	abcf1	406467	Ortholog	1	mapped
ABHD12	ABHD12	26090	official_symbol	abhd12	767657	Ortholog	1	mapped
ABHD17A	ABHD17A	81926	official_symbol				0	no_zebrafish_ortholog
ABHD8	ABHD8	79575	official_symbol	abhd8b	101883400	Ortholog	1	mapped
ACE2	ACE2	59272	official_symbol	ace2	492331	Ortholog	1	mapped
ACER3	ACER3	55331	official_symbol	acer3	555411	Ortholog	1	mapped
ACKR1	ACKR1	2532	official_symbol				0	no_zebrafish_ortholog
ACKR2	ACKR2	1238	official_symbol				0	no_zebrafish_ortholog
ACOD1	ACOD1	730249	official_symbol	acod1	795305	Ortholog	1	mapped
ACP5	ACP5	54	official_symbol	acp5a	406801	Ortholog	1	mapped
ACVR1	ACVR1	90	official_symbol				0	no_zebrafish_ortholog
ADA	ADA	100	official_symbol	ada	436919	Ortholog	1	mapped
ADAM17	ADAM17	6868	official_symbol	adam17a	324142	Ortholog	1	mapped
ADAM8	ADAM8	101	official_symbol	adam8a	368917	Ortholog	1	mapped
ADAMDEC1	ADAMDEC1	27299	official_symbol				0	no_zebrafish_ortholog
ADAMTS12	ADAMTS12	81792	official_symbol				0	no_zebrafish_ortholog
ADCY1	ADCY1	107	official_symbol	adcy1a	557026	Ortholog	1	mapped
ADCY7	ADCY7	113	official_symbol	adcy7	568726	Ortholog	1	mapped
ADCY8	ADCY8	114	official_symbol	adcy8	100148976	Ortholog	1	mapped
ADGRE2	ADGRE2	30817	official_symbol				0	no_zebrafish_ortholog
ADGRE5	ADGRE5	976	official_symbol				0	no_zebrafish_ortholog
ADM	ADM	133	official_symbol	adma	556502	Ortholog	1	mapped
ADORA1	ADORA1	134	official_symbol				0	no_zebrafish_ortholog
ADORA2A	ADORA2A	135	official_symbol	adora2aa	561701	Ortholog	1	mapped
ADORA2B	ADORA2B	136	official_symbol				0	no_zebrafish_ortholog
ADORA3	ADORA3	140	official_symbol				0	no_zebrafish_ortholog
AFAP1L2	AFAP1L2	84632	official_symbol	afap1l2	567369	Ortholog	1	mapped
AGER	AGER	177	official_symbol				0	no_zebrafish_ortholog
AGR2	AGR2	10551	official_symbol	agr2	335616	Ortholog	1	mapped
AGT	AGT	183	official_symbol	agt	322485	Ortholog	1	mapped
AGTR1	AGTR1	185	official_symbol	agtr1a	137487822	Ortholog	1	mapped
AGTR2	AGTR2	186	official_symbol	agtr2	503772	Ortholog	1	mapped
AHR	AHR	196	official_symbol				0	no_zebrafish_ortholog
AIF1	AIF1	199	official_symbol				0	no_zebrafish_ortholog
AIM2	AIM2	9447	official_symbol				0	no_zebrafish_ortholog
AIMP1	AIMP1	9255	official_symbol	aimp1a	562232	Ortholog	1	mapped
AKNA	AKNA	80709	official_symbol	akna	556113	Ortholog	1	mapped
ALOX15	ALOX15	246	official_symbol				0	no_zebrafish_ortholog
ALOX5	ALOX5	240	official_symbol	alox5a	567204	Ortholog	1	mapped
ALOX5AP	ALOX5AP	241	official_symbol	alox5ap	337376	Ortholog	1	mapped
ANO6	ANO6	196527	official_symbol	ano6	100535437	Ortholog	1	mapped
AOAH	AOAH	313	official_symbol				0	no_zebrafish_ortholog
AOC3	AOC3	8639	official_symbol				0	no_zebrafish_ortholog
AP3B1	AP3B1	8546	official_symbol	ap3b1a	563316	Ortholog	1	mapped
APCS	APCS	325	official_symbol				0	no_zebrafish_ortholog
APIP	APIP	51074	official_symbol	apip	447941	Ortholog	1	mapped
APOA1	APOA1	335	official_symbol				0	no_zebrafish_ortholog
APOE	APOE	348	official_symbol	apoeb	30314	Ortholog	1	mapped
APOL2	APOL2	23780	official_symbol				0	no_zebrafish_ortholog
APOL3	APOL3	80833	official_symbol				0	no_zebrafish_ortholog
APP	APP	351	official_symbol	appa	58083	Ortholog	1	mapped
AREL1	AREL1	9870	official_symbol	arel1	100332031	Ortholog	1	mapped
ARMH4	ARMH4	145407	official_symbol	armh4	141379481	Ortholog	1	mapped
ARNT	ARNT	405	official_symbol	arnt	493634	Ortholog	1	mapped
ASB3	ASB3	51130	official_symbol	asb3	334210	Ortholog	1	mapped
ASH1L	ASH1L	55870	official_symbol	ash1l	563799	Ortholog	1	mapped
ATAT1	ATAT1	79969	official_symbol	atat1	406389	Ortholog	1	mapped
ATRN	ATRN	8455	official_symbol	atrn	794975	Ortholog	1	mapped
AXL	AXL	558	official_symbol				0	no_zebrafish_ortholog
AZU1	AZU1	566	official_symbol				0	no_zebrafish_ortholog
BCL6	BCL6	604	official_symbol	bcl6aa	393707	Ortholog	1	mapped
BCL6B	BCL6B	255877	official_symbol	bcl6b	793278	Ortholog	1	mapped
BCR	BCR	613	official_symbol				0	no_zebrafish_ortholog
BDKRB1	BDKRB1	623	official_symbol				0	no_zebrafish_ortholog
BDKRB2	BDKRB2	624	official_symbol				0	no_zebrafish_ortholog
BIRC2	BIRC2	329	official_symbol	birc2	373107	Ortholog	1	mapped
BIRC3	BIRC3	330	official_symbol				0	no_zebrafish_ortholog
BLNK	BLNK	29760	official_symbol	blnk	405764	Ortholog	1	mapped
BMP2	BMP2	650	official_symbol	bmp2a	30631	Ortholog	1	mapped
BMPR1B	BMPR1B	658	official_symbol				0	no_zebrafish_ortholog
BPGM	BPGM	669	official_symbol	bpgm	436903	Ortholog	1	mapped
BRD4	BRD4	23476	official_symbol				0	no_zebrafish_ortholog
BST1	BST1	683	official_symbol				0	no_zebrafish_ortholog
BTK	BTK	695	official_symbol	btk	568653	Ortholog	1	mapped
C15orf39	PRMT2IP	56905	synonym	prmt2ip	558609	Ortholog	1	mapped
C1QA	C1QA	712	official_symbol	c1qa	553548	Ortholog	1	mapped
C1QTNF4	C1QTNF4	114900	official_symbol	c1qtnf4	550397	Ortholog	1	mapped
C2CD4A	C2CD4A	145741	official_symbol				0	no_zebrafish_ortholog
C2CD4B	C2CD4B	388125	official_symbol				0	no_zebrafish_ortholog
C3	C3	718	official_symbol				0	no_zebrafish_ortholog
C3AR1	C3AR1	719	official_symbol				0	no_zebrafish_ortholog
C4A	C4A	720	official_symbol				0	no_zebrafish_ortholog
C4B	C4B	721	official_symbol				0	no_zebrafish_ortholog
C5	C5	727	official_symbol	c5	565774	Ortholog	1	mapped
C5AR1	C5AR1	728	official_symbol				0	no_zebrafish_ortholog
C5AR2	C5AR2	27202	official_symbol				0	no_zebrafish_ortholog
CALHM2	CALHM2	51063	official_symbol				0	no_zebrafish_ortholog
CAMK1D	CAMK1D	57118	official_symbol	camk1da	100144566	Ortholog	1	mapped
CAMK2N1	CAMK2N1	55450	official_symbol	camk2n1b	100004137	Ortholog	1	mapped
CAMK4	CAMK4	814	official_symbol	camk4	550270	Ortholog	1	mapped
CAMP	CAMP	820	official_symbol				0	no_zebrafish_ortholog
CARD18	CARD18	59082	official_symbol				0	no_zebrafish_ortholog
CARD8	CARD8	22900	official_symbol				0	no_zebrafish_ortholog
CARD9	CARD9	64170	official_symbol	card9	796425	Ortholog	1	mapped
CASP1	CASP1	834	official_symbol				0	no_zebrafish_ortholog
CASP12	CASP12	100506742	official_symbol				0	no_zebrafish_ortholog
CASP3	CASP3	836	official_symbol	casp3b	566604	Ortholog	1	mapped
CASP4	CASP4	837	official_symbol				0	no_zebrafish_ortholog
CASP5	CASP5	838	official_symbol				0	no_zebrafish_ortholog
CASP6	CASP6	839	official_symbol				0	no_zebrafish_ortholog
CASP7	CASP7	840	official_symbol	casp7	553634	Ortholog	1	mapped
CASP8	CASP8	841	official_symbol				0	no_zebrafish_ortholog
CCDC39	CCDC39	339829	official_symbol	ccdc39	100005620	Ortholog	1	mapped
CCDC92	CCDC92	80212	official_symbol	ccdc92	571995	Ortholog	1	mapped
CCL1	CCL1	6346	official_symbol				0	no_zebrafish_ortholog
CCL11	CCL11	6356	official_symbol				0	no_zebrafish_ortholog
CCL13	CCL13	6357	official_symbol				0	no_zebrafish_ortholog
CCL14	CCL14	6358	official_symbol				0	no_zebrafish_ortholog
CCL15	CCL15	6359	official_symbol				0	no_zebrafish_ortholog
CCL16	CCL16	6360	official_symbol				0	no_zebrafish_ortholog
CCL17	CCL17	6361	official_symbol				0	no_zebrafish_ortholog
CCL18	CCL18	6362	official_symbol				0	no_zebrafish_ortholog
CCL19	CCL19	6363	official_symbol	ccl19b	795469	Ortholog	1	mapped
CCL2	CCL2	6347	official_symbol				0	no_zebrafish_ortholog
CCL20	CCL20	6364	official_symbol				0	no_zebrafish_ortholog
CCL21	CCL21	6366	official_symbol				0	no_zebrafish_ortholog
CCL22	CCL22	6367	official_symbol				0	no_zebrafish_ortholog
CCL23	CCL23	6368	official_symbol				0	no_zebrafish_ortholog
CCL24	CCL24	6369	official_symbol				0	no_zebrafish_ortholog
CCL25	CCL25	6370	official_symbol				0	no_zebrafish_ortholog
CCL26	CCL26	10344	official_symbol				0	no_zebrafish_ortholog
CCL27	CCL27	10850	official_symbol				0	no_zebrafish_ortholog
CCL28	CCL28	56477	official_symbol				0	no_zebrafish_ortholog
CCL3	CCL3	6348	official_symbol				0	no_zebrafish_ortholog
CCL3L3	CCL3L3	414062	official_symbol				0	no_zebrafish_ortholog
CCL4	CCL4	6351	official_symbol				0	no_zebrafish_ortholog
CCL4L2	CCL4L2	9560	official_symbol				0	no_zebrafish_ortholog
CCL5	CCL5	6352	official_symbol				0	no_zebrafish_ortholog
CCL7	CCL7	6354	official_symbol				0	no_zebrafish_ortholog
CCL8	CCL8	6355	official_symbol				0	no_zebrafish_ortholog
CCN3	CCN3	4856	official_symbol				0	no_zebrafish_ortholog
CCN4	CCN4	8840	official_symbol	ccn4b	792714	Ortholog	1	mapped
CCR1	CCR1	1230	official_symbol				0	no_zebrafish_ortholog
CCR2	CCR2	729230	official_symbol				0	no_zebrafish_ortholog
CCR3	CCR3	1232	official_symbol				0	no_zebrafish_ortholog
CCR4	CCR4	1233	official_symbol				0	no_zebrafish_ortholog
CCR5	CCR5	1234	official_symbol				0	no_zebrafish_ortholog
CCR7	CCR7	1236	official_symbol	ccr7	565958	Ortholog	1	mapped
CCRL2	CCRL2	9034	official_symbol				0	no_zebrafish_ortholog
CD14	CD14	929	official_symbol				0	no_zebrafish_ortholog
CD163	CD163	9332	official_symbol				0	no_zebrafish_ortholog
CD180	CD180	4064	official_symbol	cd180	101885327	Ortholog	1	mapped
CD200	CD200	4345	official_symbol				0	no_zebrafish_ortholog
CD200R1	CD200R1	131450	official_symbol				0	no_zebrafish_ortholog
CD200R1L	CD200R1L	344807	official_symbol				0	no_zebrafish_ortholog
CD28	CD28	940	official_symbol				0	no_zebrafish_ortholog
CD36	CD36	948	official_symbol	cd36	436636	Ortholog	1	mapped
CD4	CD4	920	official_symbol				0	no_zebrafish_ortholog
CD40	CD40	958	official_symbol				0	no_zebrafish_ortholog
CD40LG	CD40LG	959	official_symbol	cd40lg	793819	Ortholog	1	mapped
CD44	CD44	960	official_symbol				0	no_zebrafish_ortholog
CD47	CD47	961	official_symbol				0	no_zebrafish_ortholog
CD5L	CD5L	922	official_symbol				0	no_zebrafish_ortholog
CD6	CD6	923	official_symbol				0	no_zebrafish_ortholog
CD68	CD68	968	official_symbol				0	no_zebrafish_ortholog
CD69	CD69	969	official_symbol				0	no_zebrafish_ortholog
CDH5	CDH5	1003	official_symbol	cdh5	445471	Ortholog	1	mapped
CDO1	CDO1	1036	official_symbol	cdo1	393714	Ortholog	1	mapped
CEBPA	CEBPA	1050	official_symbol	cebpa	140815	Ortholog	1	mapped
CEBPB	CEBPB	1051	official_symbol	cebpb	140814	Ortholog	1	mapped
CELA1	CELA1	1990	official_symbol				0	no_zebrafish_ortholog
CELF1	CELF1	10658	official_symbol	celf1	58137	Ortholog	1	mapped
CERS6	CERS6	253782	official_symbol	cers6	564867	Ortholog	1	mapped
CFH	CFH	3075	official_symbol	cfh	553297	Ortholog	1	mapped
CHI3L1	CHI3L1	1116	official_symbol				0	no_zebrafish_ortholog
CHIA	CHIA	27159	official_symbol				0	no_zebrafish_ortholog
CHID1	CHID1	66005	official_symbol	chid1	337225	Ortholog	1	mapped
CHRNA7	CHRNA7	1139	official_symbol	chrna7a	394199	Ortholog	1	mapped
CHST1	CHST1	8534	official_symbol	chst1	445124	Ortholog	1	mapped
CHST2	CHST2	9435	official_symbol				0	no_zebrafish_ortholog
CHST4	CHST4	10164	official_symbol				0	no_zebrafish_ortholog
CHUK	CHUK	1147	official_symbol	chuk	393287	Ortholog	1	mapped
CLEC12A	CLEC12A	160364	official_symbol				0	no_zebrafish_ortholog
CLEC7A	CLEC7A	64581	official_symbol				0	no_zebrafish_ortholog
CLOCK	CLOCK	9575	official_symbol	clocka	30140	Ortholog	1	mapped
CLU	CLU	1191	official_symbol	clu	393775	Ortholog	1	mapped
CMA1	CMA1	1215	official_symbol				0	no_zebrafish_ortholog
CMKLR1	CMKLR1	1240	official_symbol				0	no_zebrafish_ortholog
CMKLR2	CMKLR2	2825	official_symbol				0	no_zebrafish_ortholog
CNR2	CNR2	1269	official_symbol				0	no_zebrafish_ortholog
CNTF	CNTF	1270	official_symbol				0	no_zebrafish_ortholog
CPTP	CPTP	80772	official_symbol	cptp	791641	Ortholog	1	mapped
CREB3L3	CREB3L3	84699	official_symbol				0	no_zebrafish_ortholog
CRH	CRH	1392	official_symbol				0	no_zebrafish_ortholog
CRHBP	CRHBP	1393	official_symbol	crhbp	445065	Ortholog	1	mapped
CRP	CRP	1401	official_symbol				0	no_zebrafish_ortholog
CSF1	CSF1	1435	official_symbol				0	no_zebrafish_ortholog
CSF1R	CSF1R	1436	official_symbol				0	no_zebrafish_ortholog
CSNK1A1	CSNK1A1	1452	official_symbol	csnk1a1	192307	Ortholog	1	mapped
CST7	CST7	8530	official_symbol				0	no_zebrafish_ortholog
CTNNBIP1	CTNNBIP1	56998	official_symbol	ctnnbip1	58117	Ortholog	1	mapped
CTSC	CTSC	1075	official_symbol	ctsc	368704	Ortholog	1	mapped
CUEDC2	CUEDC2	79004	official_symbol	cuedc2	334351	Ortholog	1	mapped
CUL1	CUL1	8454	official_symbol	cul1b	406816	Ortholog	1	mapped
CX3CL1	CX3CL1	6376	official_symbol				0	no_zebrafish_ortholog
CX3CR1	CX3CR1	1524	official_symbol				0	no_zebrafish_ortholog
CXCL1	CXCL1	2919	official_symbol				0	no_zebrafish_ortholog
CXCL10	CXCL10	3627	official_symbol				0	no_zebrafish_ortholog
CXCL11	CXCL11	6373	official_symbol				0	no_zebrafish_ortholog
CXCL13	CXCL13	10563	official_symbol	cxcl13	101886937	Ortholog	1	mapped
CXCL17	CXCL17	284340	official_symbol				0	no_zebrafish_ortholog
CXCL2	CXCL2	2920	official_symbol				0	no_zebrafish_ortholog
CXCL3	CXCL3	2921	official_symbol				0	no_zebrafish_ortholog
CXCL5	CXCL5	6374	official_symbol				0	no_zebrafish_ortholog
CXCL6	CXCL6	6372	official_symbol				0	no_zebrafish_ortholog
CXCL8	CXCL8	3576	official_symbol				0	no_zebrafish_ortholog
CXCL9	CXCL9	4283	official_symbol				0	no_zebrafish_ortholog
CXCR2	CXCR2	3579	official_symbol				0	no_zebrafish_ortholog
CXCR3	CXCR3	2833	official_symbol	cxcr3.1	654692	Ortholog	1	mapped
CXCR4	CXCR4	7852	official_symbol				0	no_zebrafish_ortholog
CXCR6	CXCR6	10663	official_symbol				0	no_zebrafish_ortholog
CYBA	CYBA	1535	official_symbol	cyba	393551	Ortholog	1	mapped
CYBB	CYBB	1536	official_symbol	cybb	393386	Ortholog	1	mapped
CYLD	CYLD	1540	official_symbol	cyld	556823	Ortholog	1	mapped
CYP19A1	CYP19A1	1588	official_symbol	cyp19a1a	30390	Ortholog	1	mapped
CYSLTR1	CYSLTR1	10800	official_symbol	cysltr1	553675	Ortholog	1	mapped
DAB2IP	DAB2IP	153090	official_symbol				0	no_zebrafish_ortholog
DAGLA	DAGLA	747	official_symbol	dagla	569398	Ortholog	1	mapped
DAGLB	DAGLB	221955	official_symbol	daglb	565287	Ortholog	1	mapped
DDT	DDT	1652	official_symbol	ddt	415237	Ortholog	1	mapped
DDX3X	DDX3X	1654	official_symbol	ddx3xa	566947	Ortholog	1	mapped
DEFB114	DEFB114	245928	official_symbol				0	no_zebrafish_ortholog
DHX33	DHX33	56919	official_symbol	dhx33	796505	Ortholog	1	mapped
DHX9	DHX9	1660	official_symbol	dhx9	568043	Ortholog	1	mapped
DNASE1	DNASE1	1773	official_symbol				0	no_zebrafish_ortholog
DNASE1L3	DNASE1L3	1776	official_symbol				0	no_zebrafish_ortholog
DPEP1	DPEP1	1800	official_symbol	dpep1	768195	Ortholog	1	mapped
DPP9	DPP9	91039	official_symbol	dpp9	768170	Ortholog	1	mapped
DROSHA	DROSHA	29102	official_symbol	drosha	567505	Ortholog	1	mapped
DUOXA1	DUOXA1	90527	official_symbol				0	no_zebrafish_ortholog
DUOXA2	DUOXA2	405753	official_symbol				0	no_zebrafish_ortholog
DUSP10	DUSP10	11221	official_symbol	dusp10	100034609	Ortholog	1	mapped
ECM1	ECM1	1893	official_symbol	ecm1b	100332249	Ortholog	1	mapped
EDNRB	EDNRB	1910	official_symbol				0	no_zebrafish_ortholog
EIF2AK1	EIF2AK1	27102	official_symbol	eif2ak1	565338	Ortholog	1	mapped
EIF2AK2	EIF2AK2	5610	official_symbol	eif2ak2	100001092	Ortholog	1	mapped
ELANE	ELANE	1991	official_symbol				0	no_zebrafish_ortholog
ELF3	ELF3	1999	official_symbol	elf3	560869	Ortholog	1	mapped
ELF4	ELF4	2000	official_symbol				0	no_zebrafish_ortholog
ELP6	ELP6	54859	official_symbol	elp6	751679	Ortholog	1	mapped
ENPP3	ENPP3	5169	official_symbol				0	no_zebrafish_ortholog
EPHA2	EPHA2	1969	official_symbol	epha2b	568718	Ortholog	1	mapped
EPHB2	EPHB2	2048	official_symbol				0	no_zebrafish_ortholog
EPO	EPO	2056	official_symbol	epoa	100004455	Ortholog	1	mapped
ESR1	ESR1	2099	official_symbol	esr1	259252	Ortholog	1	mapped
ETS1	ETS1	2113	official_symbol	ets1	280651	Ortholog	1	mapped
EXT1	EXT1	2131	official_symbol				0	no_zebrafish_ortholog
F11R	F11R	50848	official_symbol				0	no_zebrafish_ortholog
F12	F12	2161	official_symbol				0	no_zebrafish_ortholog
F2	F2	2147	official_symbol	f2	325881	Ortholog	1	mapped
F2R	F2R	2149	official_symbol				0	no_zebrafish_ortholog
F2RL1	F2RL1	2150	official_symbol				0	no_zebrafish_ortholog
F3	F3	2152	official_symbol				0	no_zebrafish_ortholog
F7	F7	2155	official_symbol	f7l	100038778	Ortholog	1	mapped
F8	F8	2157	official_symbol				0	no_zebrafish_ortholog
FABP4	FABP4	2167	official_symbol				0	no_zebrafish_ortholog
FADS2	FADS2	9415	official_symbol	fads2	140615	Ortholog	1	mapped
FAM114A1	FAM114A1	92689	official_symbol	fam114a1	560911	Ortholog	1	mapped
FAM210B	MIMS2	116151	synonym	mims2	619270	Ortholog	1	mapped
FAM3C	FAM3C	10447	official_symbol	fam3c	334205	Ortholog	1	mapped
FAM76B	FAM76B	143684	official_symbol	fam76b	335015	Ortholog	1	mapped
FANCA	FANCA	2175	official_symbol	fanca	692125	Ortholog	1	mapped
FANCD2	FANCD2	2177	official_symbol	fancd2	394241	Ortholog	1	mapped
FBXL2	FBXL2	25827	official_symbol	fbxl2	378737	Ortholog	1	mapped
FBXO3	FBXO3	26273	official_symbol	fbxo3	553731	Ortholog	1	mapped
FCER1A	FCER1A	2205	official_symbol				0	no_zebrafish_ortholog
FCER1G	FCER1G	2207	official_symbol				0	no_zebrafish_ortholog
FCGR1A	FCGR1A	2209	official_symbol				0	no_zebrafish_ortholog
FCGR1BP	FCGR1BP	2210	official_symbol				0	no_zebrafish_ortholog
FCGR2A	FCGR2A	2212	official_symbol				0	no_zebrafish_ortholog
FCGR2B	FCGR2B	2213	official_symbol				0	no_zebrafish_ortholog
FCGR2C	FCGR2C	9103	official_symbol				0	no_zebrafish_ortholog
FCGR3A	FCGR3A	2214	official_symbol				0	no_zebrafish_ortholog
FCGR3B	FCGR3B	2215	official_symbol				0	no_zebrafish_ortholog
FCHSD1	FCHSD1	89848	official_symbol				0	no_zebrafish_ortholog
FEM1A	FEM1A	55527	official_symbol				0	no_zebrafish_ortholog
FFAR2	FFAR2	2867	official_symbol				0	no_zebrafish_ortholog
FFAR4	FFAR4	338557	official_symbol				0	no_zebrafish_ortholog
FGR	FGR	2268	official_symbol				0	no_zebrafish_ortholog
FN1	FN1	2335	official_symbol				0	no_zebrafish_ortholog
FNDC4	FNDC4	64838	official_symbol				0	no_zebrafish_ortholog
FOLR2	FOLR2	2350	official_symbol	folr	100073336	Ortholog	1	mapped
FOSL1	FOSL1	8061	official_symbol	fosl1a	564241	Ortholog	1	mapped
FOSL2	FOSL2	2355	official_symbol	fosl2	558921	Ortholog	1	mapped
FOXF1	FOXF1	2294	official_symbol	foxf1	566407	Ortholog	1	mapped
FOXP1	FOXP1	27086	official_symbol	foxp1b	569047	Ortholog	1	mapped
FOXP3	FOXP3	50943	official_symbol	foxp3b	101886699	Ortholog	1	mapped
FPR1	FPR1	2357	official_symbol				0	no_zebrafish_ortholog
FPR2	FPR2	2358	official_symbol				0	no_zebrafish_ortholog
FPR3	FPR3	2359	official_symbol				0	no_zebrafish_ortholog
FURIN	FURIN	5045	official_symbol	furinb	566591	Ortholog	1	mapped
FUT4	FUT4	2526	official_symbol				0	no_zebrafish_ortholog
FYN	FYN	2534	official_symbol	fynb	574422	Ortholog	1	mapped
GATA3	GATA3	2625	official_symbol	gata3	30458	Ortholog	1	mapped
GBA1	GBA1	2629	official_symbol	gba1	559072	Ortholog	1	mapped
GBP1	GBP1	2633	official_symbol				0	no_zebrafish_ortholog
GBP2	GBP2	2634	official_symbol				0	no_zebrafish_ortholog
GBP3	GBP3	2635	official_symbol				0	no_zebrafish_ortholog
GBP5	GBP5	115362	official_symbol				0	no_zebrafish_ortholog
GGT1	GGT1	2678	official_symbol	ggt1a	393387	Ortholog	1	mapped
GGT2P	GGT2P	728441	official_symbol				0	no_zebrafish_ortholog
GGT3P	GGT3P	2679	official_symbol				0	no_zebrafish_ortholog
GGT5	GGT5	2687	official_symbol				0	no_zebrafish_ortholog
GIT1	GIT1	28964	official_symbol	git1	568935	Ortholog	1	mapped
GKN2	GKN2	200504	official_symbol				0	no_zebrafish_ortholog
GNA14	GNA14	9630	official_symbol				0	no_zebrafish_ortholog
GNAT2	GNAT2	2780	official_symbol				0	no_zebrafish_ortholog
GPER1	GPER1	2852	official_symbol	gper1	565271	Ortholog	1	mapped
GPR141	GPR141	353345	official_symbol				0	no_zebrafish_ortholog
GPR17	GPR17	2840	official_symbol	gpr17	100331841	Ortholog	1	mapped
GPR31	GPR31	2853	official_symbol				0	no_zebrafish_ortholog
GPR32	GPR32	2854	official_symbol				0	no_zebrafish_ortholog
GPR32P1	GPR32P1	2855	official_symbol				0	no_zebrafish_ortholog
GPR33	GPR33	2856	official_symbol				0	no_zebrafish_ortholog
GPR4	GPR4	2828	official_symbol	gpr4	563762	Ortholog	1	mapped
GPR68	GPR68	8111	official_symbol				0	no_zebrafish_ortholog
GPS2	GPS2	2874	official_symbol	gps2	393948	Ortholog	1	mapped
GPSM3	GPSM3	63940	official_symbol				0	no_zebrafish_ortholog
GRN	GRN	2896	official_symbol				0	no_zebrafish_ortholog
GSDMA	GSDMA	284110	official_symbol				0	no_zebrafish_ortholog
GSDMB	GSDMB	55876	official_symbol				0	no_zebrafish_ortholog
GSDMC	GSDMC	56169	official_symbol				0	no_zebrafish_ortholog
GSDMD	GSDMD	79792	official_symbol				0	no_zebrafish_ortholog
GSDME	GSDME	1687	official_symbol				0	no_zebrafish_ortholog
GUSB	GUSB	2990	official_symbol	gusb	571441	Ortholog	1	mapped
GZMA	GZMA	3001	official_symbol				0	no_zebrafish_ortholog
GZMB	GZMB	3002	official_symbol				0	no_zebrafish_ortholog
GZMK	GZMK	3003	official_symbol				0	no_zebrafish_ortholog
H2BC1	H2BC1	255626	official_symbol				0	no_zebrafish_ortholog
HAVCR2	HAVCR2	84868	official_symbol				0	no_zebrafish_ortholog
HBA1	HBA1	3039	official_symbol				0	no_zebrafish_ortholog
HBA2	HBA2	3040	official_symbol				0	no_zebrafish_ortholog
HBB	HBB	3043	official_symbol				0	no_zebrafish_ortholog
HCK	HCK	3055	official_symbol	hck	101885596	Ortholog	1	mapped
HDAC4	HDAC4	9759	official_symbol	hdac4	568877	Ortholog	1	mapped
HGF	HGF	3082	official_symbol				0	no_zebrafish_ortholog
HIF1A	HIF1A	3091	official_symbol	hif1aa	797150	Ortholog	1	mapped
HLA-E	HLA-E	3133	official_symbol				0	no_zebrafish_ortholog
HMGB2	HMGB2	3148	official_symbol	hmgb2a	641484	Ortholog	1	mapped
HMOX1	HMOX1	3162	official_symbol	hmox1a	791518	Ortholog	1	mapped
HNRNPA0	HNRNPA0	10949	official_symbol	hnrnpa0a	323529	Ortholog	1	mapped
HP	HP	3240	official_symbol				0	no_zebrafish_ortholog
HPSE	HPSE	10855	official_symbol	hpse	563020	Ortholog	1	mapped
HRH1	HRH1	3269	official_symbol	hrh1	735302	Ortholog	1	mapped
HRH4	HRH4	59340	official_symbol				0	no_zebrafish_ortholog
HSPA12A	HSPA12A	259217	official_symbol				0	no_zebrafish_ortholog
HSPA8	HSPA8	3312	official_symbol				0	no_zebrafish_ortholog
HTR2A	HTR2A	3356	official_symbol				0	no_zebrafish_ortholog
HYAL1	HYAL1	3373	official_symbol				0	no_zebrafish_ortholog
HYAL2	HYAL2	8692	official_symbol	hyal2a	567869	Ortholog	1	mapped
HYAL3	HYAL3	8372	official_symbol				0	no_zebrafish_ortholog
IDO1	IDO1	3620	official_symbol				0	no_zebrafish_ortholog
IER3	IER3	8870	official_symbol	ier3	568780	Ortholog	1	mapped
IFI16	IFI16	3428	official_symbol				0	no_zebrafish_ortholog
IFI27	IFI27	3429	official_symbol				0	no_zebrafish_ortholog
IFI35	IFI35	3430	official_symbol	ifi35	559610	Ortholog	1	mapped
IFNA2	IFNA2	3440	official_symbol				0	no_zebrafish_ortholog
IFNG	IFNG	3458	official_symbol				0	no_zebrafish_ortholog
IFNGR1	IFNGR1	3459	official_symbol	ifngr1l	794493	Ortholog	1	mapped
IFNGR2	IFNGR2	3460	official_symbol				0	no_zebrafish_ortholog
IGHE	IGHE	3497	official_symbol				0	no_zebrafish_ortholog
IGHG1	IGHG1	3500	official_symbol				0	no_zebrafish_ortholog
IKBKB	IKBKB	3551	official_symbol	ikbkb	563560	Ortholog	1	mapped
IKBKG	IKBKG	8517	official_symbol	ikbkg	541530	Ortholog	1	mapped
IL10	IL10	3586	official_symbol	il10	553957	Ortholog	1	mapped
IL10RA	IL10RA	3587	official_symbol				0	no_zebrafish_ortholog
IL10RB	IL10RB	3588	official_symbol				0	no_zebrafish_ortholog
IL13	IL13	3596	official_symbol				0	no_zebrafish_ortholog
IL13RA2	IL13RA2	3598	official_symbol	il13ra2	368326	Ortholog	1	mapped
IL15	IL15	3600	official_symbol				0	no_zebrafish_ortholog
IL16	IL16	3603	official_symbol	il16	100534674	Ortholog	1	mapped
IL17A	IL17A	3605	official_symbol				0	no_zebrafish_ortholog
IL17B	IL17B	27190	official_symbol				0	no_zebrafish_ortholog
IL17C	IL17C	27189	official_symbol	il17c	553960	Ortholog	1	mapped
IL17D	IL17D	53342	official_symbol	il17d	553961	Ortholog	1	mapped
IL17F	IL17F	112744	official_symbol				0	no_zebrafish_ortholog
IL17RA	IL17RA	23765	official_symbol	il17ra1a	561494	Ortholog	1	mapped
IL17RB	IL17RB	55540	official_symbol	il17rb	101886252	Ortholog	1	mapped
IL17RC	IL17RC	84818	official_symbol				0	no_zebrafish_ortholog
IL17RE	IL17RE	132014	official_symbol	il17re	110440027	Ortholog	1	mapped
IL18	IL18	3606	official_symbol				0	no_zebrafish_ortholog
IL18R1	IL18R1	8809	official_symbol				0	no_zebrafish_ortholog
IL18RAP	IL18RAP	8807	official_symbol				0	no_zebrafish_ortholog
IL1A	IL1A	3552	official_symbol				0	no_zebrafish_ortholog
IL1F10	IL1F10	84639	official_symbol				0	no_zebrafish_ortholog
IL1R1	IL1R1	3554	official_symbol				0	no_zebrafish_ortholog
IL1R2	IL1R2	7850	official_symbol				0	no_zebrafish_ortholog
IL1RAP	IL1RAP	3556	official_symbol	il1rap	100331351	Ortholog	1	mapped
IL1RL1	IL33R	9173	synonym				0	no_zebrafish_ortholog
IL1RL2	IL36R	8808	synonym				0	no_zebrafish_ortholog
IL1RN	IL1RN	3557	official_symbol				0	no_zebrafish_ortholog
IL2	IL2	3558	official_symbol				0	no_zebrafish_ortholog
IL20	IL20	50604	official_symbol	il20	100004224	Ortholog	1	mapped
IL20RA	IL20RA	53832	official_symbol				0	no_zebrafish_ortholog
IL20RB	IL20RB	53833	official_symbol	il20rb	100174902	Ortholog	1	mapped
IL21	IL21	59067	official_symbol	il21	100150203	Ortholog	1	mapped
IL22	IL22	50616	official_symbol				0	no_zebrafish_ortholog
IL22RA1	IL22RA1	58985	official_symbol				0	no_zebrafish_ortholog
IL22RA2	IL22RA2	116379	official_symbol				0	no_zebrafish_ortholog
IL23A	IL23A	51561	official_symbol				0	no_zebrafish_ortholog
IL23R	IL23R	149233	official_symbol				0	no_zebrafish_ortholog
IL25	IL25	64806	official_symbol				0	no_zebrafish_ortholog
IL26	IL26	55801	official_symbol				0	no_zebrafish_ortholog
IL27	IL27	246778	official_symbol				0	no_zebrafish_ortholog
IL2RA	IL2RA	3559	official_symbol				0	no_zebrafish_ortholog
IL31RA	IL31RA	133396	official_symbol				0	no_zebrafish_ortholog
IL33	IL33	90865	official_symbol				0	no_zebrafish_ortholog
IL34	IL34	146433	official_symbol	il34	560193	Ortholog	1	mapped
IL36A	IL36A	27179	official_symbol				0	no_zebrafish_ortholog
IL36B	IL36B	27177	official_symbol				0	no_zebrafish_ortholog
IL36G	IL36G	56300	official_symbol				0	no_zebrafish_ortholog
IL36RN	IL36RN	26525	official_symbol				0	no_zebrafish_ortholog
IL37	IL37	27178	official_symbol				0	no_zebrafish_ortholog
IL4	IL4	3565	official_symbol				0	no_zebrafish_ortholog
IL4R	IL4R	3566	official_symbol				0	no_zebrafish_ortholog
IL5	IL5	3567	official_symbol				0	no_zebrafish_ortholog
IL5RA	IL5RA	3568	official_symbol				0	no_zebrafish_ortholog
IL6	IL6	3569	official_symbol				0	no_zebrafish_ortholog
IL6R	IL6R	3570	official_symbol	il6r	100135755	Ortholog	1	mapped
IL6ST	IL6ST	3572	official_symbol	il6st	100006778	Ortholog	1	mapped
IL9	IL9	3578	official_symbol				0	no_zebrafish_ortholog
IRAK2	IRAK2	3656	official_symbol				0	no_zebrafish_ortholog
IRAK4	IRAK4	51135	official_symbol	irak4	393132	Ortholog	1	mapped
IRF3	IRF3	3661	official_symbol				0	no_zebrafish_ortholog
IRGM	IRGM	345611	official_symbol				0	no_zebrafish_ortholog
ISL1	ISL1	3670	official_symbol	isl1a	30147	Ortholog	1	mapped
ITCH	ITCH	83737	official_symbol				0	no_zebrafish_ortholog
ITGAL	ITGAL	3683	official_symbol				0	no_zebrafish_ortholog
ITGAM	ITGAM	3684	official_symbol				0	no_zebrafish_ortholog
ITGB1	ITGB1	3688	official_symbol	itgb1a	556734	Ortholog	1	mapped
ITGB2	ITGB2	3689	official_symbol				0	no_zebrafish_ortholog
ITGB6	ITGB6	3694	official_symbol	itgb6	100499533	Ortholog	1	mapped
ITIH4	ITIH4	3700	official_symbol				0	no_zebrafish_ortholog
JAM3	JAM3	83700	official_symbol				0	no_zebrafish_ortholog
JUN	JUN	3725	official_symbol	jun	335916	Ortholog	1	mapped
KCNJ8	KCNJ8	3764	official_symbol	kcnj8	561090	Ortholog	1	mapped
KCNK13	KCNK13	56659	official_symbol	kcnk13a	571467	Ortholog	1	mapped
KCNK6	KCNK6	9424	official_symbol	kcnk6	504083	Ortholog	1	mapped
KDM4D	KDM4D	55693	official_symbol				0	no_zebrafish_ortholog
KDM6B	KDM6B	23135	official_symbol	kdm6ba	556678	Ortholog	1	mapped
KIT	KIT	3815	official_symbol	kita	30256	Ortholog	1	mapped
KLF4	KLF4	9314	official_symbol	klf4	562155	Ortholog	1	mapped
KLKB1	KLKB1	3818	official_symbol				0	no_zebrafish_ortholog
KLRG1	KLRG1	10219	official_symbol				0	no_zebrafish_ortholog
KNG1	KNG1	3827	official_symbol				0	no_zebrafish_ortholog
KPNA6	KPNA6	23633	official_symbol	kpna6	100149852	Ortholog	1	mapped
KPRP	KPRP	448834	official_symbol				0	no_zebrafish_ortholog
KRT1	KRT1	3848	official_symbol				0	no_zebrafish_ortholog
KRT16	KRT16	3868	official_symbol				0	no_zebrafish_ortholog
LACC1	LACC1	144811	official_symbol	lacc1	100005054	Ortholog	1	mapped
LAT	LAT	27040	official_symbol	lat	100233211	Ortholog	1	mapped
LATS1	LATS1	9113	official_symbol	lats1	553164	Ortholog	1	mapped
LATS2	LATS2	26524	official_symbol	lats2	567674	Ortholog	1	mapped
LBP	LBP	3929	official_symbol				0	no_zebrafish_ortholog
LCN10	LCN10	414332	official_symbol				0	no_zebrafish_ortholog
LCN2	LCN2	3934	official_symbol	ptgdsa	555483	Ortholog	1	mapped
LDLR	LDLR	3949	official_symbol	ldlra	387529	Ortholog	1	mapped
LETMD1	LETMD1	25875	official_symbol	letmd1	567014	Ortholog	1	mapped
LGALS1	LGALS1	3956	official_symbol	lgals2b	393486	Ortholog	1	mapped
LGALS2	LGALS2	3957	official_symbol				0	no_zebrafish_ortholog
LGALS9	LGALS9	3965	official_symbol				0	no_zebrafish_ortholog
LIAS	LIAS	11019	official_symbol	lias	393528	Ortholog	1	mapped
LILRA5	LILRA5	353514	official_symbol				0	no_zebrafish_ortholog
LILRB4	LILRB4	11006	official_symbol				0	no_zebrafish_ortholog
LOXL3	LOXL3	84695	official_symbol				0	no_zebrafish_ortholog
LPCAT3	LPCAT3	10162	official_symbol	lpcat3	555566	Ortholog	1	mapped
LPL	LPL	4023	official_symbol	lpla	30354	Ortholog	1	mapped
LRFN5	LRFN5	145581	official_symbol	lrfn5a	100144400	Ortholog	1	mapped
LRP1	LRP1	4035	official_symbol	lrp1aa	563149	Ortholog	1	mapped
LRRC19	LRRC19	64922	official_symbol				0	no_zebrafish_ortholog
LRRK2	LRRK2	120892	official_symbol	lrrk2	559366	Ortholog	1	mapped
LTA	LTA	4049	official_symbol				0	no_zebrafish_ortholog
LTB4R	LTB4R	1241	official_symbol				0	no_zebrafish_ortholog
LXN	LXN	56925	official_symbol	lxn	494053	Ortholog	1	mapped
LY75	LY75	4065	official_symbol	ly75	504036	Ortholog	1	mapped
LY86	LY86	9450	official_symbol	ly86	101886351	Ortholog	1	mapped
LY96	LY96	23643	official_symbol				0	no_zebrafish_ortholog
LYN	LYN	4067	official_symbol	lyn	447804	Ortholog	1	mapped
LYZ	LYZ	4069	official_symbol				0	no_zebrafish_ortholog
MACIR	MACIR	90355	official_symbol	macir	570279	Ortholog	1	mapped
MAP2K3	MAP2K3	5606	official_symbol				0	no_zebrafish_ortholog
MAP3K7	MAP3K7	6885	official_symbol	map3k7	553788	Ortholog	1	mapped
MAP3K8	MAP3K8	1326	official_symbol	map3k8	563727	Ortholog	1	mapped
MAPK13	MAPK13	5603	official_symbol				0	no_zebrafish_ortholog
MAPK7	MAPK7	5598	official_symbol	mapk7	541323	Ortholog	1	mapped
MAPK8	MAPK8	5599	official_symbol	mapk8a	562720	Ortholog	1	mapped
MAPK9	MAPK9	5601	official_symbol				0	no_zebrafish_ortholog
MAPKAPK2	MAPKAPK2	9261	official_symbol				0	no_zebrafish_ortholog
MARCHF5	MARCHF5	54708	official_symbol	marchf5	561952	Ortholog	1	mapped
MARK4	MARK4	57787	official_symbol	mark4b	571279	Ortholog	1	mapped
MAS1	MAS1	4142	official_symbol				0	no_zebrafish_ortholog
MAVS	MAVS	57506	official_symbol	mavs	562867	Ortholog	1	mapped
MBL2	MBL2	4153	official_symbol				0	no_zebrafish_ortholog
MCPH1	MCPH1	79648	official_symbol	mcph1	678616	Ortholog	1	mapped
MDK	MDK	4192	official_symbol	mdka	30277	Ortholog	1	mapped
MEFV	MEFV	4210	official_symbol				0	no_zebrafish_ortholog
MEP1B	MEP1B	4225	official_symbol	mep1ba	100151009	Ortholog	1	mapped
METRNL	METRNL	284207	official_symbol	metrnla	406258	Ortholog	1	mapped
MFHAS1	MFHAS1	9258	official_symbol	mfhas1	797005	Ortholog	1	mapped
MGLL	MGLL	11343	official_symbol	mgll	378960	Ortholog	1	mapped
MGST2	MGST2	4258	official_symbol	mgst2	723997	Ortholog	1	mapped
MIF	MIF	4282	official_symbol	mif	751093	Ortholog	1	mapped
MIR105-1	MIR105-1	406897	official_symbol				0	no_zebrafish_ortholog
MIR125A	MIR125A	406910	official_symbol				0	no_zebrafish_ortholog
MIR126	MIR126	406913	official_symbol				0	no_zebrafish_ortholog
MIR129-1	MIR129-1	406917	official_symbol				0	no_zebrafish_ortholog
MIR130B	MIR130B	406920	official_symbol				0	no_zebrafish_ortholog
MIR135A1	MIR135A1	406925	official_symbol				0	no_zebrafish_ortholog
MIR136	MIR136	406927	official_symbol				0	no_zebrafish_ortholog
MIR138-1	MIR138-1	406929	official_symbol				0	no_zebrafish_ortholog
MIR140	MIR140	406932	official_symbol				0	no_zebrafish_ortholog
MIR141	MIR141	406933	official_symbol				0	no_zebrafish_ortholog
MIR142	MIR142	406934	official_symbol				0	no_zebrafish_ortholog
MIR144	MIR144	406936	official_symbol				0	no_zebrafish_ortholog
MIR145	MIR145	406937	official_symbol				0	no_zebrafish_ortholog
MIR146A	MIR146A	406938	official_symbol				0	no_zebrafish_ortholog
MIR149	MIR149	406941	official_symbol				0	no_zebrafish_ortholog
MIR15A	MIR15A	406948	official_symbol				0	no_zebrafish_ortholog
MIR16-1	MIR16-1	406950	official_symbol				0	no_zebrafish_ortholog
MIR17	MIR17	406952	official_symbol				0	no_zebrafish_ortholog
MIR181A2	MIR181A2	406954	official_symbol				0	no_zebrafish_ortholog
MIR181B1	MIR181B1	406955	official_symbol				0	no_zebrafish_ortholog
MIR181C	MIR181C	406957	official_symbol				0	no_zebrafish_ortholog
MIR187	MIR187	406963	official_symbol				0	no_zebrafish_ortholog
MIR197	MIR197	406974	official_symbol				0	no_zebrafish_ortholog
MIR199A1	MIR199A1	406976	official_symbol				0	no_zebrafish_ortholog
MIR19A	MIR19A	406979	official_symbol				0	no_zebrafish_ortholog
MIR19B1	MIR19B1	406980	official_symbol				0	no_zebrafish_ortholog
MIR203A	MIR203A	406986	official_symbol				0	no_zebrafish_ortholog
MIR204	MIR204	406987	official_symbol				0	no_zebrafish_ortholog
MIR205	MIR205	406988	official_symbol				0	no_zebrafish_ortholog
MIR206	MIR206	406989	official_symbol				0	no_zebrafish_ortholog
MIR20A	MIR20A	406982	official_symbol				0	no_zebrafish_ortholog
MIR21	MIR21	406991	official_symbol				0	no_zebrafish_ortholog
MIR22	MIR22	407004	official_symbol				0	no_zebrafish_ortholog
MIR221	MIR221	407006	official_symbol				0	no_zebrafish_ortholog
MIR222	MIR222	407007	official_symbol				0	no_zebrafish_ortholog
MIR26A1	MIR26A1	407015	official_symbol				0	no_zebrafish_ortholog
MIR302E	MIR302E	100313774	official_symbol				0	no_zebrafish_ortholog
MIR30C2	MIR30C2	407032	official_symbol				0	no_zebrafish_ortholog
MIR31	MIR31	407035	official_symbol				0	no_zebrafish_ortholog
MIR324	MIR324	442898	official_symbol				0	no_zebrafish_ortholog
MIR338	MIR338	442906	official_symbol				0	no_zebrafish_ortholog
MIR361	MIR361	494323	official_symbol				0	no_zebrafish_ortholog
MIR378A	MIR378A	494327	official_symbol				0	no_zebrafish_ortholog
MIR3909	MIR3909	100500826	official_symbol				0	no_zebrafish_ortholog
MIR4286	MIR4286	100422982	official_symbol				0	no_zebrafish_ortholog
MIR488	MIR488	574441	official_symbol				0	no_zebrafish_ortholog
MIR590	MIR590	693175	official_symbol				0	no_zebrafish_ortholog
MIR657	MIR657	724027	official_symbol				0	no_zebrafish_ortholog
MIR675	MIR675	100033819	official_symbol				0	no_zebrafish_ortholog
MIR6869	MIR6869	102465524	official_symbol				0	no_zebrafish_ortholog
MIR766	MIR766	768218	official_symbol				0	no_zebrafish_ortholog
MIR920	MIR920	100126320	official_symbol				0	no_zebrafish_ortholog
MIR92A1	MIR92A1	407048	official_symbol				0	no_zebrafish_ortholog
MIR93	MIR93	407050	official_symbol				0	no_zebrafish_ortholog
MIR98	MIR98	407054	official_symbol				0	no_zebrafish_ortholog
MIRLET7G	MIRLET7G	406890	official_symbol				0	no_zebrafish_ortholog
MKRN2	MKRN2	23609	official_symbol	mkrn2	170783	Ortholog	1	mapped
MMP25	MMP25	64386	official_symbol				0	no_zebrafish_ortholog
MMP26	MMP26	56547	official_symbol				0	no_zebrafish_ortholog
MMP3	MMP3	4314	official_symbol				0	no_zebrafish_ortholog
MMP8	MMP8	4317	official_symbol				0	no_zebrafish_ortholog
MMP9	MMP9	4318	official_symbol	mmp9	406397	Ortholog	1	mapped
MRGPRX1	MRGPRX1	259249	official_symbol				0	no_zebrafish_ortholog
MSMP	MSMP	692094	official_symbol	msmp1	101884672	Ortholog	1	mapped
MVK	MVK	4598	official_symbol	mvk	492477	Ortholog	1	mapped
MYD88	MYD88	4615	official_symbol	myd88	403145	Ortholog	1	mapped
NAIP	NAIP	4671	official_symbol				0	no_zebrafish_ortholog
NAPEPLD	NAPEPLD	222236	official_symbol	napepld	568061	Ortholog	1	mapped
NCR3	NCR3	259197	official_symbol				0	no_zebrafish_ortholog
NDFIP1	NDFIP1	80762	official_symbol	ndfip1	324047	Ortholog	1	mapped
NDST1	NDST1	3340	official_symbol	ndst1b	570459	Ortholog	1	mapped
NEAT1	NEAT1	283131	official_symbol				0	no_zebrafish_ortholog
NEK7	NEK7	140609	official_symbol	nek7	445223	Ortholog	1	mapped
NFAM1	NFAM1	150372	official_symbol				0	no_zebrafish_ortholog
NFATC1	NFATC1	4772	official_symbol	nfatc1	568315	Ortholog	1	mapped
NFATC3	NFATC3	4775	official_symbol				0	no_zebrafish_ortholog
NFATC4	NFATC4	4776	official_symbol	nfatc4	561682	Ortholog	1	mapped
NFKB1	NFKB1	4790	official_symbol	nfkb1	565756	Ortholog	1	mapped
NFKBIA	NFKBIA	4792	official_symbol	nfkbiab	323099	Ortholog	1	mapped
NFKBIB	NFKBIB	4793	official_symbol				0	no_zebrafish_ortholog
NFKBID	NFKBID	84807	official_symbol				0	no_zebrafish_ortholog
NFKBIZ	NFKBIZ	64332	official_symbol	nfkbiz	100001781	Ortholog	1	mapped
NFX1	NFX1	4799	official_symbol	nfx1	562071	Ortholog	1	mapped
NINJ1	NINJ1	4814	official_symbol	ninj1	100150223	Ortholog	1	mapped
NKG7	NKG7	4818	official_symbol				0	no_zebrafish_ortholog
NKIRAS2	NKIRAS2	28511	official_symbol	nkiras2	445039	Ortholog	1	mapped
NLRC3	NLRC3	197358	official_symbol	nlrc3	110437718	Ortholog	1	mapped
NLRC4	NLRC4	58484	official_symbol				0	no_zebrafish_ortholog
NLRP1	NLRP1	22861	official_symbol				0	no_zebrafish_ortholog
NLRP10	NLRP10	338322	official_symbol				0	no_zebrafish_ortholog
NLRP11	NLRP11	204801	official_symbol				0	no_zebrafish_ortholog
NLRP12	NLRP12	91662	official_symbol				0	no_zebrafish_ortholog
NLRP13	NLRP13	126204	official_symbol				0	no_zebrafish_ortholog
NLRP14	NLRP14	338323	official_symbol				0	no_zebrafish_ortholog
NLRP2	NLRP2	55655	official_symbol				0	no_zebrafish_ortholog
NLRP2B	NLRP2B	286430	official_symbol				0	no_zebrafish_ortholog
NLRP3	NLRP3	114548	official_symbol				0	no_zebrafish_ortholog
NLRP4	NLRP4	147945	official_symbol				0	no_zebrafish_ortholog
NLRP5	NLRP5	126206	official_symbol				0	no_zebrafish_ortholog
NLRP6	NLRP6	171389	official_symbol				0	no_zebrafish_ortholog
NLRP7	NLRP7	199713	official_symbol				0	no_zebrafish_ortholog
NLRP8	NLRP8	126205	official_symbol				0	no_zebrafish_ortholog
NLRP9	NLRP9	338321	official_symbol				0	no_zebrafish_ortholog
NLRX1	NLRX1	79671	official_symbol	nlrx1	557335	Ortholog	1	mapped
NMI	NMI	9111	official_symbol				0	no_zebrafish_ortholog
NOD1	NOD1	10392	official_symbol	nod1	100330810	Ortholog	1	mapped
NOS2	NOS2	4843	official_symbol	nos2b	563654	Ortholog	1	mapped
NOTCH2	NOTCH2	4853	official_symbol				0	no_zebrafish_ortholog
NOX1	NOX1	27035	official_symbol	nox1	555604	Ortholog	1	mapped
NOX4	NOX4	50507	official_symbol	nox4	101886314	Ortholog	1	mapped
NPFF	NPFF	8620	official_symbol	npffl	368264	Ortholog	1	mapped
NPY	NPY	4852	official_symbol	npy	30281	Ortholog	1	mapped
NPY5R	NPY5R	4889	official_symbol				0	no_zebrafish_ortholog
NR1D1	NR1D1	9572	official_symbol	nr1d1	494487	Ortholog	1	mapped
NR1H2	NR1H2	7376	official_symbol				0	no_zebrafish_ortholog
NR1H3	NR1H3	10062	official_symbol	nr1h3	548341	Ortholog	1	mapped
NR4A3	NR4A3	8013	official_symbol	nr4a3	548604	Ortholog	1	mapped
NR5A2	NR5A2	2494	official_symbol	nr5a2	30749	Ortholog	1	mapped
NRROS	NRROS	375387	official_symbol	nrros	445318	Ortholog	1	mapped
NT5E	NT5E	4907	official_symbol	nt5e	393906	Ortholog	1	mapped
ODAM	ODAM	54959	official_symbol				0	no_zebrafish_ortholog
OLR1	OLR1	4973	official_symbol				0	no_zebrafish_ortholog
ORM1	ORM1	5004	official_symbol				0	no_zebrafish_ortholog
ORM2	ORM2	5005	official_symbol				0	no_zebrafish_ortholog
OSM	OSM	5008	official_symbol				0	no_zebrafish_ortholog
OSMR	OSMR	9180	official_symbol				0	no_zebrafish_ortholog
OTULIN	OTULIN	90268	official_symbol	otulinb	100005714	Ortholog	1	mapped
P2RX1	P2RX1	5023	official_symbol				0	no_zebrafish_ortholog
P2RX7	P2RX7	5027	official_symbol				0	no_zebrafish_ortholog
PARK7	PARK7	11315	official_symbol	park7	449674	Ortholog	1	mapped
PARP4	PARP4	143	official_symbol				0	no_zebrafish_ortholog
PBK	PBK	55872	official_symbol	pbk	360218	Ortholog	1	mapped
PBXIP1	PBXIP1	57326	official_symbol	pbxip1b	553293	Ortholog	1	mapped
PDCD1	PDCD1	5133	official_symbol				0	no_zebrafish_ortholog
PDCD4	PDCD4	27250	official_symbol	pdcd4b	321061	Ortholog	1	mapped
PDE2A	PDE2A	5138	official_symbol	pde2a	100332468	Ortholog	1	mapped
PER1	PER1	5187	official_symbol				0	no_zebrafish_ortholog
PF4	PF4	5196	official_symbol				0	no_zebrafish_ortholog
PF4V1	PF4V1	5197	official_symbol				0	no_zebrafish_ortholog
PGLYRP1	PGLYRP1	8993	official_symbol				0	no_zebrafish_ortholog
PGLYRP2	PGLYRP2	114770	official_symbol	pglyrp2	568634	Ortholog	1	mapped
PIK3AP1	PIK3AP1	118788	official_symbol	pik3ap1	100002256	Ortholog	1	mapped
PIK3CD	PIK3CD	5293	official_symbol	pik3cd	394174	Ortholog	1	mapped
PIK3CG	PIK3CG	5294	official_symbol	pik3cg	406598	Ortholog	1	mapped
PJA2	PJA2	9867	official_symbol	pja2	565118	Ortholog	1	mapped
PLA2G10	PLA2G10	8399	official_symbol				0	no_zebrafish_ortholog
PLA2G2A	PLA2G2A	5320	official_symbol				0	no_zebrafish_ortholog
PLA2G2D	PLA2G2D	26279	official_symbol				0	no_zebrafish_ortholog
PLA2G2E	PLA2G2E	30814	official_symbol				0	no_zebrafish_ortholog
PLA2G3	PLA2G3	50487	official_symbol				0	no_zebrafish_ortholog
PLA2G4B	PLA2G4B	100137049	official_symbol				0	no_zebrafish_ortholog
PLA2G4C	PLA2G4C	8605	official_symbol				0	no_zebrafish_ortholog
PLA2G7	PLA2G7	7941	official_symbol	pla2g7	406470	Ortholog	1	mapped
PLCG1	PLCG1	5335	official_symbol	plcg1	373867	Ortholog	1	mapped
PLCG2	PLCG2	5336	official_symbol	plcg2	561747	Ortholog	1	mapped
PLD3	PLD3	23646	official_symbol	pld3	571938	Ortholog	1	mapped
PLD4	PLD4	122618	official_symbol	pld4	101885476	Ortholog	1	mapped
PLGRKT	PLGRKT	55848	official_symbol	plgrkt	606662	Ortholog	1	mapped
PLK2	PLK2	10769	official_symbol	plk2b	565576	Ortholog	1	mapped
PLSCR1	PLSCR1	5359	official_symbol				0	no_zebrafish_ortholog
PNMA1	PNMA1	9240	official_symbol				0	no_zebrafish_ortholog
POLB	POLB	5423	official_symbol	polb	554204	Ortholog	1	mapped
PPBP	PPBP	5473	official_symbol				0	no_zebrafish_ortholog
PPP2CA	PPP2CA	5515	official_symbol	ppp2cab	393885	Ortholog	1	mapped
PRCP	PRCP	5547	official_symbol	prcp	436967	Ortholog	1	mapped
PRDX2	PRDX2	7001	official_symbol	prdx2	791455	Ortholog	1	mapped
PRDX5	PRDX5	25824	official_symbol	prdx5	554105	Ortholog	1	mapped
PRKAR1B	PRKAR1B	5575	official_symbol	prkar1b	767685	Ortholog	1	mapped
PRKAR2A	PRKAR2A	5576	official_symbol	prkar2aa	556042	Ortholog	1	mapped
PRKAR2B	PRKAR2B	5577	official_symbol	prkar2b	100331387	Ortholog	1	mapped
PRMT2	PRMT2	3275	official_symbol	prmt2	558841	Ortholog	1	mapped
PROC	PROC	5624	official_symbol				0	no_zebrafish_ortholog
PSG9	PSG9	5678	official_symbol				0	no_zebrafish_ortholog
PSMA1	PSMA1	5682	official_symbol	psma1	445033	Ortholog	1	mapped
PSMA6	PSMA6	5687	official_symbol	psma6a	171585	Ortholog	1	mapped
PSMB4	PSMB4	5692	official_symbol	psmb4	550499	Ortholog	1	mapped
PSTPIP1	PSTPIP1	9051	official_symbol				0	no_zebrafish_ortholog
PTAFR	PTAFR	5724	official_symbol	ptafr	100002627	Ortholog	1	mapped
PTGDR	PTGDR	5729	official_symbol				0	no_zebrafish_ortholog
PTGER1	PTGER1	5731	official_symbol				0	no_zebrafish_ortholog
PTGER2	PTGER2	5732	official_symbol				0	no_zebrafish_ortholog
PTGER3	PTGER3	5733	official_symbol	ptger3	100000544	Ortholog	1	mapped
PTGER4	PTGER4	5734	official_symbol				0	no_zebrafish_ortholog
PTGES	PTGES	9536	official_symbol	ptges	544666	Ortholog	1	mapped
PTGFR	PTGFR	5737	official_symbol	ptgfr	571808	Ortholog	1	mapped
PTGIR	PTGIR	5739	official_symbol	ptgir	561406	Ortholog	1	mapped
PTGIS	PTGIS	5740	official_symbol	ptgis	559148	Ortholog	1	mapped
PTGS2	PTGS2	5743	official_symbol				0	no_zebrafish_ortholog
PTN	PTN	5764	official_symbol	ptn	368211	Ortholog	1	mapped
PTPN6	PTPN6	5777	official_symbol	ptpn6	335573	Ortholog	1	mapped
PTPRC	PTPRC	5788	official_symbol	ptprc	559154	Ortholog	1	mapped
PTX3	PTX3	5806	official_symbol				0	no_zebrafish_ortholog
PXK	PXK	54899	official_symbol	pxk	557065	Ortholog	1	mapped
PYCARD	PYCARD	29108	official_symbol				0	no_zebrafish_ortholog
PYDC1	PYDC1	260434	official_symbol	pydc1	147837586	Ortholog	1	mapped
PYDC2	PYDC2	152138	official_symbol				0	no_zebrafish_ortholog
PYDC5	PYDC5	107181291	official_symbol				0	no_zebrafish_ortholog
RAB44	RAB44	401258	official_symbol				0	no_zebrafish_ortholog
RABGEF1	RABGEF1	27342	official_symbol	rabgef1	393816	Ortholog	1	mapped
RAC1	RAC1	5879	official_symbol				0	no_zebrafish_ortholog
RASGRP1	RASGRP1	10125	official_symbol				0	no_zebrafish_ortholog
RBPJ	RBPJ	3516	official_symbol	rbpjb	563306	Ortholog	1	mapped
REG3A	REG3A	5068	official_symbol				0	no_zebrafish_ortholog
REG3G	REG3G	130120	official_symbol				0	no_zebrafish_ortholog
REL	REL	5966	official_symbol	rel	415101	Ortholog	1	mapped
RELA	RELA	5970	official_symbol	rela	415099	Ortholog	1	mapped
RELB	RELB	5971	official_symbol	relb	795414	Ortholog	1	mapped
RHBDD3	RHBDD3	25807	official_symbol				0	no_zebrafish_ortholog
RHBDF2	RHBDF2	79651	official_symbol				0	no_zebrafish_ortholog
RICTOR	RICTOR	253260	official_symbol	rictorb	561835	Ortholog	1	mapped
RIPK1	RIPK1	8737	official_symbol	ripk1l	567460	Ortholog	1	mapped
RIPK2	RIPK2	8767	official_symbol	ripk2	373874	Ortholog	1	mapped
RPS19	RPS19	6223	official_symbol	rps19	393723	Ortholog	1	mapped
RPS6KA4	RPS6KA4	8986	official_symbol				0	no_zebrafish_ortholog
RPS6KA5	RPS6KA5	9252	official_symbol	rps6ka5	565173	Ortholog	1	mapped
RTN4	RTN4	57142	official_symbol	rtn4a	447816	Ortholog	1	mapped
S100A12	S100A12	6283	official_symbol				0	no_zebrafish_ortholog
S100A8	S100A8	6279	official_symbol				0	no_zebrafish_ortholog
S100A9	S100A9	6280	official_symbol				0	no_zebrafish_ortholog
S1PR3	S1PR3	1903	official_symbol				0	no_zebrafish_ortholog
SAA1	SAA1	6288	official_symbol				0	no_zebrafish_ortholog
SAA2	SAA2	6289	official_symbol				0	no_zebrafish_ortholog
SAA4	SAA4	6291	official_symbol				0	no_zebrafish_ortholog
SBNO1	SBNO1	55206	official_symbol	sbno1	100005813	Ortholog	1	mapped
SBNO2	SBNO2	22904	official_symbol				0	no_zebrafish_ortholog
SCG2	SCG2	7857	official_symbol	scg2a	793796	Ortholog	1	mapped
SCGB1A1	SCGB1A1	7356	official_symbol				0	no_zebrafish_ortholog
SCN9A	SCN9A	6335	official_symbol				0	no_zebrafish_ortholog
SCUBE1	SCUBE1	80274	official_symbol	scube1	797832	Ortholog	1	mapped
SCYL3	SCYL3	57147	official_symbol	scyl3	323839	Ortholog	1	mapped
SELE	SELE	6401	official_symbol				0	no_zebrafish_ortholog
SELP	SELP	6403	official_symbol				0	no_zebrafish_ortholog
SEMA7A	SEMA7A	8482	official_symbol				0	no_zebrafish_ortholog
SERPINA1	SERPINA1	5265	official_symbol				0	no_zebrafish_ortholog
SERPINA3	SERPINA3	12	official_symbol				0	no_zebrafish_ortholog
SERPINE1	SERPINE1	5054	official_symbol	serpine1	100136840	Ortholog	1	mapped
SERPINF2	SERPINF2	5345	official_symbol	serpinf2b	563663	Ortholog	1	mapped
SETD4	SETD4	54093	official_symbol	setd4	564058	Ortholog	1	mapped
SETD6	SETD6	79918	official_symbol	setd6	322348	Ortholog	1	mapped
SHARPIN	SHARPIN	81858	official_symbol				0	no_zebrafish_ortholog
SHPK	SHPK	23729	official_symbol	shpk	100001676	Ortholog	1	mapped
SIGIRR	SIGIRR	59307	official_symbol	sigirr	563606	Ortholog	1	mapped
SIGLEC1	SIGLEC1	6614	official_symbol				0	no_zebrafish_ortholog
SIGLEC10	SIGLEC10	89790	official_symbol				0	no_zebrafish_ortholog
SIRPA	SIRPA	140885	official_symbol				0	no_zebrafish_ortholog
SKP1	SKP1	6500	official_symbol	skp1	393716	Ortholog	1	mapped
SLAMF1	SLAMF1	6504	official_symbol				0	no_zebrafish_ortholog
SLAMF8	SLAMF8	56833	official_symbol				0	no_zebrafish_ortholog
SLC11A1	SLC11A1	6556	official_symbol				0	no_zebrafish_ortholog
SMAD1	SMAD1	4086	official_symbol	smad1	30628	Ortholog	1	mapped
SMAD3	SMAD3	4088	official_symbol				0	no_zebrafish_ortholog
SMPDL3B	SMPDL3B	27293	official_symbol	smpdl3b	564392	Ortholog	1	mapped
SNAP23	SNAP23	8773	official_symbol				0	no_zebrafish_ortholog
SNCA	SNCA	6622	official_symbol				0	no_zebrafish_ortholog
SNX4	SNX4	8723	official_symbol	snx4	323203	Ortholog	1	mapped
SNX6	SNX6	58533	official_symbol	snx6	567182	Ortholog	1	mapped
SOCS5	SOCS5	9655	official_symbol				0	no_zebrafish_ortholog
SPATA2	SPATA2	9825	official_symbol	spata2	568830	Ortholog	1	mapped
SPHK1	SPHK1	8877	official_symbol				0	no_zebrafish_ortholog
SPINK7	SPINK7	84651	official_symbol				0	no_zebrafish_ortholog
SPN	SPN	6693	official_symbol				0	no_zebrafish_ortholog
SRC	SRC	6714	official_symbol	src	325084	Ortholog	1	mapped
STAB1	STAB1	23166	official_symbol				0	no_zebrafish_ortholog
STAP1	STAP1	26228	official_symbol				0	no_zebrafish_ortholog
STARD7	STARD7	56910	official_symbol	stard7	564572	Ortholog	1	mapped
STAT5A	STAT5A	6776	official_symbol				0	no_zebrafish_ortholog
STING1	STING1	340061	official_symbol	sting1	101243556	Ortholog	1	mapped
STK39	STK39	27347	official_symbol	stk39	100329854	Ortholog	1	mapped
STMP1	STMP1	647087	official_symbol	stmp1	100170826	Ortholog	1	mapped
SUCNR1	SUCNR1	56670	official_symbol				0	no_zebrafish_ortholog
SYK	SYK	6850	official_symbol	syk	405769	Ortholog	1	mapped
SYT11	SYT11	23208	official_symbol				0	no_zebrafish_ortholog
TAB2	TAB2	23118	official_symbol	tab2	494163	Ortholog	1	mapped
TAC1	TAC1	6863	official_symbol	tac1	555634	Ortholog	1	mapped
TAC4	TAC4	255061	official_symbol				0	no_zebrafish_ortholog
TACR1	TACR1	6869	official_symbol				0	no_zebrafish_ortholog
TAFA3	TAFA3	284467	official_symbol	tafa3b	100003386	Ortholog	1	mapped
TBXA2R	TBXA2R	6915	official_symbol	tbxa2r	102216340	Ortholog	1	mapped
TEK	TEK	7010	official_symbol	tek	30747	Ortholog	1	mapped
TFRC	TFRC	7037	official_symbol				0	no_zebrafish_ortholog
THBS1	THBS1	7057	official_symbol				0	no_zebrafish_ortholog
THEMIS2	THEMIS2	9473	official_symbol	themis2	100535600	Ortholog	1	mapped
TICAM1	TICAM1	148022	official_symbol	ticam1	403147	Ortholog	1	mapped
TICAM2	TICAM2	353376	official_symbol				0	no_zebrafish_ortholog
TIMP1	TIMP1	7076	official_symbol				0	no_zebrafish_ortholog
TIRAP	TIRAP	114609	official_symbol	tirap	403148	Ortholog	1	mapped
TLR1	TLR1	7096	official_symbol				0	no_zebrafish_ortholog
TLR10	TLR10	81793	official_symbol				0	no_zebrafish_ortholog
TLR2	TLR2	7097	official_symbol	tlr2	403125	Ortholog	1	mapped
TLR3	TLR3	7098	official_symbol	tlr3	403126	Ortholog	1	mapped
TLR4	TLR4	7099	official_symbol				0	no_zebrafish_ortholog
TLR5	TLR5	7100	official_symbol				0	no_zebrafish_ortholog
TLR6	TLR6	10333	official_symbol				0	no_zebrafish_ortholog
TLR7	TLR7	51284	official_symbol	tlr7	100534776	Ortholog	1	mapped
TLR8	TLR8	51311	official_symbol				0	no_zebrafish_ortholog
TLR9	TLR9	54106	official_symbol	tlr9	403128	Ortholog	1	mapped
TMED2	TMED2	10959	official_symbol	tmed2	321550	Ortholog	1	mapped
TMEM219	TMEM219	124446	official_symbol				0	no_zebrafish_ortholog
TMEM258	TMEM258	746	official_symbol	tmem258	393742	Ortholog	1	mapped
TMIGD3	TMIGD3	57413	official_symbol				0	no_zebrafish_ortholog
TMSB4X	TMSB4X	7114	official_symbol	tmsb4x	793949	Ortholog	1	mapped
TNC	TNC	3371	official_symbol				0	no_zebrafish_ortholog
TNFAIP3	TNFAIP3	7128	official_symbol	tnfaip3	564497	Ortholog	1	mapped
TNFAIP6	TNFAIP6	7130	official_symbol	tnfaip6	678516	Ortholog	1	mapped
TNFAIP8L2	TIPE2	79626	synonym	tnfaip8l2b	393345	Ortholog	1	mapped
TNFRSF11A	TNFRSF11A	8792	official_symbol				0	no_zebrafish_ortholog
TNFRSF1A	TNFRSF1A	7132	official_symbol	tnfrsf1a	406471	Ortholog	1	mapped
TNFRSF1B	TNFRSF1B	7133	official_symbol				0	no_zebrafish_ortholog
TNFRSF4	TNFRSF4	7293	official_symbol				0	no_zebrafish_ortholog
TNFRSF6B	TNFRSF6B	8771	official_symbol				0	no_zebrafish_ortholog
TNFSF11	TNFSF11	8600	official_symbol	tnfsf11	100331628	Ortholog	1	mapped
TNFSF14	TNFSF14	8740	official_symbol	tnfsf14b	108190761	Ortholog	1	mapped
TNFSF18	TNFSF18	8995	official_symbol				0	no_zebrafish_ortholog
TNFSF4	TNFSF4	7292	official_symbol				0	no_zebrafish_ortholog
TNIP1	TNIP1	10318	official_symbol	tnip1	449958	Ortholog	1	mapped
TNIP2	TNIP2	79155	official_symbol	tnip2	564279	Ortholog	1	mapped
TNIP3	TNIP3	79931	official_symbol				0	no_zebrafish_ortholog
TOLLIP	TOLLIP	54472	official_symbol	tollip	336876	Ortholog	1	mapped
TRADD	TRADD	8717	official_symbol	tradd	58130	Ortholog	1	mapped
TRAF2	TRAF2	7186	official_symbol				0	no_zebrafish_ortholog
TRAF3IP2	TRAF3IP2	10758	official_symbol	traf3ip2a	606616	Ortholog	1	mapped
TRAF5	TRAF5	7188	official_symbol				0	no_zebrafish_ortholog
TRIL	TRIL	9865	official_symbol	tril	448885	Ortholog	1	mapped
TRIM11	TRIM11	81559	official_symbol				0	no_zebrafish_ortholog
TRIM14	TRIM14	9830	official_symbol				0	no_zebrafish_ortholog
TRIM21	TRIM21	6737	official_symbol				0	no_zebrafish_ortholog
TRIM31	TRIM31	11074	official_symbol				0	no_zebrafish_ortholog
TRIM45	TRIM45	80263	official_symbol	trim45	558117	Ortholog	1	mapped
TRIM65	TRIM65	201292	official_symbol				0	no_zebrafish_ortholog
TRPV1	TRPV1	7442	official_symbol				0	no_zebrafish_ortholog
TSLP	TSLP	85480	official_symbol				0	no_zebrafish_ortholog
TSPAN18	TSPAN18	90139	official_symbol				0	no_zebrafish_ortholog
TSPAN2	TSPAN2	10100	official_symbol				0	no_zebrafish_ortholog
TTBK1	TTBK1	84630	official_symbol				0	no_zebrafish_ortholog
TTC1	TTC1	7265	official_symbol	ttc1	492510	Ortholog	1	mapped
TUSC2	TUSC2	11334	official_symbol				0	no_zebrafish_ortholog
TXNIP	TXNIP	10628	official_symbol				0	no_zebrafish_ortholog
TYRO3	TYRO3	7301	official_symbol	tyro3	30709	Ortholog	1	mapped
TYROBP	TYROBP	7305	official_symbol				0	no_zebrafish_ortholog
UACA	UACA	55075	official_symbol				0	no_zebrafish_ortholog
UFL1	UFL1	23376	official_symbol	ufl1	393578	Ortholog	1	mapped
UGT1A1	UGT1A1	54658	official_symbol				0	no_zebrafish_ortholog
UMOD	UMOD	7369	official_symbol				0	no_zebrafish_ortholog
UNC13D	UNC13D	201294	official_symbol	unc13d	564076	Ortholog	1	mapped
USP14	USP14	9097	official_symbol	usp14	335736	Ortholog	1	mapped
USP18	USP18	11274	official_symbol	usp18	100334535	Ortholog	1	mapped
USP50	USP50	373509	official_symbol				0	no_zebrafish_ortholog
VAMP3	VAMP3	9341	official_symbol	vamp3	415163	Ortholog	1	mapped
VAMP7	VAMP7	6845	official_symbol	vamp7	393236	Ortholog	1	mapped
VAMP8	VAMP8	8673	official_symbol	vamp8	327007	Ortholog	1	mapped
VCAM1	VCAM1	7412	official_symbol				0	no_zebrafish_ortholog
VNN1	VNN1	8876	official_symbol				0	no_zebrafish_ortholog
VPS35	VPS35	55737	official_symbol	vps35	561697	Ortholog	1	mapped
WDR83	WDR83	84292	official_symbol	wdr83	436702	Ortholog	1	mapped
WFDC1	WFDC1	58189	official_symbol	wfdc1	560860	Ortholog	1	mapped
WNK4	WNK4	65266	official_symbol	wnk4a	100330953	Ortholog	1	mapped
WNT5A	WNT5A	7474	official_symbol	wnt5a	568191	Ortholog	1	mapped
XCL1	XCL1	6375	official_symbol				0	no_zebrafish_ortholog
XCL2	XCL2	6846	official_symbol				0	no_zebrafish_ortholog
XCR1	XCR1	2829	official_symbol				0	no_zebrafish_ortholog
XIAP	XIAP	331	official_symbol	xiap	373108	Ortholog	1	mapped
YES1	YES1	7525	official_symbol	yes1	407620	Ortholog	1	mapped
ZBP1	ZBP1	81030	official_symbol				0	no_zebrafish_ortholog
ZC3H12A	ZC3H12A	80149	official_symbol				0	no_zebrafish_ortholog
ZDHHC1	ZDHHC1	29800	official_symbol				0	no_zebrafish_ortholog
ZDHHC12	ZDHHC12	84885	official_symbol				0	no_zebrafish_ortholog
ZDHHC5	ZDHHC5	25921	official_symbol	zdhhc5a	571795	Ortholog	1	mapped
ZDHHC9	ZDHHC9	51114	official_symbol	zdhhc9	560095	Ortholog	1	mapped
ZEB2	ZEB2	9839	official_symbol	zeb2b	564934	Ortholog	1	mapped
ZFP36	ZFP36	7538	official_symbol				0	no_zebrafish_ortholog
ZNF580	ZNF580	51157	official_symbol				0	no_zebrafish_ortholog
ZP3	ZP3	7784	official_symbol				0	no_zebrafish_ortholog
ABCA12	ABCA12	26154	official_symbol				0	no_zebrafish_ortholog
ADRA2A	ADRA2A	150	official_symbol	adra2a	266750	Ortholog	1	mapped
ARRB1	ARRB1	408	official_symbol				0	no_zebrafish_ortholog
BAIAP3	BAIAP3	8938	official_symbol	baiap3	564728	Ortholog	1	mapped
BRSK2	BRSK2	9024	official_symbol				0	no_zebrafish_ortholog
C2CD2L	C2CD2L	9854	official_symbol	c2cd2l	566488	Ortholog	1	mapped
CCDC186	CCDC186	55088	official_symbol	ccdc186	557112	Ortholog	1	mapped
CDK16	CDK16	5127	official_symbol	cdk16	559750	Ortholog	1	mapped
CLTRN	CLTRN	57393	official_symbol	cltrn	402976	Ortholog	1	mapped
CYP7A1	CYP7A1	1581	official_symbol	cyp7a1	394148	Ortholog	1	mapped
DYNLL1	DYNLL1	8655	official_symbol				0	no_zebrafish_ortholog
EFNA5	EFNA5	1946	official_symbol	efna5b	30223	Ortholog	1	mapped
ENDOG	ENDOG	2021	official_symbol	endog	100002293	Ortholog	1	mapped
EPHA5	EPHA5	2044	official_symbol	unm_sa34860	797595	Ortholog	1	mapped
ERN1	ERN1	2081	official_symbol	ern1	553551	Ortholog	1	mapped
FIS1	FIS1	51024	official_symbol	fis1	797988	Ortholog	1	mapped
FKBP1B	FKBP1B	2281	official_symbol	fkbp1b	393785	Ortholog	1	mapped
FOXA2	FOXA2	3170	official_symbol	foxa2	30126	Ortholog	1	mapped
FOXA3	FOXA3	3171	official_symbol	foxa3	30559	Ortholog	1	mapped
FOXO3	FOXO3	2309	official_symbol				0	no_zebrafish_ortholog
FUT1	FUT1	2523	official_symbol				0	no_zebrafish_ortholog
GAS6	GAS6	2621	official_symbol	gas6	335830	Ortholog	1	mapped
GATA4	GATA4	2626	official_symbol	gata4	30483	Ortholog	1	mapped
GCKR	GCKR	2646	official_symbol	gckr	100333044	Ortholog	1	mapped
GCLM	GCLM	2730	official_symbol	gclm	333974	Ortholog	1	mapped
GPR27	GPR27	2850	official_symbol				0	no_zebrafish_ortholog
GPRC6A	GPRC6A	222545	official_symbol	gprc6a	494131	Ortholog	1	mapped
ICAM1	ICAM1	3383	official_symbol	sc:d0202	569842	Ortholog	1	mapped
JAGN1	JAGN1	84522	official_symbol				0	no_zebrafish_ortholog
KAT5	KAT5	10524	official_symbol	kat5a	436638	Ortholog	1	mapped
KCNK16	KCNK16	83795	official_symbol				0	no_zebrafish_ortholog
KLF7	KLF7	8609	official_symbol				0	no_zebrafish_ortholog
LIN28A	LIN28A	79727	official_symbol				0	no_zebrafish_ortholog
LRRC8A	LRRC8A	56262	official_symbol				0	no_zebrafish_ortholog
LRRC8D	LRRC8D	55144	official_symbol	lrrc8db	563923	Ortholog	1	mapped
MIR320A	MIR320A	407037	official_symbol				0	no_zebrafish_ortholog
MIR320B1	MIR320B1	100302117	official_symbol				0	no_zebrafish_ortholog
MIR320B2	MIR320B2	100313769	official_symbol				0	no_zebrafish_ortholog
MIR320C1	MIR320C1	100302135	official_symbol				0	no_zebrafish_ortholog
MIR320C2	MIR320C2	100302195	official_symbol				0	no_zebrafish_ortholog
MIR320D1	MIR320D1	100313896	official_symbol				0	no_zebrafish_ortholog
MIR320D2	MIR320D2	100302169	official_symbol				0	no_zebrafish_ortholog
MIR320E	MIR320E	100422913	official_symbol				0	no_zebrafish_ortholog
MIR337	MIR337	442905	official_symbol				0	no_zebrafish_ortholog
MLXIPL	MLXIPL	51085	official_symbol	mlxipl	100535945	Ortholog	1	mapped
MPC2	MPC2	25874	official_symbol	mpc2b	321611	Ortholog	1	mapped
MRGPRE	MRGPRE	116534	official_symbol				0	no_zebrafish_ortholog
NGFR	NGFR	4804	official_symbol				0	no_zebrafish_ortholog
NKX6-1	NKX6-1	4825	official_symbol	nkx6-1	436748	Ortholog	1	mapped
NPPA	NPPA	4878	official_symbol				0	no_zebrafish_ortholog
NPTX1	NPTX1	4884	official_symbol	nptx1l	405872	Ortholog	1	mapped
OPRK1	OPRK1	4986	official_symbol	oprk1	360139	Ortholog	1	mapped
OSBP	OSBP	5007	official_symbol	osbp	564372	Ortholog	1	mapped
OXCT1	OXCT1	5019	official_symbol				0	no_zebrafish_ortholog
PAX2	PAX2	5076	official_symbol	pax2a	30425	Ortholog	1	mapped
PDE8B	PDE8B	8622	official_symbol	pde8b	571011	Ortholog	1	mapped
PHPT1	PHPT1	29085	official_symbol	phpt1	445172	Ortholog	1	mapped
PIH1D1	PIH1D1	55011	official_symbol	pih1d1	553260	Ortholog	1	mapped
PIM3	PIM3	415116	official_symbol				0	no_zebrafish_ortholog
PRKAA2	PRKAA2	5563	official_symbol	prkaa2	572074	Ortholog	1	mapped
PRKCE	PRKCE	5581	official_symbol	prkceb	100332055	Ortholog	1	mapped
PTPRN	PTPRN	5798	official_symbol	ptprnb	564351	Ortholog	1	mapped
PTPRN2	PTPRN2	5799	official_symbol	ptprn2	325033	Ortholog	1	mapped
RAB11B	RAB11B	9230	official_symbol				0	no_zebrafish_ortholog
RAB11FIP2	RAB11FIP2	22841	official_symbol	rab11fip2	100334729	Ortholog	1	mapped
RAB11FIP5	RAB11FIP5	26056	official_symbol				0	no_zebrafish_ortholog
RACK1	RACK1	10399	official_symbol	rack1	30722	Ortholog	1	mapped
RFX6	RFX6	222546	official_symbol	rfx6	556925	Ortholog	1	mapped
RPTOR	RPTOR	57521	official_symbol	rptor	560455	Ortholog	1	mapped
SELENOT	SELENOT	51714	official_symbol	selenot1a	352919	Ortholog	1	mapped
SIDT2	SIDT2	51092	official_symbol	sidt2	796833	Ortholog	1	mapped
SIN3A	SIN3A	25942	official_symbol	sin3aa	563090	Ortholog	1	mapped
SLC12A7	SLC12A7	10723	official_symbol				0	no_zebrafish_ortholog
SLC29A1	SLC29A1	2030	official_symbol				0	no_zebrafish_ortholog
SLC9B2	SLC9B2	133308	official_symbol				0	no_zebrafish_ortholog
SMAD4	SMAD4	4089	official_symbol				0	no_zebrafish_ortholog
SMARCA4	SMARCA4	6597	official_symbol	smarca4a	353295	Ortholog	1	mapped
SOX4	SOX4	6659	official_symbol	sox4b	393875	Ortholog	1	mapped
SRF	SRF	6722	official_symbol				0	no_zebrafish_ortholog
SRI	SRI	6717	official_symbol	sri	393344	Ortholog	1	mapped
STX4	STX4	6810	official_symbol				0	no_zebrafish_ortholog
TRA2B	TRA2B	6434	official_symbol	tra2b	394172	Ortholog	1	mapped
TRPA1	TRPA1	8989	official_symbol	trpa1b	474353	Ortholog	1	mapped
TRPM4	TRPM4	54795	official_symbol				0	no_zebrafish_ortholog
TRPM5	TRPM5	29850	official_symbol	trpm5	557722	Ortholog	1	mapped
TUNAR	TUNAR	100507043	official_symbol	tunar	103909004	Ortholog	1	mapped
UBTF	UBTF	7343	official_symbol	ubtf	368509	Ortholog	1	mapped
UNC13B	UNC13B	10497	official_symbol				0	no_zebrafish_ortholog
USF2	USF2	7392	official_symbol	usf2	567297	Ortholog	1	mapped
VSNL1	VSNL1	7447	official_symbol				0	no_zebrafish_ortholog
ZBED6	ZBED6	100381270	official_symbol				0	no_zebrafish_ortholog
ZNF236	ZNF236	7776	official_symbol	znf236	572232	Ortholog	1	mapped
ABCB11	ABCB11	8647	official_symbol	abcb11a	797269	Ortholog	1	mapped
ABCD4	ABCD4	5826	official_symbol	abcd4	767748	Ortholog	1	mapped
ACAA1	ACAA1	30	official_symbol	acaa1	431754	Ortholog	1	mapped
ACAA2	ACAA2	10449	official_symbol	acaa2	406325	Ortholog	1	mapped
ACAD10	ACAD10	80724	official_symbol				0	no_zebrafish_ortholog
ACAD11	ACAD11	84129	official_symbol	acad11	393147	Ortholog	1	mapped
ACADL	ACADL	33	official_symbol	acadl	394156	Ortholog	1	mapped
ACAT1	ACAT1	38	official_symbol	acat1	445290	Ortholog	1	mapped
ACOT8	ACOT8	10005	official_symbol	acot8	450052	Ortholog	1	mapped
ACOX2	ACOX2	8309	official_symbol				0	no_zebrafish_ortholog
ACOX3	ACOX3	8310	official_symbol	acox3	406421	Ortholog	1	mapped
ACOXL	ACOXL	55289	official_symbol	acoxl	569104	Ortholog	1	mapped
ACSM1	ACSM1	116285	official_symbol				0	no_zebrafish_ortholog
ADH4	ADH4	127	official_symbol				0	no_zebrafish_ortholog
ADH5	ADH5	128	official_symbol				0	no_zebrafish_ortholog
ADH7	ADH7	131	official_symbol				0	no_zebrafish_ortholog
ADIPOR2	ADIPOR2	79602	official_symbol				0	no_zebrafish_ortholog
ALDH1L2	ALDH1L2	160428	official_symbol				0	no_zebrafish_ortholog
ALOX12	ALOX12	239	official_symbol				0	no_zebrafish_ortholog
ALOX12B	ALOX12B	242	official_symbol				0	no_zebrafish_ortholog
ALOX15B	ALOX15B	247	official_symbol				0	no_zebrafish_ortholog
ALOXE3	ALOXE3	59344	official_symbol				0	no_zebrafish_ortholog
AMACR	AMACR	23600	official_symbol	amacr	553653	Ortholog	1	mapped
AUH	AUH	549	official_symbol	auh	445182	Ortholog	1	mapped
BDH2	BDH2	56898	official_symbol	bdh2	550507	Ortholog	1	mapped
CPT1B	CPT1B	1375	official_symbol	cpt1b	449677	Ortholog	1	mapped
CRAT	CRAT	1384	official_symbol	crata	449545	Ortholog	1	mapped
CROT	CROT	54677	official_symbol	crot	553204	Ortholog	1	mapped
CYGB	CYGB	114757	official_symbol	cygb2	554176	Ortholog	1	mapped
CYP4F2	CYP4F2	8529	official_symbol				0	no_zebrafish_ortholog
CYP4F3	CYP4F3	4051	official_symbol				0	no_zebrafish_ortholog
CYP4V2	CYP4V2	285440	official_symbol	cyp4v2a	558851	Ortholog	1	mapped
DECR1	DECR1	1666	official_symbol	decr1	436717	Ortholog	1	mapped
DECR2	DECR2	26063	official_symbol	decr2	406623	Ortholog	1	mapped
ECH1	ECH1	1891	official_symbol	ech1	450048	Ortholog	1	mapped
ECHDC1	ECHDC1	55862	official_symbol	echdc1	553585	Ortholog	1	mapped
ECHDC2	ECHDC2	55268	official_symbol	echdc2	338247	Ortholog	1	mapped
ECHS1	ECHS1	1892	official_symbol	echs1	368912	Ortholog	1	mapped
ECI1	ECI1	1632	official_symbol	eci1	334101	Ortholog	1	mapped
ECI2	ECI2	10455	official_symbol	eci2	436918	Ortholog	1	mapped
ETFBKMT	ETFBKMT	254013	official_symbol	etfbkmt	100005455	Ortholog	1	mapped
FABP3	FABP3	2170	official_symbol	fabp3	171478	Ortholog	1	mapped
FMO1	FMO1	2326	official_symbol				0	no_zebrafish_ortholog
FMO2	FMO2	2327	official_symbol				0	no_zebrafish_ortholog
FMO4	FMO4	2329	official_symbol				0	no_zebrafish_ortholog
GCDH	GCDH	2639	official_symbol	gcdhb	450003	Ortholog	1	mapped
GDF15	GDF15	9518	official_symbol	gdf15	101886665	Ortholog	1	mapped
HACL1	HACL1	26061	official_symbol	hacl1	406358	Ortholog	1	mapped
HADH	HADH	3033	official_symbol	hadh	445121	Ortholog	1	mapped
HAO1	HAO1	54363	official_symbol	hao1	402827	Ortholog	1	mapped
HAO2	HAO2	51179	official_symbol	hao2	393455	Ortholog	1	mapped
HSD17B4	HSD17B4	3295	official_symbol	hsd17b4	393105	Ortholog	1	mapped
ILVBL	HACL2	10994	synonym	hacl2	393639	Ortholog	1	mapped
IVD	IVD	3712	official_symbol	ivd	368775	Ortholog	1	mapped
KLHL25	KLHL25	64410	official_symbol	klhl25	556885	Ortholog	1	mapped
LONP2	LONP2	83752	official_symbol	lonp2	494030	Ortholog	1	mapped
MCAT	MCAT	27349	official_symbol	mcat	564111	Ortholog	1	mapped
MTLN	MTLN	205251	official_symbol	lnc.lemp	100537077	Ortholog	1	mapped
PLIN5	PLIN5	440503	official_symbol				0	no_zebrafish_ortholog
POR	POR	5447	official_symbol				0	no_zebrafish_ortholog
SAMD1	SAMD1	90378	official_symbol	samd1b	101884198	Ortholog	1	mapped
SCP2	SCP2	6342	official_symbol	scp2a	393839	Ortholog	1	mapped
SIRT4	SIRT4	23409	official_symbol	sirt4	791628	Ortholog	1	mapped
SLC25A17	SLC25A17	10478	official_symbol	slc25a17	100093708	Ortholog	1	mapped
SLC27A2	SLC27A2	11001	official_symbol	zgc:101540	494096	Ortholog	1	mapped
SOX9	SOX9	6662	official_symbol	sox9a	60641	Ortholog	1	mapped
TYSND1	TYSND1	219743	official_symbol	tysnd1	561667	Ortholog	1	mapped
AURKA	AURKA	6790	official_symbol	aurka	445246	Ortholog	1	mapped
BNIP3	BNIP3	664	official_symbol	bnip3	336116	Ortholog	1	mapped
C11orf65	C11orf65	160140	official_symbol	gb:co360592	558891	Ortholog	1	mapped
CYRIB	CYRIB	51571	official_symbol	cyribb	404610	Ortholog	1	mapped
DCN	DCN	1634	official_symbol	dcn	64698	Ortholog	1	mapped
KDR	KDR	3791	official_symbol	kdr	554230	Ortholog	1	mapped
MCU	MCU	90550	official_symbol	mcu	768182	Ortholog	1	mapped
MIEF1	MIEF1	54471	official_symbol	mief1	564985	Ortholog	1	mapped
MIURF	MIURF	127898561	official_symbol				0	no_zebrafish_ortholog
MTCH2	MTCH2	23788	official_symbol	mtch2	30655	Ortholog	1	mapped
MTFP1	MTFP1	51537	official_symbol	mtfp1	393659	Ortholog	1	mapped
MTFR1	MTFR1	9650	official_symbol	mtfr1	494035	Ortholog	1	mapped
MTFR1L	MTFR1L	56181	official_symbol	mtfr1l	334296	Ortholog	1	mapped
MTFR2	MTFR2	113115	official_symbol	mtfr2	768141	Ortholog	1	mapped
MUL1	MUL1	79594	official_symbol	mul1	100004181	Ortholog	1	mapped
MYO19	MYO19	80179	official_symbol	myo19	562279	Ortholog	1	mapped
PGAM5	PGAM5	192111	official_symbol	pgam5	492357	Ortholog	1	mapped
PINK1	PINK1	65018	official_symbol	pink1	494085	Ortholog	1	mapped
RALA	RALA	5898	official_symbol	ralaa	393993	Ortholog	1	mapped
RALBP1	RALBP1	10928	official_symbol	ralbp1	404612	Ortholog	1	mapped
SPIRE1	SPIRE1	56907	official_symbol				0	no_zebrafish_ortholog
STAT2	STAT2	6773	official_symbol				0	no_zebrafish_ortholog
TMEM135	TMEM135	65084	official_symbol	tmem135	568244	Ortholog	1	mapped
ADRM1	ADRM1	11047	official_symbol	adrm1	796450	Ortholog	1	mapped
ECPAS	ECPAS	23392	official_symbol	ecpas	563777	Ortholog	1	mapped
OTUD6B	OTUD6B	51633	official_symbol	otud6b	393194	Ortholog	1	mapped
POMP	POMP	51371	official_symbol	pomp	445030	Ortholog	1	mapped
PSMB5	PSMB5	5693	official_symbol				0	no_zebrafish_ortholog
PSMD10	PSMD10	5716	official_symbol	psmd10	403085	Ortholog	1	mapped
PSMD11	PSMD11	5717	official_symbol				0	no_zebrafish_ortholog
PSMD5	PSMD5	5711	official_symbol	psmd5	550235	Ortholog	1	mapped
PSMD9	PSMD9	5715	official_symbol	psmd9	436709	Ortholog	1	mapped
PSMG1	PSMG1	8624	official_symbol	psmg1	436987	Ortholog	1	mapped
PSMG2	PSMG2	56984	official_symbol	psmg2	573107	Ortholog	1	mapped
PSMG3	PSMG3	84262	official_symbol	psmg3	436802	Ortholog	1	mapped
PSMG4	PSMG4	389362	official_symbol	psmg4	100333944	Ortholog	1	mapped
SEM1	SEM1	7979	official_symbol	sem1	322269	Ortholog	1	mapped
UBLCP1	UBLCP1	134510	official_symbol	ublcp1	792145	Ortholog	1	mapped
AFG2B	AFG2B	79029	official_symbol	afg2b	767648	Ortholog	1	mapped
AGAP3	AGAP3	116988	official_symbol	agap3	324332	Ortholog	1	mapped
AKIRIN2	AKIRIN2	55122	official_symbol	akirin2	406855	Ortholog	1	mapped
AMBRA1	AMBRA1	55626	official_symbol	ambra1a	100332642	Ortholog	1	mapped
AMFR	AMFR	267	official_symbol	amfra	406442	Ortholog	1	mapped
AMN1	AMN1	196394	official_symbol	amn1	751744	Ortholog	1	mapped
ANAPC1	ANAPC1	64682	official_symbol	anapc1	568795	Ortholog	1	mapped
ANAPC10	ANAPC10	10393	official_symbol	anapc10	798352	Ortholog	1	mapped
ANAPC11	ANAPC11	51529	official_symbol	anapc11	768140	Ortholog	1	mapped
ANAPC13	ANAPC13	25847	official_symbol	anapc13	569473	Ortholog	1	mapped
ANAPC15	ANAPC15	25906	official_symbol	anapc15	751740	Ortholog	1	mapped
ANAPC16	ANAPC16	119504	official_symbol	anapc16	550576	Ortholog	1	mapped
ANAPC2	ANAPC2	29882	official_symbol	anapc2	100318335	Ortholog	1	mapped
ANAPC4	ANAPC4	29945	official_symbol	anapc4	494046	Ortholog	1	mapped
ANAPC5	ANAPC5	51433	official_symbol	anapc5	322854	Ortholog	1	mapped
ANAPC7	ANAPC7	51434	official_symbol	anapc7	558402	Ortholog	1	mapped
ANKRD9	ANKRD9	122416	official_symbol	ankrd9	492328	Ortholog	1	mapped
APC2	APC2	10297	official_symbol	apc2	565771	Ortholog	1	mapped
APPBP2	APPBP2	10513	official_symbol	appbp2	322995	Ortholog	1	mapped
ARAF	ARAF	369	official_symbol				0	no_zebrafish_ortholog
ARHGAP5-AS1	ARHGAP5-AS1	84837	official_symbol				0	no_zebrafish_ortholog
ARIH2	ARIH2	10425	official_symbol	arih2	406417	Ortholog	1	mapped
ARMC8	ARMC8	25852	official_symbol	armc8	571528	Ortholog	1	mapped
ARRB2	ARRB2	409	official_symbol				0	no_zebrafish_ortholog
ASB1	ASB1	51665	official_symbol	asb1	554673	Ortholog	1	mapped
ASB11	ASB11	140456	official_symbol				0	no_zebrafish_ortholog
ASB7	ASB7	140460	official_symbol	asb7	405798	Ortholog	1	mapped
ASB9	ASB9	140462	official_symbol				0	no_zebrafish_ortholog
ASCC2	ASCC2	84164	official_symbol	ascc2	393414	Ortholog	1	mapped
ATE1	ATE1	11101	official_symbol	ate1	100037311	Ortholog	1	mapped
ATXN3L	ATXN3L	92552	official_symbol				0	no_zebrafish_ortholog
AXIN1	AXIN1	8312	official_symbol	axin1	57931	Ortholog	1	mapped
AXIN2	AXIN2	8313	official_symbol	axin2	58080	Ortholog	1	mapped
BAG2	BAG2	9532	official_symbol	bag2	393975	Ortholog	1	mapped
BAG6	BAG6	7917	official_symbol	bag6	83910	Ortholog	1	mapped
BBS7	BBS7	55212	official_symbol	bbs7	557491	Ortholog	1	mapped
BFAR	BFAR	51283	official_symbol				0	no_zebrafish_ortholog
BTRC	BTRC	8945	official_symbol				0	no_zebrafish_ortholog
CBFA2T3	CBFA2T3	863	official_symbol	cbfa2t3	563252	Ortholog	1	mapped
CBX4	CBX4	8535	official_symbol	cbx4	573110	Ortholog	1	mapped
CCAR2	CCAR2	57805	official_symbol				0	no_zebrafish_ortholog
CCIN	CCIN	881	official_symbol				0	no_zebrafish_ortholog
CDC16	CDC16	8881	official_symbol	cdc16	562014	Ortholog	1	mapped
CDC20	CDC20	991	official_symbol	cdc20	406353	Ortholog	1	mapped
CDC20B	CDC20B	166979	official_symbol				0	no_zebrafish_ortholog
CDC23	CDC23	8697	official_symbol	cdc23	393907	Ortholog	1	mapped
CDC26	CDC26	246184	official_symbol	cdc26	445501	Ortholog	1	mapped
CDC27	CDC27	996	official_symbol	cdc27	30450	Ortholog	1	mapped
CDC34	CDC34	997	official_symbol				0	no_zebrafish_ortholog
CDK2	CDK2	1017	official_symbol	cdk2	406715	Ortholog	1	mapped
CHFR	CHFR	55743	official_symbol	chfr	564271	Ortholog	1	mapped
COMMD1	COMMD1	150684	official_symbol	commd1	692293	Ortholog	1	mapped
COP1	COP1	64326	official_symbol	cop1	100037391	Ortholog	1	mapped
CRBN	CRBN	51185	official_symbol	crbn	445491	Ortholog	1	mapped
CSNK1D	CSNK1D	1453	official_symbol				0	no_zebrafish_ortholog
CSNK1E	CSNK1E	1454	official_symbol	csnk1e	100006858	Ortholog	1	mapped
CSNK2A1	CSNK2A1	1457	official_symbol	csnk2a1	30502	Ortholog	1	mapped
CSNK2A2	CSNK2A2	1459	official_symbol	csnk2a2b	556379	Ortholog	1	mapped
CSNK2B	CSNK2B	1460	official_symbol	csnk2b	30428	Ortholog	1	mapped
CUL2	CUL2	8453	official_symbol	cul2	336088	Ortholog	1	mapped
CUL4A	CUL4A	8451	official_symbol	cul4a	394002	Ortholog	1	mapped
CUL4B	CUL4B	8450	official_symbol	cul4b	560313	Ortholog	1	mapped
CUL5	CUL5	8065	official_symbol				0	no_zebrafish_ortholog
DAB2	DAB2	1601	official_symbol	dab2	404040	Ortholog	1	mapped
DCAF1	DCAF1	9730	official_symbol	dcaf1	100333146	Ortholog	1	mapped
DCAF11	DCAF11	80344	official_symbol	dcaf11	567578	Ortholog	1	mapped
DCAF12	DCAF12	25853	official_symbol	dcaf12	570671	Ortholog	1	mapped
DCAF13	DCAF13	25879	official_symbol	dcaf13	393097	Ortholog	1	mapped
DDA1	DDA1	79016	official_symbol	dda1	796589	Ortholog	1	mapped
DDRGK1	DDRGK1	65992	official_symbol	ddrgk1	393263	Ortholog	1	mapped
DERL1	DERL1	79139	official_symbol	derl1	406753	Ortholog	1	mapped
DESI1	DESI1	27351	official_symbol				0	no_zebrafish_ortholog
DET1	DET1	55070	official_symbol	det1	324089	Ortholog	1	mapped
DMAC2	DMAC2	55101	official_symbol				0	no_zebrafish_ortholog
DTL	DTL	51514	official_symbol	dtl	192314	Ortholog	1	mapped
DTX4	DTX4	23220	official_symbol				0	no_zebrafish_ortholog
ECRG4	ECRG4	84417	official_symbol	ecrg4a	791762	Ortholog	1	mapped
EIF3H	EIF3H	8667	official_symbol				0	no_zebrafish_ortholog
ELOB	ELOB	6923	official_symbol	elob	192341	Ortholog	1	mapped
ELOC	ELOC	6921	official_symbol	eloca	447935	Ortholog	1	mapped
ENC1	ENC1	8507	official_symbol	enc1	559101	Ortholog	1	mapped
EPM2A	EPM2A	7957	official_symbol	epm2a	100535304	Ortholog	1	mapped
FAF1	FAF1	11124	official_symbol	faf1	406243	Ortholog	1	mapped
FAF2	FAF2	23197	official_symbol	faf2	497596	Ortholog	1	mapped
FBH1	FBH1	84893	official_symbol	fbh1	567995	Ortholog	1	mapped
FBXL12	FBXL12	54850	official_symbol	fbxl12	141377645	Ortholog	1	mapped
FBXL13	FBXL13	222235	official_symbol	fbxl13	101883454	Ortholog	1	mapped
FBXL14	FBXL14	144699	official_symbol				0	no_zebrafish_ortholog
FBXL15	FBXL15	79176	official_symbol	fbxl15	405878	Ortholog	1	mapped
FBXL16	FBXL16	146330	official_symbol	fbxl16	797939	Ortholog	1	mapped
FBXL17	FBXL17	64839	official_symbol	fbxl17	795023	Ortholog	1	mapped
FBXL18	FBXL18	80028	official_symbol	fbxl18	570298	Ortholog	1	mapped
FBXL19	FBXL19	54620	official_symbol	fbxl19	100101643	Ortholog	1	mapped
FBXL20	FBXL20	84961	official_symbol	fbxl20	100331130	Ortholog	1	mapped
FBXL21P	FBXL21P	26223	official_symbol				0	no_zebrafish_ortholog
FBXL22	FBXL22	283807	official_symbol	fbxl22	503591	Ortholog	1	mapped
FBXL3	FBXL3	26224	official_symbol	fbxl3a	378451	Ortholog	1	mapped
FBXL5	FBXL5	26234	official_symbol	fbxl5	322181	Ortholog	1	mapped
FBXL6	FBXL6	26233	official_symbol	fbxl6	323163	Ortholog	1	mapped
FBXL7	FBXL7	23194	official_symbol	fbxl7	569430	Ortholog	1	mapped
FBXL8	FBXL8	55336	official_symbol	fbxl8	641481	Ortholog	1	mapped
FBXO10	FBXO10	26267	official_symbol	fbxo10	563863	Ortholog	1	mapped
FBXO11	FBXO11	80204	official_symbol	fbxo11b	567742	Ortholog	1	mapped
FBXO15	FBXO15	201456	official_symbol	fbxo15	560664	Ortholog	1	mapped
FBXO16	FBXO16	157574	official_symbol	fbxo16	550375	Ortholog	1	mapped
FBXO17	FBXO17	115290	official_symbol				0	no_zebrafish_ortholog
FBXO2	FBXO2	26232	official_symbol				0	no_zebrafish_ortholog
FBXO21	FBXO21	23014	official_symbol	fbxo21	567738	Ortholog	1	mapped
FBXO24	FBXO24	26261	official_symbol				0	no_zebrafish_ortholog
FBXO25	FBXO25	26260	official_symbol	fbxo25	403037	Ortholog	1	mapped
FBXO27	FBXO27	126433	official_symbol				0	no_zebrafish_ortholog
FBXO30	FBXO30	84085	official_symbol	fbxo30a	100001417	Ortholog	1	mapped
FBXO31	FBXO31	79791	official_symbol	fbxo31	555190	Ortholog	1	mapped
FBXO32	FBXO32	114907	official_symbol	fbxo32	393891	Ortholog	1	mapped
FBXO33	FBXO33	254170	official_symbol	fbxo33	567750	Ortholog	1	mapped
FBXO34	FBXO34	55030	official_symbol	fbxo34	323474	Ortholog	1	mapped
FBXO36	FBXO36	130888	official_symbol				0	no_zebrafish_ortholog
FBXO39	FBXO39	162517	official_symbol				0	no_zebrafish_ortholog
FBXO4	FBXO4	26272	official_symbol	fbxo4	100319387	Ortholog	1	mapped
FBXO40	FBXO40	51725	official_symbol				0	no_zebrafish_ortholog
FBXO41	FBXO41	150726	official_symbol	fbxo41	567804	Ortholog	1	mapped
FBXO42	FBXO42	54455	official_symbol	fbxo42	335459	Ortholog	1	mapped
FBXO43	FBXO43	286151	official_symbol	fbxo43	393403	Ortholog	1	mapped
FBXO44	FBXO44	93611	official_symbol				0	no_zebrafish_ortholog
FBXO45	FBXO45	200933	official_symbol	fbxo45	393567	Ortholog	1	mapped
FBXO46	FBXO46	23403	official_symbol	fbxo46	562515	Ortholog	1	mapped
FBXO47	FBXO47	494188	official_symbol				0	no_zebrafish_ortholog
FBXO48	FBXO48	554251	official_symbol	fbxo48	103908695	Ortholog	1	mapped
FBXO5	FBXO5	26271	official_symbol	fbxo5	445392	Ortholog	1	mapped
FBXO6	FBXO6	26270	official_symbol				0	no_zebrafish_ortholog
FBXO7	FBXO7	25793	official_symbol	fbxo7	558097	Ortholog	1	mapped
FBXO8	FBXO8	26269	official_symbol	fbxo8	678549	Ortholog	1	mapped
FBXO9	FBXO9	26268	official_symbol	fbxo9	325469	Ortholog	1	mapped
FBXW10	FBXW10	10517	official_symbol				0	no_zebrafish_ortholog
FBXW11	FBXW11	23291	official_symbol				0	no_zebrafish_ortholog
FBXW12	FBXW12	285231	official_symbol	fbxw12	100142653	Ortholog	1	mapped
FBXW2	FBXW2	26190	official_symbol	fbxw2	553942	Ortholog	1	mapped
FBXW4	FBXW4	6468	official_symbol	fbxw4	58035	Ortholog	1	mapped
FBXW5	FBXW5	54461	official_symbol	fbxw5	406611	Ortholog	1	mapped
FBXW7	FBXW7	55294	official_symbol	fbxw7	564991	Ortholog	1	mapped
FBXW9	FBXW9	84261	official_symbol	fbxw9	100330184	Ortholog	1	mapped
FEM1B	FEM1B	10116	official_symbol	fem1b	567119	Ortholog	1	mapped
FEM1C	FEM1C	56929	official_symbol	fem1c	378965	Ortholog	1	mapped
FHIT	FHIT	2272	official_symbol	fhit	393713	Ortholog	1	mapped
FOXF2	FOXF2	2295	official_symbol				0	no_zebrafish_ortholog
GABARAP	GABARAP	11337	official_symbol	gabarapb	793200	Ortholog	1	mapped
GID4	GID4	79018	official_symbol	gid4	497568	Ortholog	1	mapped
GID8	GID8	54994	official_symbol				0	no_zebrafish_ortholog
GLMN	GLMN	11146	official_symbol	glmna	492774	Ortholog	1	mapped
GNA12	GNA12	2768	official_symbol	gna12a	503589	Ortholog	1	mapped
HECTD1	HECTD1	25831	official_symbol	hectd1	100002034	Ortholog	1	mapped
HECTD3	HECTD3	79654	official_symbol	hectd3	563189	Ortholog	1	mapped
HERC2	HERC2	8924	official_symbol	herc2	558479	Ortholog	1	mapped
HSP90AB1	HSP90AB1	3326	official_symbol	hsp90ab1	30573	Ortholog	1	mapped
HSPA1A	HSPA1A	3303	official_symbol				0	no_zebrafish_ortholog
HSPA1B	HSPA1B	3304	official_symbol				0	no_zebrafish_ortholog
HSPBP1	HSPBP1	23640	official_symbol	hspbp1	338155	Ortholog	1	mapped
HUWE1	HUWE1	10075	official_symbol	huwe1	559439	Ortholog	1	mapped
IPP	IPP	3652	official_symbol	ipp	570768	Ortholog	1	mapped
IVNS1ABP	IVNS1ABP	10625	official_symbol				0	no_zebrafish_ortholog
KBTBD12	KBTBD12	166348	official_symbol	kbtbd12	559380	Ortholog	1	mapped
KBTBD3	KBTBD3	143879	official_symbol	kbtbd3	100003277	Ortholog	1	mapped
KBTBD4	KBTBD4	55709	official_symbol	kbtbd4	393178	Ortholog	1	mapped
KBTBD6	KBTBD6	89890	official_symbol				0	no_zebrafish_ortholog
KBTBD7	KBTBD7	84078	official_symbol	kbtbd7	794299	Ortholog	1	mapped
KBTBD8	KBTBD8	84541	official_symbol	kbtbd8	559966	Ortholog	1	mapped
KCMF1	KCMF1	56888	official_symbol	kcmf1	393927	Ortholog	1	mapped
KCTD10	KCTD10	83892	official_symbol	kctd10	406787	Ortholog	1	mapped
KCTD13	KCTD13	253980	official_symbol	kctd13	100000647	Ortholog	1	mapped
KCTD17	KCTD17	79734	official_symbol				0	no_zebrafish_ortholog
KCTD2	KCTD2	23510	official_symbol	kctd2	751724	Ortholog	1	mapped
KCTD5	KCTD5	54442	official_symbol				0	no_zebrafish_ortholog
KDM2A	KDM2A	22992	official_symbol	kdm2ab	799441	Ortholog	1	mapped
KDM2B	KDM2B	84678	official_symbol				0	no_zebrafish_ortholog
KEAP1	KEAP1	9817	official_symbol	keap1b	100003679	Ortholog	1	mapped
KIF14	KIF14	9928	official_symbol	kif14	562052	Ortholog	1	mapped
KLHDC1	KLHDC1	122773	official_symbol				0	no_zebrafish_ortholog
KLHDC10	KLHDC10	23008	official_symbol	klhdc10	393231	Ortholog	1	mapped
KLHDC2	KLHDC2	23588	official_symbol	klhdc2	100037324	Ortholog	1	mapped
KLHDC3	KLHDC3	116138	official_symbol	klhdc3	406553	Ortholog	1	mapped
KLHL1	KLHL1	57626	official_symbol				0	no_zebrafish_ortholog
KLHL10	KLHL10	317719	official_symbol				0	no_zebrafish_ortholog
KLHL11	KLHL11	55175	official_symbol	klhl11	327313	Ortholog	1	mapped
KLHL12	KLHL12	59349	official_symbol	klhl12	492362	Ortholog	1	mapped
KLHL13	KLHL13	90293	official_symbol	klhl13	323951	Ortholog	1	mapped
KLHL14	KLHL14	57565	official_symbol	klhl14	794722	Ortholog	1	mapped
KLHL15	KLHL15	80311	official_symbol	klhl15	445186	Ortholog	1	mapped
KLHL17	KLHL17	339451	official_symbol	klhl17	336187	Ortholog	1	mapped
KLHL18	KLHL18	23276	official_symbol	klhl18	327574	Ortholog	1	mapped
KLHL2	KLHL2	11275	official_symbol	klhl2	567966	Ortholog	1	mapped
KLHL20	KLHL20	27252	official_symbol	klhl20	406274	Ortholog	1	mapped
KLHL21	KLHL21	9903	official_symbol	klhl21	404613	Ortholog	1	mapped
KLHL22	KLHL22	84861	official_symbol	klhl22	100333714	Ortholog	1	mapped
KLHL23	KLHL23	151230	official_symbol	klhl23	559613	Ortholog	1	mapped
KLHL26	KLHL26	55295	official_symbol	klhl26	558035	Ortholog	1	mapped
KLHL28	KLHL28	54813	official_symbol	klhl28	100333404	Ortholog	1	mapped
KLHL29	KLHL29	114818	official_symbol	klhl29	100537703	Ortholog	1	mapped
KLHL3	KLHL3	26249	official_symbol	klhl3	568556	Ortholog	1	mapped
KLHL30	KLHL30	377007	official_symbol	klhl30	559694	Ortholog	1	mapped
KLHL31	KLHL31	401265	official_symbol	klhl31	407079	Ortholog	1	mapped
KLHL32	KLHL32	114792	official_symbol	klhl32	100009653	Ortholog	1	mapped
KLHL34	KLHL34	257240	official_symbol	klhl34	561692	Ortholog	1	mapped
KLHL35	KLHL35	283212	official_symbol	klhl35	570873	Ortholog	1	mapped
KLHL36	KLHL36	79786	official_symbol	klhl36	553604	Ortholog	1	mapped
KLHL38	KLHL38	340359	official_symbol				0	no_zebrafish_ortholog
KLHL4	KLHL4	56062	official_symbol				0	no_zebrafish_ortholog
KLHL42	KLHL42	57542	official_symbol	klhl42	567545	Ortholog	1	mapped
KLHL5	KLHL5	51088	official_symbol				0	no_zebrafish_ortholog
KLHL6	KLHL6	89857	official_symbol	klhl6	368818	Ortholog	1	mapped
KLHL7	KLHL7	55975	official_symbol	klhl7	393851	Ortholog	1	mapped
KLHL8	KLHL8	57563	official_symbol	klhl8	572347	Ortholog	1	mapped
LMO7	LMO7	4008	official_symbol	lmo7a	553341	Ortholog	1	mapped
LRRC75A	LRRC75A	388341	official_symbol	lrrc75a	562936	Ortholog	1	mapped
LTN1	LTN1	26046	official_symbol	ltn1	100000122	Ortholog	1	mapped
MAEA	MAEA	10296	official_symbol	maea	321575	Ortholog	1	mapped
MAP1A	MAP1A	4130	official_symbol	map1aa	100151220	Ortholog	1	mapped
MARCHF6	MARCHF6	10299	official_symbol	marchf6	100002072	Ortholog	1	mapped
MARCHF8	MARCHF8	220972	official_symbol	marchf8	567818	Ortholog	1	mapped
MDM2	MDM2	4193	official_symbol	mdm2	30637	Ortholog	1	mapped
MKLN1	MKLN1	4289	official_symbol	mkln1	325217	Ortholog	1	mapped
MTA1	MTA1	9112	official_symbol				0	no_zebrafish_ortholog
MYCBP2	MYCBP2	23077	official_symbol	mycbp2	368439	Ortholog	1	mapped
N4BP1	N4BP1	9683	official_symbol	n4bp1	327327	Ortholog	1	mapped
NCCRP1	NCCRP1	342897	official_symbol	nccrp1	30078	Ortholog	1	mapped
NDFIP2	NDFIP2	54602	official_symbol	ndfip2	406656	Ortholog	1	mapped
NEDD4L	NEDD4L	23327	official_symbol	nedd4l	559634	Ortholog	1	mapped
NEMF	NEMF	9147	official_symbol	nemf	767767	Ortholog	1	mapped
NHLRC1	NHLRC1	378884	official_symbol				0	no_zebrafish_ortholog
NHLRC3	NHLRC3	387921	official_symbol	wu:fj39h09	100004725	Ortholog	1	mapped
NKD2	NKD2	85409	official_symbol	nkd2b	794221	Ortholog	1	mapped
NOP53	NOP53	29997	official_symbol	nop53	322404	Ortholog	1	mapped
NPLOC4	NPLOC4	55666	official_symbol	nploc4	327447	Ortholog	1	mapped
NSFL1C	NSFL1C	55968	official_symbol	nsfl1c	492805	Ortholog	1	mapped
NUB1	NUB1	51667	official_symbol	nub1	557021	Ortholog	1	mapped
PABIR1	PABIR1	116224	official_symbol				0	no_zebrafish_ortholog
PABIR2	PABIR2	159090	official_symbol				0	no_zebrafish_ortholog
PABIR3	PABIR3	159091	official_symbol				0	no_zebrafish_ortholog
PABPN1L	PABPN1L	390748	official_symbol				0	no_zebrafish_ortholog
PANO1	PANO1	101927423	official_symbol				0	no_zebrafish_ortholog
PAQR3	PAQR3	152559	official_symbol	paqr3a	393683	Ortholog	1	mapped
PCBP2	PCBP2	5094	official_symbol	pcbp2	321844	Ortholog	1	mapped
PCNP	PCNP	57092	official_symbol	pcnp	450014	Ortholog	1	mapped
PELI1	PELI1	57162	official_symbol				0	no_zebrafish_ortholog
PHF20L1	PHF20L1	51105	official_symbol	phf20l1	327626	Ortholog	1	mapped
PIAS1	PIAS1	8554	official_symbol				0	no_zebrafish_ortholog
PLK1	PLK1	5347	official_symbol	plk1	280649	Ortholog	1	mapped
PLK3	PLK3	1263	official_symbol	plk3	334202	Ortholog	1	mapped
PPP2CB	PPP2CB	5516	official_symbol	ppp2cb	406582	Ortholog	1	mapped
PPP2R5C	PPP2R5C	5527	official_symbol	ppp2r5ca	100005981	Ortholog	1	mapped
PRAME	PRAME	23532	official_symbol				0	no_zebrafish_ortholog
PRAMEF1	PRAMEF1	65121	official_symbol				0	no_zebrafish_ortholog
PRAMEF10	PRAMEF10	343071	official_symbol				0	no_zebrafish_ortholog
PRAMEF11	PRAMEF11	440560	official_symbol				0	no_zebrafish_ortholog
PRAMEF12	PRAMEF12	390999	official_symbol				0	no_zebrafish_ortholog
PRAMEF13	PRAMEF13	400736	official_symbol				0	no_zebrafish_ortholog
PRAMEF14	PRAMEF14	729528	official_symbol				0	no_zebrafish_ortholog
PRAMEF15	PRAMEF15	653619	official_symbol				0	no_zebrafish_ortholog
PRAMEF17	PRAMEF17	391004	official_symbol				0	no_zebrafish_ortholog
PRAMEF18	PRAMEF18	391003	official_symbol				0	no_zebrafish_ortholog
PRAMEF19	PRAMEF19	645414	official_symbol				0	no_zebrafish_ortholog
PRAMEF2	PRAMEF2	65122	official_symbol				0	no_zebrafish_ortholog
PRAMEF20	PRAMEF20	645425	official_symbol				0	no_zebrafish_ortholog
PRAMEF22	PRAMEF22	653606	official_symbol				0	no_zebrafish_ortholog
PRAMEF25	PRAMEF25	441873	official_symbol				0	no_zebrafish_ortholog
PRAMEF26	PRAMEF26	645359	official_symbol				0	no_zebrafish_ortholog
PRAMEF27	PRAMEF27	101929983	official_symbol				0	no_zebrafish_ortholog
PRAMEF33	PRAMEF33	645382	official_symbol				0	no_zebrafish_ortholog
PRAMEF4	PRAMEF4	400735	official_symbol				0	no_zebrafish_ortholog
PRAMEF5	PRAMEF5	343068	official_symbol				0	no_zebrafish_ortholog
PRAMEF6	PRAMEF6	440561	official_symbol				0	no_zebrafish_ortholog
PRAMEF7	PRAMEF7	441871	official_symbol				0	no_zebrafish_ortholog
PRAMEF8	PRAMEF8	391002	official_symbol				0	no_zebrafish_ortholog
PRAMEF9	PRAMEF9	343070	official_symbol				0	no_zebrafish_ortholog
PRICKLE1	PRICKLE1	144165	official_symbol	prickle1a	368249	Ortholog	1	mapped
PSMA2	PSMA2	5683	official_symbol				0	no_zebrafish_ortholog
PSMA3	PSMA3	5684	official_symbol	psma3	564370	Ortholog	1	mapped
PSMA4	PSMA4	5685	official_symbol	psma4	326687	Ortholog	1	mapped
PSMA5	PSMA5	5686	official_symbol	psma5	403011	Ortholog	1	mapped
PSMA7	PSMA7	5688	official_symbol				0	no_zebrafish_ortholog
PSMA8	PSMA8	143471	official_symbol				0	no_zebrafish_ortholog
PSMB1	PSMB1	5689	official_symbol	psmb1	445413	Ortholog	1	mapped
PSMB10	PSMB10	5699	official_symbol				0	no_zebrafish_ortholog
PSMB11	PSMB11	122706	official_symbol				0	no_zebrafish_ortholog
PSMB2	PSMB2	5690	official_symbol	psmb2	436882	Ortholog	1	mapped
PSMB3	PSMB3	5691	official_symbol	psmb3	573095	Ortholog	1	mapped
PSMB6	PSMB6	5694	official_symbol				0	no_zebrafish_ortholog
PSMB7	PSMB7	5695	official_symbol				0	no_zebrafish_ortholog
PSMB9	PSMB9	5698	official_symbol				0	no_zebrafish_ortholog
PSMC1	PSMC1	5700	official_symbol				0	no_zebrafish_ortholog
PSMC2	PSMC2	5701	official_symbol	psmc2	393941	Ortholog	1	mapped
PSMC3	PSMC3	5702	official_symbol	psmc3	321947	Ortholog	1	mapped
PSMC4	PSMC4	5704	official_symbol	psmc4	326884	Ortholog	1	mapped
PSMC5	PSMC5	5705	official_symbol	psmc5	445285	Ortholog	1	mapped
PSMC6	PSMC6	5706	official_symbol	psmc6	321585	Ortholog	1	mapped
PSMD1	PSMD1	5707	official_symbol	psmd1	554967	Ortholog	1	mapped
PSMD12	PSMD12	5718	official_symbol	psmd12	321898	Ortholog	1	mapped
PSMD13	PSMD13	5719	official_symbol	psmd13	393922	Ortholog	1	mapped
PSMD14	PSMD14	10213	official_symbol	psmd14	799058	Ortholog	1	mapped
PSMD2	PSMD2	5708	official_symbol	psmd2	393518	Ortholog	1	mapped
PSMD3	PSMD3	5709	official_symbol	psmd3	393544	Ortholog	1	mapped
PSMD4	PSMD4	5710	official_symbol	psmd4a	415202	Ortholog	1	mapped
PSMD6	PSMD6	9861	official_symbol	psmd6	393261	Ortholog	1	mapped
PSMD7	PSMD7	5713	official_symbol	psmd7	327330	Ortholog	1	mapped
PSMD8	PSMD8	5714	official_symbol	psmd8	415221	Ortholog	1	mapped
PSMF1	PSMF1	9491	official_symbol	psmf1	436820	Ortholog	1	mapped
RAB40A	RAB40A	142684	official_symbol				0	no_zebrafish_ortholog
RAB40B	RAB40B	10966	official_symbol				0	no_zebrafish_ortholog
RAB40C	RAB40C	57799	official_symbol				0	no_zebrafish_ortholog
RAD23A	RAD23A	5886	official_symbol	rad23aa	445284	Ortholog	1	mapped
RAD23B	RAD23B	5887	official_symbol	rad23b	393536	Ortholog	1	mapped
RANBP10	RANBP10	57610	official_symbol	ranbp10	793293	Ortholog	1	mapped
RANBP9	RANBP9	10048	official_symbol	ranbp9	558976	Ortholog	1	mapped
RCHY1	RCHY1	25898	official_symbol	rchy1	321875	Ortholog	1	mapped
RFFL	RFFL	117584	official_symbol				0	no_zebrafish_ortholog
RFPL1	RFPL1	5988	official_symbol				0	no_zebrafish_ortholog
RHOBTB3	RHOBTB3	22836	official_symbol	rhobtb3	562804	Ortholog	1	mapped
RIOK3	RIOK3	8780	official_symbol	riok3	445220	Ortholog	1	mapped
RMND5A	RMND5A	64795	official_symbol				0	no_zebrafish_ortholog
RMND5B	RMND5B	64777	official_symbol	rmnd5b	393747	Ortholog	1	mapped
RNF10	RNF10	9921	official_symbol	rnf10	560444	Ortholog	1	mapped
RNF122	RNF122	79845	official_symbol	rnf122	100329730	Ortholog	1	mapped
RNF126	RNF126	55658	official_symbol	rnf126	100009648	Ortholog	1	mapped
RNF139	RNF139	11236	official_symbol	rnf139	100144552	Ortholog	1	mapped
RNF145	RNF145	153830	official_symbol	rnf145a	565986	Ortholog	1	mapped
RNF180	RNF180	285671	official_symbol				0	no_zebrafish_ortholog
RNF186	RNF186	54546	official_symbol				0	no_zebrafish_ortholog
RNF187	RNF187	149603	official_symbol				0	no_zebrafish_ortholog
RNF216	RNF216	54476	official_symbol	rnf216	559441	Ortholog	1	mapped
RNF34	RNF34	80196	official_symbol	rnf34a	334203	Ortholog	1	mapped
RNF4	RNF4	6047	official_symbol	rnf4	557319	Ortholog	1	mapped
RNF7	RNF7	9616	official_symbol	rnf7	503534	Ortholog	1	mapped
RPL11	RPL11	6135	official_symbol	rpl11	415229	Ortholog	1	mapped
RYBP	RYBP	23429	official_symbol				0	no_zebrafish_ortholog
SENP1	SENP1	29843	official_symbol				0	no_zebrafish_ortholog
SH3BGRL	SH3BGRL	6451	official_symbol				0	no_zebrafish_ortholog
SH3RF2	SH3RF2	153769	official_symbol				0	no_zebrafish_ortholog
SIAH1	SIAH1	6477	official_symbol	siah1	80955	Ortholog	1	mapped
SIAH2	SIAH2	6478	official_symbol				0	no_zebrafish_ortholog
SIAH3	SIAH3	283514	official_symbol				0	no_zebrafish_ortholog
SKP2	SKP2	6502	official_symbol	skp2	563708	Ortholog	1	mapped
SMAD7	SMAD7	4092	official_symbol	smad7	326282	Ortholog	1	mapped
SMURF1	SMURF1	57154	official_symbol	smurf1	321695	Ortholog	1	mapped
SMURF2	SMURF2	64750	official_symbol	smurf2	563633	Ortholog	1	mapped
SOCS2	SOCS2	8835	official_symbol	socs2	562062	Ortholog	1	mapped
SOCS4	SOCS4	122809	official_symbol				0	no_zebrafish_ortholog
SPOP	SPOP	8405	official_symbol	spop	100005514	Ortholog	1	mapped
SPOPL	SPOPL	339745	official_symbol	spopla	541318	Ortholog	1	mapped
SPSB1	SPSB1	80176	official_symbol	spsb1	334190	Ortholog	1	mapped
SPSB2	SPSB2	84727	official_symbol				0	no_zebrafish_ortholog
SPSB3	SPSB3	90864	official_symbol	spsb3a	796171	Ortholog	1	mapped
SPSB4	SPSB4	92369	official_symbol				0	no_zebrafish_ortholog
STK33	STK33	65975	official_symbol	stk33	565828	Ortholog	1	mapped
STUB1	STUB1	10273	official_symbol	stub1	324243	Ortholog	1	mapped
STYX	STYX	6815	official_symbol	styx	554088	Ortholog	1	mapped
SUMO1	SUMO1	7341	official_symbol	sumo1	406438	Ortholog	1	mapped
SUMO2	SUMO2	6613	official_symbol	sumo2b	445027	Ortholog	1	mapped
SYVN1	SYVN1	84447	official_symbol	syvn1	335226	Ortholog	1	mapped
TAF1	TAF1	6872	official_symbol				0	no_zebrafish_ortholog
TAF9	TAF9	6880	official_symbol				0	no_zebrafish_ortholog
TBL1X	TBL1X	6907	official_symbol	tbl1x	560294	Ortholog	1	mapped
TBX21	TBX21	30009	official_symbol	tbx21	797797	Ortholog	1	mapped
TCF25	TCF25	22980	official_symbol	tcf25	445817	Ortholog	1	mapped
TF	TF	7018	official_symbol				0	no_zebrafish_ortholog
TLK2	TLK2	11011	official_symbol	tlk2	407732	Ortholog	1	mapped
TNFAIP1	TNFAIP1	7126	official_symbol				0	no_zebrafish_ortholog
TOPORS	TOPORS	10210	official_symbol	toporsa	324197	Ortholog	1	mapped
TRAF4	TRAF4	9618	official_symbol	traf4a	404045	Ortholog	1	mapped
TRIB1	TRIB1	10221	official_symbol				0	no_zebrafish_ortholog
TRIB2	TRIB2	28951	official_symbol	trib2	100331041	Ortholog	1	mapped
TRIM13	TRIM13	10206	official_symbol	trim13	553630	Ortholog	1	mapped
TRIM26	TRIM26	7726	official_symbol				0	no_zebrafish_ortholog
TRIM28	TRIM28	10155	official_symbol				0	no_zebrafish_ortholog
TRIM3	TRIM3	10612	official_symbol				0	no_zebrafish_ortholog
TRIM38	TRIM38	10475	official_symbol				0	no_zebrafish_ortholog
TRIM39	TRIM39	56658	official_symbol				0	no_zebrafish_ortholog
TRIM48	TRIM48	79097	official_symbol				0	no_zebrafish_ortholog
TRIM71	TRIM71	131405	official_symbol	trim71	561754	Ortholog	1	mapped
TRIM9	TRIM9	114088	official_symbol	trim9	336099	Ortholog	1	mapped
TRIP12	TRIP12	9320	official_symbol	trip12	564866	Ortholog	1	mapped
TRPC4AP	TRPC4AP	26133	official_symbol				0	no_zebrafish_ortholog
TSPAN17	TSPAN17	26262	official_symbol				0	no_zebrafish_ortholog
TTC36	TTC36	143941	official_symbol	ttc36	492516	Ortholog	1	mapped
UBE2A	UBE2A	7319	official_symbol	ube2a	797853	Ortholog	1	mapped
UBE2B	UBE2B	7320	official_symbol	ube2b	437020	Ortholog	1	mapped
UBE2C	UBE2C	11065	official_symbol	ube2c	566441	Ortholog	1	mapped
UBE2D1	UBE2D1	7321	official_symbol	ube2d1b	324015	Ortholog	1	mapped
UBE2D3	UBE2D3	7323	official_symbol				0	no_zebrafish_ortholog
UBE2G1	UBE2G1	7326	official_symbol	ube2g1a	334133	Ortholog	1	mapped
UBE2H	UBE2H	7328	official_symbol	ube2h	368425	Ortholog	1	mapped
UBE2K	UBE2K	3093	official_symbol	ube2kb	30100	Ortholog	1	mapped
UBE2N	UBE2N	7334	official_symbol	ube2na	406807	Ortholog	1	mapped
UBE2S	UBE2S	27338	official_symbol	ube2s	565498	Ortholog	1	mapped
UBE2U	UBE2U	148581	official_symbol				0	no_zebrafish_ortholog
UBE2W	UBE2W	55284	official_symbol	ube2wb	692325	Ortholog	1	mapped
UBE3A	UBE3A	7337	official_symbol	ube3a	792398	Ortholog	1	mapped
UBE3D	UBE3D	90025	official_symbol	ube3d	553294	Ortholog	1	mapped
UBQLN4	UBQLN4	56893	official_symbol				0	no_zebrafish_ortholog
UBR1	UBR1	197131	official_symbol	ubr1	568531	Ortholog	1	mapped
UBR2	UBR2	23304	official_symbol	ubr2	559136	Ortholog	1	mapped
UBR3	UBR3	130507	official_symbol	ubr3	553247	Ortholog	1	mapped
UBR4	UBR4	23352	official_symbol	ubr4	407625	Ortholog	1	mapped
UBR5	UBR5	51366	official_symbol	ubr5	334627	Ortholog	1	mapped
UBXN1	UBXN1	51035	official_symbol	ubxn1	322073	Ortholog	1	mapped
UBXN11	UBXN11	91544	official_symbol	ubxn11	569134	Ortholog	1	mapped
UBXN2A	UBXN2A	165324	official_symbol	ubxn2a	100537478	Ortholog	1	mapped
UBXN2B	UBXN2B	137886	official_symbol				0	no_zebrafish_ortholog
UBXN7	UBXN7	26043	official_symbol	ubxn7	402913	Ortholog	1	mapped
UCHL1	UCHL1	7345	official_symbol	uchl1	325119	Ortholog	1	mapped
UCHL5	UCHL5	51377	official_symbol	uchl5	406357	Ortholog	1	mapped
UFD1	UFD1	7353	official_symbol	ufd1l	436724	Ortholog	1	mapped
USP26	USP26	83844	official_symbol				0	no_zebrafish_ortholog
USP38	USP38	84640	official_symbol	usp38	563778	Ortholog	1	mapped
USP44	USP44	84101	official_symbol	usp44	393227	Ortholog	1	mapped
USP5	USP5	8078	official_symbol	usp5	406618	Ortholog	1	mapped
USP9X	USP9X	8239	official_symbol	usp9	568683	Ortholog	1	mapped
WAC	WAC	51322	official_symbol	waca	323904	Ortholog	1	mapped
WDR26	WDR26	80232	official_symbol				0	no_zebrafish_ortholog
WWP1	WWP1	11059	official_symbol	wwp1	103909792	Ortholog	1	mapped
WWP2	WWP2	11060	official_symbol				0	no_zebrafish_ortholog
WWTR1	WWTR1	25937	official_symbol	wwtr1	568008	Ortholog	1	mapped
XPO1	XPO1	7514	official_symbol				0	no_zebrafish_ortholog
YPEL5	YPEL5	51646	official_symbol	ypel5	100332089	Ortholog	1	mapped
ZER1	ZER1	10444	official_symbol	zer1	405837	Ortholog	1	mapped
ZFAND2A	ZFAND2A	90637	official_symbol	zfand2a	393489	Ortholog	1	mapped
ZFAND2B	ZFAND2B	130617	official_symbol				0	no_zebrafish_ortholog
ZNF418	ZNF418	147686	official_symbol				0	no_zebrafish_ortholog
ZNF574	ZNF574	64763	official_symbol	znf574	798589	Ortholog	1	mapped
ZNF598	ZNF598	90850	official_symbol	znf598	407728	Ortholog	1	mapped
ZNRF1	ZNRF1	84937	official_symbol	znrf1	393844	Ortholog	1	mapped
ZNRF2	ZNRF2	223082	official_symbol	znrf2b	767761	Ortholog	1	mapped
ZNRF4	ZNRF4	148066	official_symbol				0	no_zebrafish_ortholog
ZSWIM8	ZSWIM8	23053	official_symbol	zswim8	100148379	Ortholog	1	mapped
ZYG11B	ZYG11B	79699	official_symbol	zyg11	555349	Ortholog	1	mapped
ABCB7	ABCB7	22	official_symbol	abcb7	566515	Ortholog	1	mapped
ADGRB1	ADGRB1	575	official_symbol				0	no_zebrafish_ortholog
ARG2	ARG2	384	official_symbol	arg2	322614	Ortholog	1	mapped
CLCN3	CLCN3	1182	official_symbol	clcn3	559340	Ortholog	1	mapped
CYP1A1	CYP1A1	1543	official_symbol	cyp1a	140634	Ortholog	1	mapped
CYP1A2	CYP1A2	1544	official_symbol				0	no_zebrafish_ortholog
DUOX1	DUOX1	53905	official_symbol	duox	565097	Ortholog	1	mapped
DUOX2	DUOX2	50506	official_symbol				0	no_zebrafish_ortholog
FAS	FAS	355	official_symbol				0	no_zebrafish_ortholog
HVCN1	HVCN1	84329	official_symbol	hvcn1	436618	Ortholog	1	mapped
INAVA	INAVA	55765	official_symbol	inavaa	567844	Ortholog	1	mapped
MAOB	MAOB	4129	official_symbol	maoa	404730	Ortholog	1	mapped
MIR24-1	MIR24-1	407012	official_symbol				0	no_zebrafish_ortholog
MPO	MPO	4353	official_symbol				0	no_zebrafish_ortholog
MPV17L	MPV17L	255027	official_symbol	mpv17l	563178	Ortholog	1	mapped
NDUFA4L2	COXFA4L2	56901	synonym	coxfa4l2	141386390	Ortholog	1	mapped
NDUFC2	NDUFC2	4718	official_symbol	ndufc2	541390	Ortholog	1	mapped
PAGE4	PAGE4	9506	official_symbol				0	no_zebrafish_ortholog
PIKFYVE	PIKFYVE	200576	official_symbol	pikfyve	337690	Ortholog	1	mapped
RAB27A	RAB27A	5873	official_symbol	rab27a	570907	Ortholog	1	mapped
SLC5A3	SLC5A3	6526	official_symbol				0	no_zebrafish_ortholog
SOD2	SOD2	6648	official_symbol	sod2	335799	Ortholog	1	mapped
SPHK2	SPHK2	56848	official_symbol	sphk2	100150090	Ortholog	1	mapped
TP53I3	TP53I3	9540	official_symbol	tp53i3	796473	Ortholog	1	mapped
TRAP1	TRAP1	10131	official_symbol	trap1	571959	Ortholog	1	mapped
UCP1	UCP1	7350	official_symbol	ucp1	83908	Ortholog	1	mapped
ZNF205	ZNF205	7755	official_symbol				0	no_zebrafish_ortholog
AKR1C1	AKR1C1	1645	official_symbol				0	no_zebrafish_ortholog
AKR1C3	AKR1C3	8644	official_symbol				0	no_zebrafish_ortholog
APOA4	APOA4	337	official_symbol				0	no_zebrafish_ortholog
ARF4	ARF4	378	official_symbol				0	no_zebrafish_ortholog
ATG5	ATG5	9474	official_symbol	atg5	494180	Ortholog	1	mapped
ATP5IF1	ATP5IF1	93974	official_symbol	atp5if1a	100037369	Ortholog	1	mapped
BCO2	BCO2	83875	official_symbol				0	no_zebrafish_ortholog
BMP7	BMP7	655	official_symbol				0	no_zebrafish_ortholog
BRCA1	BRCA1	672	official_symbol				0	no_zebrafish_ortholog
CAT	CAT	847	official_symbol	cat	30068	Ortholog	1	mapped
CBR1	CBR1	873	official_symbol	cbr1	373866	Ortholog	1	mapped
CBS	CBS	875	official_symbol	cbsa	550524	Ortholog	1	mapped
CCN1	CCN1	3491	official_symbol	ccn1	403033	Ortholog	1	mapped
CCS	CCS	9973	official_symbol	ccs	550489	Ortholog	1	mapped
CD177	CD177	57126	official_symbol				0	no_zebrafish_ortholog
CDKN1A	CDKN1A	1026	official_symbol	cdkn1a	100151416	Ortholog	1	mapped
CYB5R4	CYB5R4	51167	official_symbol	cyb5r4	553685	Ortholog	1	mapped
CYP1B1	CYP1B1	1545	official_symbol	cyp1b1	100150054	Ortholog	1	mapped
DDIT4	DDIT4	54541	official_symbol	ddit4	378866	Ortholog	1	mapped
DHFRP1	DHFRP1	573971	official_symbol				0	no_zebrafish_ortholog
DHRS4	DHRS4	10901	official_symbol				0	no_zebrafish_ortholog
DRD5	DRD5	1816	official_symbol	drd5a	100536970	Ortholog	1	mapped
EDN1	EDN1	1906	official_symbol	edn1	58032	Ortholog	1	mapped
EIF6	EIF6	3692	official_symbol	eif6	386850	Ortholog	1	mapped
ELAVL1	ELAVL1	1994	official_symbol	elavl1a	30736	Ortholog	1	mapped
ENSG00000274276			not_found				0	human_gene_not_found
EPX	EPX	8288	official_symbol				0	no_zebrafish_ortholog
FOXM1	FOXM1	2305	official_symbol	foxm1	394072	Ortholog	1	mapped
GADD45A	GADD45A	1647	official_symbol				0	no_zebrafish_ortholog
GLS2	GLS2	27165	official_symbol				0	no_zebrafish_ortholog
GNAI2	GNAI2	2771	official_symbol				0	no_zebrafish_ortholog
GPX3	GPX3	2878	official_symbol	gpx3	798788	Ortholog	1	mapped
HDAC6	HDAC6	10013	official_symbol	hdac6	565482	Ortholog	1	mapped
IFI6	IFI6	2537	official_symbol				0	no_zebrafish_ortholog
IL19	IL19	29949	official_symbol				0	no_zebrafish_ortholog
IMMP2L	IMMP2L	83943	official_symbol	immp2l	445299	Ortholog	1	mapped
LPO	LPO	4025	official_symbol				0	no_zebrafish_ortholog
MFSD8	MFSD8	256471	official_symbol	mfsd8	564342	Ortholog	1	mapped
MIR27B	MIR27B	407019	official_symbol				0	no_zebrafish_ortholog
MT3	MT3	4504	official_symbol				0	no_zebrafish_ortholog
MYCN	MYCN	4613	official_symbol	mycn	252851	Ortholog	1	mapped
NCF1B	NCF1B	654816	official_symbol				0	no_zebrafish_ortholog
NCF1C	NCF1C	654817	official_symbol				0	no_zebrafish_ortholog
NCF2	NCF2	4688	official_symbol	ncf2	562473	Ortholog	1	mapped
NCF4	NCF4	4689	official_symbol	ncf4	403014	Ortholog	1	mapped
NNT	NNT	23530	official_symbol	nnt	406619	Ortholog	1	mapped
NOS3	NOS3	4846	official_symbol				0	no_zebrafish_ortholog
NOX3	NOX3	50508	official_symbol				0	no_zebrafish_ortholog
NOX5	NOX5	79400	official_symbol	nox5	100149800	Ortholog	1	mapped
NOXA1	NOXA1	10811	official_symbol	noxa1	556318	Ortholog	1	mapped
NOXO1	NOXO1	124056	official_symbol				0	no_zebrafish_ortholog
NQO1	NQO1	1728	official_symbol				0	no_zebrafish_ortholog
PARL	PARL	55486	official_symbol				0	no_zebrafish_ortholog
PDGFRB	PDGFRB	5159	official_symbol	pdgfrb	559529	Ortholog	1	mapped
PLA2R1	PLA2R1	22925	official_symbol	pla2r1	100538038	Ortholog	1	mapped
PRDX1	PRDX1	5052	official_symbol				0	no_zebrafish_ortholog
PRDX3	PRDX3	10935	official_symbol	prdx3	373079	Ortholog	1	mapped
PRDX4	PRDX4	10549	official_symbol	prdx4	570477	Ortholog	1	mapped
PRDX6	PRDX6	9588	official_symbol	prdx6	393778	Ortholog	1	mapped
PREX1	PREX1	57580	official_symbol	prex1	570984	Ortholog	1	mapped
PRG3	PRG3	10394	official_symbol				0	no_zebrafish_ortholog
PXDN	PXDN	7837	official_symbol	pxdn	100332937	Ortholog	1	mapped
PXDNL	PXDNL	137902	official_symbol				0	no_zebrafish_ortholog
RAC2	RAC2	5880	official_symbol	rac2	415151	Ortholog	1	mapped
RFK	RFK	55312	official_symbol	rfk	560915	Ortholog	1	mapped
RIPK3	RIPK3	11035	official_symbol	ripk3	100004555	Ortholog	1	mapped
RNF41	RNF41	10193	official_symbol	rnf41	406837	Ortholog	1	mapped
ROMO1	ROMO1	140823	official_symbol	romo1	393770	Ortholog	1	mapped
SESN1	SESN1	27244	official_symbol	sesn1	436933	Ortholog	1	mapped
SFTPD	SFTPD	6441	official_symbol				0	no_zebrafish_ortholog
SH3PXD2A	SH3PXD2A	9644	official_symbol	sh3pxd2aa	562018	Ortholog	1	mapped
SH3PXD2B	SH3PXD2B	285590	official_symbol	sh3pxd2b	553242	Ortholog	1	mapped
SIRT3	SIRT3	23410	official_symbol	sirt3	558775	Ortholog	1	mapped
SIRT5	SIRT5	23408	official_symbol				0	no_zebrafish_ortholog
SLC1A1	SLC1A1	6505	official_symbol	slc1a1	436939	Ortholog	1	mapped
SOD3	SOD3	6649	official_symbol	sod3a	504078	Ortholog	1	mapped
STK17A	STK17A	9263	official_symbol				0	no_zebrafish_ortholog
TAFA4	TAFA4	151647	official_symbol	tafa4b	768127	Ortholog	1	mapped
TGFBR2	TGFBR2	7048	official_symbol	tgfbr2b	30739	Ortholog	1	mapped
TPO	TPO	7173	official_symbol	tpo	569363	Ortholog	1	mapped
TSPO	TSPO	706	official_symbol	tspo	450011	Ortholog	1	mapped
TXN	TXN	7295	official_symbol				0	no_zebrafish_ortholog
VAV1	VAV1	7409	official_symbol	vav1	137494316	Ortholog	1	mapped
VDAC1	VDAC1	7416	official_symbol	vdac1	334582	Ortholog	1	mapped
PASK	PASK	23178	official_symbol	pask	322674	Ortholog	1	mapped
PPP1R3A	PPP1R3A	5506	official_symbol	ppp1r3ab	100001260	Ortholog	1	mapped
PPP1R3C	PPP1R3C	5507	official_symbol	ppp1r3cb	393807	Ortholog	1	mapped
PPP1R3D	PPP1R3D	5509	official_symbol				0	no_zebrafish_ortholog
PPP1R3F	PPP1R3F	89801	official_symbol				0	no_zebrafish_ortholog
POMC	POMC	5443	official_symbol	pomca	353221	Ortholog	1	mapped
GCGR	GCGR	2642	official_symbol	gcgra	562973	Ortholog	1	mapped
KHK	KHK	3795	official_symbol	khk	436909	Ortholog	1	mapped
RUBCNL	RUBCNL	80183	official_symbol	rubcnl	561574	Ortholog	1	mapped
ABL1	ABL1	25	official_symbol	abl1	100000720	Ortholog	1	mapped
ADAM9	ADAM9	8754	official_symbol				0	no_zebrafish_ortholog
AMBP	AMBP	259	official_symbol	ambp	394093	Ortholog	1	mapped
ANKZF1	ANKZF1	55139	official_symbol	ankzf1	553307	Ortholog	1	mapped
AQP1	AQP1	358	official_symbol				0	no_zebrafish_ortholog
AREG	AREG	374	official_symbol				0	no_zebrafish_ortholog
ATM	ATM	472	official_symbol	atm	403064	Ortholog	1	mapped
BECN1	BECN1	8678	official_symbol	becn1	393846	Ortholog	1	mapped
CAMKK2	CAMKK2	10645	official_symbol				0	no_zebrafish_ortholog
CAPN2	CAPN2	824	official_symbol				0	no_zebrafish_ortholog
CDK1	CDK1	983	official_symbol	cdk1	80973	Ortholog	1	mapped
CFL1	CFL1	1072	official_symbol				0	no_zebrafish_ortholog
CRK	CRK	1398	official_symbol	crk	445234	Ortholog	1	mapped
CRYAA	CRYAA	1409	official_symbol				0	no_zebrafish_ortholog
CRYGD	CRYGD	1421	official_symbol				0	no_zebrafish_ortholog
DDR2	DDR2	4921	official_symbol	ddr2a	556380	Ortholog	1	mapped
DUSP1	DUSP1	1843	official_symbol	dusp1	406340	Ortholog	1	mapped
ECT2	ECT2	1894	official_symbol	ect2	445406	Ortholog	1	mapped
ERCC6L2	ERCC6L2	375748	official_symbol	ercc6l2	553504	Ortholog	1	mapped
GATA5	GATA5	140628	official_symbol	gata5	30482	Ortholog	1	mapped
GPR37	GPR37	2861	official_symbol	gpr37a	100537916	Ortholog	1	mapped
GPR37L1	GPR37L1	9283	official_symbol	gpr37l1b	567796	Ortholog	1	mapped
HDAC2	HDAC2	3066	official_symbol				0	no_zebrafish_ortholog
IL18BP	IL18BP	10068	official_symbol				0	no_zebrafish_ortholog
KCNA5	KCNA5	3741	official_symbol				0	no_zebrafish_ortholog
KLF2	KLF2	10365	official_symbol				0	no_zebrafish_ortholog
KPNA4	KPNA4	3840	official_symbol	kpna4	327373	Ortholog	1	mapped
MAP1LC3A	MAP1LC3A	84557	official_symbol	map1lc3a	406466	Ortholog	1	mapped
MAP2K4	MAP2K4	6416	official_symbol	map2k4a	403052	Ortholog	1	mapped
MAP3K5	MAP3K5	4217	official_symbol	map3k5	555703	Ortholog	1	mapped
MET	MET	4233	official_symbol	met	100150664	Ortholog	1	mapped
MIR133A1	MIR133A1	406922	official_symbol				0	no_zebrafish_ortholog
MIR34A	MIR34A	407040	official_symbol				0	no_zebrafish_ortholog
MIRLET7B	MIRLET7B	406884	official_symbol				0	no_zebrafish_ortholog
MMP2	MMP2	4313	official_symbol	mmp2	337179	Ortholog	1	mapped
NET1	NET1	10276	official_symbol	net1	493607	Ortholog	1	mapped
NME8	NME8	51314	official_symbol				0	no_zebrafish_ortholog
NUDT15	NUDT15	55270	official_symbol	nudt15	415197	Ortholog	1	mapped
OGG1	OGG1	4968	official_symbol	ogg1	791194	Ortholog	1	mapped
OSER1	OSER1	51526	official_symbol	oser1	393328	Ortholog	1	mapped
PAWR	PAWR	5074	official_symbol	pawr	449994	Ortholog	1	mapped
PCGF2	PCGF2	7703	official_symbol				0	no_zebrafish_ortholog
PDGFD	PDGFD	80310	official_symbol	pdgfd	100535718	Ortholog	1	mapped
PDGFRA	PDGFRA	5156	official_symbol	pdgfra	386856	Ortholog	1	mapped
PJVK	PJVK	494513	official_symbol	pjvk	100006646	Ortholog	1	mapped
PKD2	PKD2	5311	official_symbol	pkd2	432387	Ortholog	1	mapped
PLEKHA1	PLEKHA1	59338	official_symbol	plekha1b	100537419	Ortholog	1	mapped
PPEF2	PPEF2	5470	official_symbol				0	no_zebrafish_ortholog
PPP5C	PPP5C	5536	official_symbol	ppp5c	541536	Ortholog	1	mapped
PRKCA	PRKCA	5578	official_symbol				0	no_zebrafish_ortholog
PTPRK	PTPRK	5796	official_symbol	ptprk	555348	Ortholog	1	mapped
PXN	PXN	5829	official_symbol				0	no_zebrafish_ortholog
RHOB	RHOB	388	official_symbol				0	no_zebrafish_ortholog
RLIG1	RLIG1	91298	official_symbol	rlig1	494063	Ortholog	1	mapped
RPS3	RPS3	6188	official_symbol	rps3	336550	Ortholog	1	mapped
S100A7	S100A7	6278	official_symbol				0	no_zebrafish_ortholog
SLC8A1	SLC8A1	6546	official_symbol				0	no_zebrafish_ortholog
SMPD3	SMPD3	55512	official_symbol	smpd3	568381	Ortholog	1	mapped
STK25	STK25	10494	official_symbol	stk25b	406600	Ortholog	1	mapped
TET1	TET1	80312	official_symbol	tet1	101883702	Ortholog	1	mapped
TOP2B	TOP2B	7155	official_symbol	top2b	569877	Ortholog	1	mapped
TRPM2	TRPM2	7226	official_symbol	trpm2	799412	Ortholog	1	mapped
UCP3	UCP3	7352	official_symbol	ucp3	794081	Ortholog	1	mapped
ACVR1B	ACVR1B	91	official_symbol				0	no_zebrafish_ortholog
ACVR2B	ACVR2B	93	official_symbol	acvr2ba	30457	Ortholog	1	mapped
SMAD5	SMAD5	4090	official_symbol	smad5	30641	Ortholog	1	mapped
SMAD9	SMAD9	4093	official_symbol	smad9	445564	Ortholog	1	mapped
TGFBR1	TGFBR1	7046	official_symbol				0	no_zebrafish_ortholog
NDC1	NDC1	55706	official_symbol	ndc1	335236	Ortholog	1	mapped
NUP107	NUP107	57122	official_symbol	nup107	562350	Ortholog	1	mapped
NUP133	NUP133	55746	official_symbol	nup133	406852	Ortholog	1	mapped
NUP153	NUP153	9972	official_symbol	nup153	571621	Ortholog	1	mapped
NUP155	NUP155	9631	official_symbol	nup155	393125	Ortholog	1	mapped
NUP160	NUP160	23279	official_symbol	nup160	393635	Ortholog	1	mapped
NUP188	NUP188	23511	official_symbol	nup188	559225	Ortholog	1	mapped
NUP205	NUP205	23165	official_symbol	nup205	445382	Ortholog	1	mapped
NUP210	NUP210	23225	official_symbol	nup210	570945	Ortholog	1	mapped
NUP214	NUP214	8021	official_symbol	nup214	100529857	Ortholog	1	mapped
NUP35	NUP35	129401	official_symbol	nup35	337461	Ortholog	1	mapped
NUP37	NUP37	79023	official_symbol	nup37	436892	Ortholog	1	mapped
NUP42	NUP42	11097	official_symbol				0	no_zebrafish_ortholog
NUP43	NUP43	348995	official_symbol	nup43	405828	Ortholog	1	mapped
NUP50	NUP50	10762	official_symbol	nup50	322969	Ortholog	1	mapped
NUP58	NUP58	9818	official_symbol	nup58	406510	Ortholog	1	mapped
NUP85	NUP85	79902	official_symbol	nup85	445231	Ortholog	1	mapped
NUP88	NUP88	4927	official_symbol	nup88	321744	Ortholog	1	mapped
NUP93	NUP93	9688	official_symbol	nup93	30172	Ortholog	1	mapped
NUP98	NUP98	4928	official_symbol	nup98	777756	Ortholog	1	mapped
POM121	POM121	9883	official_symbol				0	no_zebrafish_ortholog
POM121C	POM121C	100101267	official_symbol				0	no_zebrafish_ortholog
RAE1	RAE1	8480	official_symbol	rae1	393973	Ortholog	1	mapped
SEC13	SEC13	6396	official_symbol	sec13	798071	Ortholog	1	mapped
SEH1L	SEH1L	81929	official_symbol	seh1l	334749	Ortholog	1	mapped
TPR	TPR	7175	official_symbol	tprb	558883	Ortholog	1	mapped
