human_input	human_symbol	human_gene_id	input_match	zebrafish_symbol	zebrafish_gene_id	relationship	n_zebrafish_orthologs	status
CACNA1S	CACNA1S	779	official_symbol				0	no_zebrafish_ortholog
FOXL2	FOXL2	668	official_symbol	foxl2a	692279	Ortholog	1	mapped
MYH15	MYH15	22989	official_symbol				0	no_zebrafish_ortholog
MYOM1	MYOM1	8736	official_symbol	myom1b	100144770	Ortholog	1	mapped
PITX2	PITX2	5308	official_symbol	pitx2	30164	Ortholog	1	mapped
CD81	CD81	975	official_symbol	cd81a	58031	Ortholog	1	mapped
CD9	CD9	928	official_symbol				0	no_zebrafish_ortholog
MYMK	MYMK	389827	official_symbol	mymk	415178	Ortholog	1	mapped
MYMX	MYMX	101929726	official_symbol				0	no_zebrafish_ortholog
PTGFRN	PTGFRN	5738	official_symbol				0	no_zebrafish_ortholog
BCL9	BCL9	607	official_symbol	bcl9	449616	Ortholog	1	mapped
KLF5	KLF5	688	official_symbol				0	no_zebrafish_ortholog
MYOD1	MYOD1	4654	official_symbol	myod1	30513	Ortholog	1	mapped
TMEM182	TMEM182	130827	official_symbol	tmem182a	503742	Ortholog	1	mapped
AKIRIN1	AKIRIN1	79647	official_symbol	akirin1	406432	Ortholog	1	mapped
EPHB1	EPHB1	2047	official_symbol				0	no_zebrafish_ortholog
MSTN	MSTN	2660	official_symbol	mstnb	798441	Ortholog	1	mapped
MYOCD	MYOCD	93649	official_symbol	myocd	100331725	Ortholog	1	mapped
S100B	S100B	6285	official_symbol	s100b	436825	Ortholog	1	mapped
SIRT2	SIRT2	22933	official_symbol	sirt2	322309	Ortholog	1	mapped
SIX4	SIX4	51804	official_symbol				0	no_zebrafish_ortholog
DAG1	DAG1	1605	official_symbol	dag1	286829	Ortholog	1	mapped
LAMA1	LAMA1	284217	official_symbol	lama1	569971	Ortholog	1	mapped
LAMB1	LAMB1	3912	official_symbol				0	no_zebrafish_ortholog
LAMC1	LAMC1	3915	official_symbol	lamc1	286832	Ortholog	1	mapped
LARGE1	LARGE1	9215	official_symbol	large1	446213	Ortholog	1	mapped
LRP4	LRP4	4038	official_symbol	lrp4	110351181	Ortholog	1	mapped
MESD	MESD	23184	official_symbol	mesd	791222	Ortholog	1	mapped
BMAL1	BMAL1	406	official_symbol				0	no_zebrafish_ortholog
CYP26B1	CYP26B1	56603	official_symbol	cyp26b1	324188	Ortholog	1	mapped
GPC1	GPC1	2817	official_symbol				0	no_zebrafish_ortholog
KAT8	KAT8	84148	official_symbol	kat8	100003790	Ortholog	1	mapped
MCUB	MCUB	55013	official_symbol				0	no_zebrafish_ortholog
MEF2C	MEF2C	4208	official_symbol	mef2cb	798771	Ortholog	1	mapped
MIR1-1	MIR1-1	406904	official_symbol				0	no_zebrafish_ortholog
RBM24	RBM24	221662	official_symbol	rbm24a	405801	Ortholog	1	mapped
TBX1	TBX1	6899	official_symbol	tbx1	368206	Ortholog	1	mapped
ACTN3	ACTN3	89	official_symbol				0	no_zebrafish_ortholog
BCL2	BCL2	596	official_symbol	bcl2b	100007048	Ortholog	1	mapped
LMOD3	LMOD3	56203	official_symbol	lmod3	100149390	Ortholog	1	mapped
MYF5	MYF5	4617	official_symbol	myf5	58097	Ortholog	1	mapped
MYF6	MYF6	4618	official_symbol	myf6	404208	Ortholog	1	mapped
MYOG	MYOG	4656	official_symbol	myog	30200	Ortholog	1	mapped
SHOX2	SHOX2	6474	official_symbol	shox2	394171	Ortholog	1	mapped
DLL1	DLL1	28514	official_symbol				0	no_zebrafish_ortholog
IGF2	IGF2	3481	official_symbol	igf2b	324215	Ortholog	1	mapped
MTM1	MTM1	4534	official_symbol				0	no_zebrafish_ortholog
NACA	NACA	4666	official_symbol	naca	195823	Ortholog	1	mapped
CAPN3	CAPN3	825	official_symbol	capn3a	447832	Ortholog	1	mapped
HOPX	HOPX	84525	official_symbol	hopx	386589	Ortholog	1	mapped
PPARD	PPARD	5467	official_symbol	ppardb	30754	Ortholog	1	mapped
SOX15	SOX15	6665	official_symbol				0	no_zebrafish_ortholog
CRKL	CRKL	1399	official_symbol	crkl	556443	Ortholog	1	mapped
FZD9	FZD9	8326	official_symbol	fzd9b	58023	Ortholog	1	mapped
ATP2A2	ATP2A2	488	official_symbol				0	no_zebrafish_ortholog
CAMK2B	CAMK2B	816	official_symbol				0	no_zebrafish_ortholog
CAMK2G	CAMK2G	818	official_symbol	camk2g2	793359	Ortholog	1	mapped
GTF2IRD1	GTF2IRD1	9569	official_symbol	gtf2ird1	81597	Ortholog	1	mapped
IGFBP5	IGFBP5	3488	official_symbol	igfbp5b	403039	Ortholog	1	mapped
MIR208B	MIR208B	100126336	official_symbol				0	no_zebrafish_ortholog
MIR499A	MIR499A	574501	official_symbol				0	no_zebrafish_ortholog
MYH7	MYH7	4625	official_symbol				0	no_zebrafish_ortholog
PPP3CA	PPP3CA	5530	official_symbol	ppp3ca	794574	Ortholog	1	mapped
TNNC1	TNNC1	7134	official_symbol				0	no_zebrafish_ortholog
TNNI1	TNNI1	7135	official_symbol				0	no_zebrafish_ortholog
TNNT1	TNNT1	7138	official_symbol	tnnt1	558627	Ortholog	1	mapped
DDX17	DDX17	10521	official_symbol				0	no_zebrafish_ortholog
DDX5	DDX5	1655	official_symbol	ddx5	322206	Ortholog	1	mapped
KLHL41	KLHL41	10324	official_symbol				0	no_zebrafish_ortholog
NLN	NLN	57486	official_symbol				0	no_zebrafish_ortholog
NR1D2	NR1D2	9975	official_symbol	nr1d2b	30271	Ortholog	1	mapped
SIX1	SIX1	6495	official_symbol				0	no_zebrafish_ortholog
UQCC2	UQCC2	84300	official_symbol	uqcc2	393731	Ortholog	1	mapped
ANGPT1	ANGPT1	284	official_symbol				0	no_zebrafish_ortholog
CFLAR	CFLAR	8837	official_symbol				0	no_zebrafish_ortholog
FGF2	FGF2	2247	official_symbol	fgf2	404231	Ortholog	1	mapped
JAK2	JAK2	3717	official_symbol				0	no_zebrafish_ortholog
PAXBP1	PAXBP1	94104	official_symbol	paxbp1	563266	Ortholog	1	mapped
SELENON	SELENON	57190	official_symbol	selenon	352914	Ortholog	1	mapped
SHH	SHH	6469	official_symbol	shha	30269	Ortholog	1	mapped
SIX5	SIX5	147912	official_symbol				0	no_zebrafish_ortholog
STAT3	STAT3	6774	official_symbol	stat3	30767	Ortholog	1	mapped
ADGRD1	ADGRD1	283383	official_symbol	adgrd1	791731	Ortholog	1	mapped
ATP2A1	ATP2A1	487	official_symbol	atp2a1	260440	Ortholog	1	mapped
C12orf57	C12orf57	113246	official_symbol	grcc10	323559	Ortholog	1	mapped
CASQ1	CASQ1	844	official_symbol				0	no_zebrafish_ortholog
CAV3	CAV3	859	official_symbol	cav3	449679	Ortholog	1	mapped
DMD	DMD	1756	official_symbol	dmd	83773	Ortholog	1	mapped
DMPK	DMPK	1760	official_symbol	dmpk	101886625	Ortholog	1	mapped
FKBP1A	FKBP1A	2280	official_symbol				0	no_zebrafish_ortholog
GNAS	GNAS	2778	official_symbol	gnas	557353	Ortholog	1	mapped
GSTM2	GSTM2	2946	official_symbol				0	no_zebrafish_ortholog
GSTO1	GSTO1	9446	official_symbol	gsto1	436894	Ortholog	1	mapped
KBTBD13	KBTBD13	390594	official_symbol	kbtbd13a	797244	Ortholog	1	mapped
KCNJ2	KCNJ2	3759	official_symbol				0	no_zebrafish_ortholog
PRKD1	PRKD1	5587	official_symbol	prkd1	557123	Ortholog	1	mapped
REM1	REM1	28954	official_symbol				0	no_zebrafish_ortholog
SCN4A	SCN4A	6329	official_symbol				0	no_zebrafish_ortholog
SLC8A3	SLC8A3	6547	official_symbol	slc8a3	560561	Ortholog	1	mapped
STRIT1	STRIT1	100507537	official_symbol				0	no_zebrafish_ortholog
FBXO22	FBXO22	26263	official_symbol	fbxo22	556909	Ortholog	1	mapped
HDAC9	HDAC9	9734	official_symbol				0	no_zebrafish_ortholog
CDON	CDON	50937	official_symbol	cdon	280652	Ortholog	1	mapped
CTNNB1	CTNNB1	1499	official_symbol				0	no_zebrafish_ortholog
MEGF10	MEGF10	84466	official_symbol	megf10	564571	Ortholog	1	mapped
PRKAA1	PRKAA1	5562	official_symbol	prkaa1	100001198	Ortholog	1	mapped
TGFB1	TGFB1	7040	official_symbol				0	no_zebrafish_ortholog
TWIST1	TWIST1	7291	official_symbol	twist1a	30175	Ortholog	1	mapped
USP19	USP19	10869	official_symbol	usp19	324335	Ortholog	1	mapped
WNT10B	WNT10B	7480	official_symbol	wnt10b	30308	Ortholog	1	mapped
WNT3A	WNT3A	89780	official_symbol	wnt3a	60632	Ortholog	1	mapped
YBX3	YBX3	8531	official_symbol				0	no_zebrafish_ortholog
TLL2	TLL2	7093	official_symbol				0	no_zebrafish_ortholog
GJD4	GJD4	219770	official_symbol	gjd4	795763	Ortholog	1	mapped
MYOZ1	MYOZ1	58529	official_symbol	myoz1a	572909	Ortholog	1	mapped
P2RX5	P2RX5	5026	official_symbol				0	no_zebrafish_ortholog
SPAAR	SPAAR	158376	official_symbol				0	no_zebrafish_ortholog
KPNA1	KPNA1	3836	official_symbol	kpna1	572542	Ortholog	1	mapped
XIRP1	XIRP1	165904	official_symbol	xirp1	497637	Ortholog	1	mapped
COLQ	COLQ	8292	official_symbol	colq	101886065	Ortholog	1	mapped
DNAJA3	DNAJA3	9093	official_symbol	dnaja3a	335894	Ortholog	1	mapped
DVL1	DVL1	1855	official_symbol				0	no_zebrafish_ortholog
ETV5	ETV5	2119	official_symbol	etv5a	337626	Ortholog	1	mapped
FNTA	FNTA	2339	official_symbol	fnta	555882	Ortholog	1	mapped
MUSK	MUSK	4593	official_symbol	musk	334526	Ortholog	1	mapped
RAPSN	RAPSN	5913	official_symbol	rapsn	352942	Ortholog	1	mapped
RER1	RER1	11079	official_symbol	rer1	393648	Ortholog	1	mapped
ASB2	ASB2	51676	official_symbol				0	no_zebrafish_ortholog
MYOC	MYOC	4653	official_symbol	myoc	548602	Ortholog	1	mapped
MYOZ2	MYOZ2	51778	official_symbol	myoz2b	393828	Ortholog	1	mapped
TRIM63	TRIM63	84676	official_symbol				0	no_zebrafish_ortholog
ANKRD1	ANKRD1	27063	official_symbol				0	no_zebrafish_ortholog
ANKRD33	ANKRD33	341405	official_symbol				0	no_zebrafish_ortholog
ATF3	ATF3	467	official_symbol	atf3	393939	Ortholog	1	mapped
B4GALNT2	B4GALNT2	124872	official_symbol				0	no_zebrafish_ortholog
BCL9L	BCL9L	283149	official_symbol	bcl9l	449532	Ortholog	1	mapped
BTG2	BTG2	7832	official_symbol	btg2	30079	Ortholog	1	mapped
CITED2	CITED2	10370	official_symbol	cited2	450024	Ortholog	1	mapped
COL6A1	COL6A1	1291	official_symbol	col6a1	569755	Ortholog	1	mapped
COPS2	COPS2	9318	official_symbol	cops2	415145	Ortholog	1	mapped
DMRTA2	DMRTA2	63950	official_symbol	dmrta2	474350	Ortholog	1	mapped
EEF2	EEF2	1938	official_symbol				0	no_zebrafish_ortholog
EGR1	EGR1	1958	official_symbol	egr1	30498	Ortholog	1	mapped
EGR2	EGR2	1959	official_symbol	egr2b	30190	Ortholog	1	mapped
EMD	EMD	2010	official_symbol				0	no_zebrafish_ortholog
EOMES	EOMES	8320	official_symbol	eomesb	799447	Ortholog	1	mapped
FKRP	FKRP	79147	official_symbol	fkrp	571426	Ortholog	1	mapped
FKTN	FKTN	2218	official_symbol	fktn	100006345	Ortholog	1	mapped
FOS	FOS	2353	official_symbol	fosab	394198	Ortholog	1	mapped
FOXN2	FOXN2	3344	official_symbol				0	no_zebrafish_ortholog
GTF3C5	GTF3C5	9328	official_symbol	gtf3c5	565198	Ortholog	1	mapped
HEYL	HEYL	26508	official_symbol	heyl	335134	Ortholog	1	mapped
HIVEP3	HIVEP3	59269	official_symbol				0	no_zebrafish_ortholog
HLF	HLF	3131	official_symbol	hlfa	768192	Ortholog	1	mapped
HMG20B	HMG20B	10362	official_symbol	hmg20b	553572	Ortholog	1	mapped
KLHL40	KLHL40	131377	official_symbol				0	no_zebrafish_ortholog
LEMD2	LEMD2	221496	official_symbol				0	no_zebrafish_ortholog
MAFF	MAFF	23764	official_symbol				0	no_zebrafish_ortholog
MED20	MED20	9477	official_symbol	med20	445191	Ortholog	1	mapped
MYC	MYC	4609	official_symbol				0	no_zebrafish_ortholog
MYLK2	MYLK2	85366	official_symbol				0	no_zebrafish_ortholog
NOTCH1	NOTCH1	4851	official_symbol	notch1b	794892	Ortholog	1	mapped
NR4A1	NR4A1	3164	official_symbol				0	no_zebrafish_ortholog
NUPR1	NUPR1	26471	official_symbol	nupr1b	799637	Ortholog	1	mapped
PAX5	PAX5	5079	official_symbol	pax5	60636	Ortholog	1	mapped
PAX7	PAX7	5081	official_symbol				0	no_zebrafish_ortholog
PHOX2B	PHOX2B	8929	official_symbol				0	no_zebrafish_ortholog
PPIF	PPIF	10105	official_symbol				0	no_zebrafish_ortholog
RB1	RB1	5925	official_symbol	rb1	777733	Ortholog	1	mapped
SAP30	SAP30	8819	official_symbol				0	no_zebrafish_ortholog
SCX	SCX	642658	official_symbol	scxa	100034489	Ortholog	1	mapped
SMYD1	SMYD1	150572	official_symbol				0	no_zebrafish_ortholog
SOX11	SOX11	6664	official_symbol	sox11a	30602	Ortholog	1	mapped
SOX8	SOX8	30812	official_symbol				0	no_zebrafish_ortholog
VAX1	VAX1	11023	official_symbol	vax1	373870	Ortholog	1	mapped
DSN1	DSN1	79980	official_symbol	dsn1	100002916	Ortholog	1	mapped
NDC80	NDC80	10403	official_symbol	ndc80	445386	Ortholog	1	mapped
SUGT1	SUGT1	10910	official_symbol	sugt1	492489	Ortholog	1	mapped
ATP8A2	ATP8A2	51761	official_symbol	atp8a2	100330943	Ortholog	1	mapped
CA3	CA3	761	official_symbol				0	no_zebrafish_ortholog
CCDC78	CCDC78	124093	official_symbol	ccdc78	100150366	Ortholog	1	mapped
CHRNA1	CHRNA1	1134	official_symbol	chrna1	30725	Ortholog	1	mapped
CHRNB1	CHRNB1	1140	official_symbol	chrnb1	100006941	Ortholog	1	mapped
CHRND	CHRND	1144	official_symbol	chrnd	404273	Ortholog	1	mapped
CHRNE	CHRNE	1145	official_symbol				0	no_zebrafish_ortholog
CHRNG	CHRNG	1146	official_symbol				0	no_zebrafish_ortholog
DDIT3	DDIT3	1649	official_symbol	ddit3	561924	Ortholog	1	mapped
GAA	GAA	2548	official_symbol	gaa	100002366	Ortholog	1	mapped
HOMER1	HOMER1	9456	official_symbol				0	no_zebrafish_ortholog
HSP90AA1	HSP90AA1	3320	official_symbol				0	no_zebrafish_ortholog
JSRP1	JSRP1	126306	official_symbol				0	no_zebrafish_ortholog
MB	MB	4151	official_symbol	mb	393558	Ortholog	1	mapped
MYH14	MYH14	79784	official_symbol				0	no_zebrafish_ortholog
MYH3	MYH3	4621	official_symbol				0	no_zebrafish_ortholog
MYH8	MYH8	4626	official_symbol				0	no_zebrafish_ortholog
PVALEF	PVALEF	388428	official_symbol				0	no_zebrafish_ortholog
RCSD1	RCSD1	92241	official_symbol				0	no_zebrafish_ortholog
STAC	STAC	6769	official_symbol	stac	100005402	Ortholog	1	mapped
STAC2	STAC2	342667	official_symbol				0	no_zebrafish_ortholog
STAC3	STAC3	246329	official_symbol	stac3	445111	Ortholog	1	mapped
SYNM	SYNM	23336	official_symbol	synm	558800	Ortholog	1	mapped
TCAP	TCAP	8557	official_symbol				0	no_zebrafish_ortholog
TNF	TNF	7124	official_symbol				0	no_zebrafish_ortholog
TNNC2	TNNC2	7125	official_symbol				0	no_zebrafish_ortholog
TNNI2	TNNI2	7136	official_symbol				0	no_zebrafish_ortholog
TNNI3	TNNI3	7137	official_symbol				0	no_zebrafish_ortholog
TNNT3	TNNT3	7140	official_symbol	tnnt3b	100003572	Ortholog	1	mapped
TTN	TTN	7273	official_symbol				0	no_zebrafish_ortholog
ABCC9	ABCC9	10060	official_symbol	abcc9	561160	Ortholog	1	mapped
ACTA1	ACTA1	58	official_symbol	acta1b	407658	Ortholog	1	mapped
ARRDC2	ARRDC2	27106	official_symbol	arrdc2	335206	Ortholog	1	mapped
ASNSD1	ASNSD1	54529	official_symbol	asnsd1	368827	Ortholog	1	mapped
ASS1	ASS1	445	official_symbol	ass1	447864	Ortholog	1	mapped
BASP1	BASP1	10409	official_symbol	basp1	569631	Ortholog	1	mapped
BIN3	BIN3	55909	official_symbol	bin3	323976	Ortholog	1	mapped
CAV1	CAV1	857	official_symbol	cav1	323695	Ortholog	1	mapped
CAV2	CAV2	858	official_symbol	cav2	415240	Ortholog	1	mapped
CCNT2	CCNT2	905	official_symbol				0	no_zebrafish_ortholog
CDK5	CDK5	1020	official_symbol	cdk5	65234	Ortholog	1	mapped
CFL2	CFL2	1073	official_symbol	cfl2	403001	Ortholog	1	mapped
CNTFR	CNTFR	1271	official_symbol	cntfr	368438	Ortholog	1	mapped
CNTNAP1	CNTNAP1	8506	official_symbol	cntnap1	566220	Ortholog	1	mapped
COL19A1	COL19A1	1310	official_symbol	col19a1	571468	Ortholog	1	mapped
CSRP3	CSRP3	8048	official_symbol	csrp3	450005	Ortholog	1	mapped
DES	DES	1674	official_symbol				0	no_zebrafish_ortholog
DISP1	DISP1	84976	official_symbol	disp1	619201	Ortholog	1	mapped
DNER	DNER	92737	official_symbol	dner	100332110	Ortholog	1	mapped
ELN	ELN	2006	official_symbol	elna	790915	Ortholog	1	mapped
EP300	EP300	2033	official_symbol				0	no_zebrafish_ortholog
ERO1A	ERO1A	30001	official_symbol	ero1a	393321	Ortholog	1	mapped
FER1L6	FER1L6	654463	official_symbol	fer1l6	100535460	Ortholog	1	mapped
FGFRL1	FGFRL1	53834	official_symbol	fgfrl1a	393347	Ortholog	1	mapped
FLNB	FLNB	2317	official_symbol	flnbb	563023	Ortholog	1	mapped
FOXP2	FOXP2	93986	official_symbol	foxp2	555242	Ortholog	1	mapped
FXR1	FXR1	8087	official_symbol	fxr1	327220	Ortholog	1	mapped
GMPPA	GMPPA	29926	official_symbol				0	no_zebrafish_ortholog
GPCPD1	GPCPD1	56261	official_symbol	gpcpd1	492483	Ortholog	1	mapped
GPX1	GPX1	2876	official_symbol	gpx1a	352926	Ortholog	1	mapped
HLX	HLX	3142	official_symbol	hlx1	327096	Ortholog	1	mapped
HOXD10	HOXD10	3236	official_symbol	hoxd10a	30404	Ortholog	1	mapped
HOXD9	HOXD9	3235	official_symbol	hoxd9a	30350	Ortholog	1	mapped
HSD17B1	HSD17B1	3292	official_symbol	hsd17b1	402842	Ortholog	1	mapped
IGSF8	IGSF8	93185	official_symbol	igsf8	404631	Ortholog	1	mapped
KEL	KEL	3792	official_symbol				0	no_zebrafish_ortholog
MAPK14	MAPK14	1432	official_symbol				0	no_zebrafish_ortholog
MEOX2	MEOX2	4223	official_symbol	meox2a	556898	Ortholog	1	mapped
METTL21C	METTL21C	196541	official_symbol				0	no_zebrafish_ortholog
MSC	MSC	9242	official_symbol	msc	556396	Ortholog	1	mapped
MYL11	MYL11	29895	official_symbol				0	no_zebrafish_ortholog
MYL3	MYL3	4634	official_symbol				0	no_zebrafish_ortholog
MYL6	MYL6	4637	official_symbol				0	no_zebrafish_ortholog
MYL6B	MYL6B	140465	official_symbol				0	no_zebrafish_ortholog
MYORG	MYORG	57462	official_symbol	myorg	100537539	Ortholog	1	mapped
NEGR1	NEGR1	257194	official_symbol	negr1	445374	Ortholog	1	mapped
NEURL1	NEURL1	9148	official_symbol	neurl1aa	561943	Ortholog	1	mapped
NF1	NF1	4763	official_symbol				0	no_zebrafish_ortholog
NPHS1	NPHS1	4868	official_symbol	nphs1	692352	Ortholog	1	mapped
NR2F2	NR2F2	7026	official_symbol	nr2f2	30424	Ortholog	1	mapped
P2RX2	P2RX2	22953	official_symbol				0	no_zebrafish_ortholog
PITX1	PITX1	5307	official_symbol	pitx1	678598	Ortholog	1	mapped
PLEC	PLEC	5339	official_symbol	pleca	567639	Ortholog	1	mapped
POPDC1	POPDC1	11149	official_symbol	popdc1	415107	Ortholog	1	mapped
POPDC2	POPDC2	64091	official_symbol	popdc2	793666	Ortholog	1	mapped
POPDC3	POPDC3	64208	official_symbol	popdc3	415108	Ortholog	1	mapped
PPP3CB	PPP3CB	5532	official_symbol				0	no_zebrafish_ortholog
RCAN1	RCAN1	1827	official_symbol				0	no_zebrafish_ortholog
RHOA	RHOA	387	official_symbol				0	no_zebrafish_ortholog
RTL1	RTL1	388015	official_symbol				0	no_zebrafish_ortholog
RYR1	RYR1	6261	official_symbol				0	no_zebrafish_ortholog
SCN11A	SCN11A	11280	official_symbol				0	no_zebrafish_ortholog
SKI	SKI	6497	official_symbol				0	no_zebrafish_ortholog
SKIL	SKIL	6498	official_symbol	skilb	100170835	Ortholog	1	mapped
SMO	SMO	6608	official_symbol	smo	30225	Ortholog	1	mapped
SPG11	SPG11	80208	official_symbol	spg11	793551	Ortholog	1	mapped
SRPK3	SRPK3	26576	official_symbol				0	no_zebrafish_ortholog
STRA6	STRA6	64220	official_symbol	stra6	724007	Ortholog	1	mapped
SVIL	SVIL	6840	official_symbol	svila	30112	Ortholog	1	mapped
TCF21	TCF21	6943	official_symbol	tcf21	558148	Ortholog	1	mapped
VAMP5	VAMP5	10791	official_symbol				0	no_zebrafish_ortholog
VGLL2	VGLL2	245806	official_symbol	vgll2a	556856	Ortholog	1	mapped
VPS54	VPS54	51542	official_symbol	vps54	562169	Ortholog	1	mapped
VRK3	VRK3	51231	official_symbol	vrk3	541443	Ortholog	1	mapped
WT1	WT1	7490	official_symbol	wt1a	30245	Ortholog	1	mapped
XK	XK	7504	official_symbol				0	no_zebrafish_ortholog
ZBTB18	ZBTB18	10472	official_symbol	zbtb18	100003157	Ortholog	1	mapped
WNT7A	WNT7A	7476	official_symbol	wnt7aa	565714	Ortholog	1	mapped
EZH2	EZH2	2146	official_symbol	ezh2	768133	Ortholog	1	mapped
FZD7	FZD7	8324	official_symbol				0	no_zebrafish_ortholog
IGF1	IGF1	3479	official_symbol	igf1	114433	Ortholog	1	mapped
ACTC1	ACTC1	70	official_symbol	actc1a	408256	Ortholog	1	mapped
PROX1	PROX1	5629	official_symbol	prox1a	30679	Ortholog	1	mapped
ANXA1	ANXA1	301	official_symbol	anxa1a	334724	Ortholog	1	mapped
EYS	EYS	346007	official_symbol	eys	557044	Ortholog	1	mapped
HDGFL2	HDGFL2	84717	official_symbol	hdgfl2	80965	Ortholog	1	mapped
IFRD1	IFRD1	3475	official_symbol				0	no_zebrafish_ortholog
TARBP2	TARBP2	6895	official_symbol	tarbp2	336141	Ortholog	1	mapped
MYH11	MYH11	4629	official_symbol	myh11b	566080	Ortholog	1	mapped
AARS2	AARS2	57505	official_symbol	aars2	792787	Ortholog	1	mapped
ACTN2	ACTN2	88	official_symbol				0	no_zebrafish_ortholog
ADGRG6	ADGRG6	57211	official_symbol	adgrg6	561970	Ortholog	1	mapped
AHCY	AHCY	191	official_symbol	ahcy	387530	Ortholog	1	mapped
AIFM1	AIFM1	9131	official_symbol	aifm1	373125	Ortholog	1	mapped
ALDOA	ALDOA	226	official_symbol	aldoaa	336425	Ortholog	1	mapped
ALG2	ALG2	85365	official_symbol	alg2	403068	Ortholog	1	mapped
ANO5	ANO5	203859	official_symbol	ano5a	100534737	Ortholog	1	mapped
ANXA11	ANXA11	311	official_symbol				0	no_zebrafish_ortholog
ASCC1	ASCC1	51008	official_symbol	ascc1	550273	Ortholog	1	mapped
CAVIN1	CAVIN1	284119	official_symbol	cavin1a	557070	Ortholog	1	mapped
CCDC174	CCDC174	51244	official_symbol	ccdc174	541361	Ortholog	1	mapped
CLCN6	CLCN6	1185	official_symbol	clcn6	568122	Ortholog	1	mapped
COL12A1	COL12A1	1303	official_symbol				0	no_zebrafish_ortholog
COL13A1	COL13A1	1305	official_symbol				0	no_zebrafish_ortholog
COL6A2	COL6A2	1292	official_symbol	col6a2	567771	Ortholog	1	mapped
COL6A3	COL6A3	1293	official_symbol	col6a3	556874	Ortholog	1	mapped
COQ7	COQ7	10229	official_symbol	coq7	559504	Ortholog	1	mapped
CRYAB	CRYAB	1410	official_symbol				0	no_zebrafish_ortholog
CTBP1	CTBP1	1487	official_symbol	ctbp1	678649	Ortholog	1	mapped
DNAJB6	DNAJB6	10049	official_symbol	dnajb6b	393275	Ortholog	1	mapped
DPM3	DPM3	54344	official_symbol	dpm3	393782	Ortholog	1	mapped
DTNA	DTNA	1837	official_symbol	dtna	794932	Ortholog	1	mapped
DYSF	DYSF	8291	official_symbol	dysf	560924	Ortholog	1	mapped
FDXR	FDXR	2232	official_symbol	fdxr	100536115	Ortholog	1	mapped
FHL1	FHL1	2273	official_symbol				0	no_zebrafish_ortholog
GARS1	GARS1	2617	official_symbol	gars1	337230	Ortholog	1	mapped
GIPC1	GIPC1	10755	official_symbol				0	no_zebrafish_ortholog
GNE	GNE	10020	official_symbol	gne	393857	Ortholog	1	mapped
HNRNPA1	HNRNPA1	3178	official_symbol				0	no_zebrafish_ortholog
HNRNPA2B1	HNRNPA2B1	3181	official_symbol				0	no_zebrafish_ortholog
HPDL	HPDL	84842	official_symbol	hpdl	560428	Ortholog	1	mapped
HSPB8	HSPB8	26353	official_symbol	hspb8	791580	Ortholog	1	mapped
ISCU	ISCU	23479	official_symbol	iscua	445238	Ortholog	1	mapped
ITGA7	ITGA7	3679	official_symbol	itga7	100006255	Ortholog	1	mapped
JAG2	JAG2	3714	official_symbol	jag2b	140422	Ortholog	1	mapped
KIF5A	KIF5A	3798	official_symbol	kif5ab	799274	Ortholog	1	mapped
KY	KY	339855	official_symbol	ky	795191	Ortholog	1	mapped
LAMA2	LAMA2	3908	official_symbol	lama2	100049705	Ortholog	1	mapped
LMNA	LMNA	4000	official_symbol	lmna	195815	Ortholog	1	mapped
LRP12	LRP12	29967	official_symbol	lrp12	100034487	Ortholog	1	mapped
LYRM4	LYRM4	57128	official_symbol	lyrm4b	103909737	Ortholog	1	mapped
MAP3K20	MAP3K20	51776	official_symbol	map3k20a	559247	Ortholog	1	mapped
MATR3	MATR3	9782	official_symbol				0	no_zebrafish_ortholog
MFN2	MFN2	9927	official_symbol	mfn2	567448	Ortholog	1	mapped
MICU1	MICU1	10367	official_symbol	micu1	561210	Ortholog	1	mapped
MIPEP	MIPEP	4285	official_symbol				0	no_zebrafish_ortholog
MLIP	MLIP	90523	official_symbol	mlip	492702	Ortholog	1	mapped
MSTO1	MSTO1	55154	official_symbol	msto1	334306	Ortholog	1	mapped
MYH2	MYH2	4620	official_symbol				0	no_zebrafish_ortholog
MYL1	MYL1	4632	official_symbol				0	no_zebrafish_ortholog
MYL2	MYL2	4633	official_symbol				0	no_zebrafish_ortholog
MYOT	MYOT	9499	official_symbol				0	no_zebrafish_ortholog
MYPN	MYPN	84665	official_symbol	mypn	571695	Ortholog	1	mapped
NDUFA4	COXFA4P1	360165	synonym				0	no_zebrafish_ortholog
NDUFA4	COXFA4	4697	synonym				0	no_zebrafish_ortholog
NEB	NEB	4703	official_symbol	neb	566928	Ortholog	1	mapped
NEFH	NEFH	4744	official_symbol				0	no_zebrafish_ortholog
NEK9	NEK9	91754	official_symbol	nek9	100334361	Ortholog	1	mapped
NOTCH2NLC	NOTCH2NLC	100996717	official_symbol				0	no_zebrafish_ortholog
OBSCN	OBSCN	84033	official_symbol	obscnb	572412	Ortholog	1	mapped
OPA1	OPA1	4976	official_symbol	opa1	492332	Ortholog	1	mapped
ORAI1	ORAI1	84876	official_symbol				0	no_zebrafish_ortholog
PFKM	PFKM	5213	official_symbol	pfkma	447836	Ortholog	1	mapped
POLG	POLG	5428	official_symbol	polg	100150924	Ortholog	1	mapped
POMGNT1	POMGNT1	55624	official_symbol	pomgnt1	571876	Ortholog	1	mapped
POMT1	POMT1	10585	official_symbol	pomt1	569769	Ortholog	1	mapped
POMT2	POMT2	29954	official_symbol	pomt2	563878	Ortholog	1	mapped
PPARG	PPARG	5468	official_symbol	pparg	557037	Ortholog	1	mapped
RFC4	RFC4	5984	official_symbol	rfc4	406435	Ortholog	1	mapped
RILPL1	RILPL1	353116	official_symbol	rilpl1	780843	Ortholog	1	mapped
RYR3	RYR3	6263	official_symbol	ryr3	561350	Ortholog	1	mapped
SCO2	SCO2	9997	official_symbol	sco2	606683	Ortholog	1	mapped
SGCA	SGCA	6442	official_symbol				0	no_zebrafish_ortholog
SGCB	SGCB	6443	official_symbol	sgcb	559788	Ortholog	1	mapped
SGCG	SGCG	6445	official_symbol	sgcg	445292	Ortholog	1	mapped
SLC25A12	SLC25A12	8604	official_symbol	slc25a12	337675	Ortholog	1	mapped
SMN1	SMN1	6606	official_symbol				0	no_zebrafish_ortholog
SMPX	SMPX	23676	official_symbol	smpx	431732	Ortholog	1	mapped
SQSTM1	SQSTM1	8878	official_symbol	sqstm1	406452	Ortholog	1	mapped
STIM1	STIM1	6786	official_symbol	stim1b	100005700	Ortholog	1	mapped
SUCLG1	SUCLG1	8802	official_symbol	suclg1	436850	Ortholog	1	mapped
SYNE1	SYNE1	23345	official_symbol	syne1b	567576	Ortholog	1	mapped
SYNE2	SYNE2	23224	official_symbol				0	no_zebrafish_ortholog
SYT2	SYT2	127833	official_symbol				0	no_zebrafish_ortholog
TAMM41	TAMM41	132001	official_symbol	tamm41	641323	Ortholog	1	mapped
TBCK	TBCK	93627	official_symbol	tbck	791155	Ortholog	1	mapped
THOC2	THOC2	57187	official_symbol	thoc2	368417	Ortholog	1	mapped
TMEM43	TMEM43	79188	official_symbol	tmem43	406520	Ortholog	1	mapped
TOR1AIP1	TOR1AIP1	26092	official_symbol				0	no_zebrafish_ortholog
TPM2	TPM2	7169	official_symbol				0	no_zebrafish_ortholog
TPM3	TPM3	7170	official_symbol				0	no_zebrafish_ortholog
TRIM32	TRIM32	22954	official_symbol	trim32	562764	Ortholog	1	mapped
TRIP4	TRIP4	9325	official_symbol	trip4	568585	Ortholog	1	mapped
TWNK	TWNK	56652	official_symbol	twnk	100330448	Ortholog	1	mapped
UNC45B	UNC45B	146862	official_symbol	unc45b	266640	Ortholog	1	mapped
VCP	VCP	7415	official_symbol	vcp	327197	Ortholog	1	mapped
VRK1	VRK1	7443	official_symbol	vrk1	406694	Ortholog	1	mapped
YME1L1	YME1L1	10730	official_symbol	yme1l1b	557907	Ortholog	1	mapped
ACAD9	ACAD9	28976	official_symbol	acad9	724002	Ortholog	1	mapped
AFG3L2	AFG3L2	10939	official_symbol	afg3l2	569168	Ortholog	1	mapped
AGK	AGK	55750	official_symbol	agk	334270	Ortholog	1	mapped
AHDC1	AHDC1	27245	official_symbol	ahdc1	100536210	Ortholog	1	mapped
ATP5F1A	ATP5F1A	498	official_symbol	atp5f1a	553755	Ortholog	1	mapped
ATP5F1D	ATP5F1D	513	official_symbol	atp5f1d	335709	Ortholog	1	mapped
ATP5F1E	ATP5F1E	514	official_symbol	atp5f1e	798291	Ortholog	1	mapped
ATPAF2	ATPAF2	91647	official_symbol	atpaf2	560253	Ortholog	1	mapped
BCS1L	BCS1L	617	official_symbol	bcs1l	394157	Ortholog	1	mapped
BOLA3	BOLA3	388962	official_symbol	bola3	445131	Ortholog	1	mapped
C1QBP	C1QBP	708	official_symbol	c1qbp	334619	Ortholog	1	mapped
CARS2	CARS2	79587	official_symbol	cars2	555187	Ortholog	1	mapped
CHCHD10	CHCHD10	400916	official_symbol	chchd10	393757	Ortholog	1	mapped
COA3	COA3	28958	official_symbol	coa3a	100141351	Ortholog	1	mapped
COA5	COA5	493753	official_symbol	coa5	751633	Ortholog	1	mapped
COA6	COA6	388753	official_symbol	coa6	100150991	Ortholog	1	mapped
COA8	COA8	84334	official_symbol	coa8	798687	Ortholog	1	mapped
COQ4	COQ4	51117	official_symbol	coq4	100137123	Ortholog	1	mapped
COX16	COX16	51241	official_symbol	cox16	550257	Ortholog	1	mapped
COX20	COX20	116228	official_symbol	cox20	436985	Ortholog	1	mapped
COX4I1	COX4I1	1327	official_symbol	cox4i1	326975	Ortholog	1	mapped
COX5A	COX5A	9377	official_symbol	cox5ab	326962	Ortholog	1	mapped
COX6A2	COX6A2	1339	official_symbol				0	no_zebrafish_ortholog
CRLS1	CRLS1	54675	official_symbol	crls1	405867	Ortholog	1	mapped
CYC1	CYC1	1537	official_symbol	cyc1	564379	Ortholog	1	mapped
DGUOK	DGUOK	1716	official_symbol				0	no_zebrafish_ortholog
EARS2	EARS2	124454	official_symbol	ears2	751732	Ortholog	1	mapped
ELAC2	ELAC2	60528	official_symbol	elac2	492652	Ortholog	1	mapped
FBXL4	FBXL4	26235	official_symbol	fbxl4	492349	Ortholog	1	mapped
FDX2	FDX2	112812	official_symbol	fdx2	767726	Ortholog	1	mapped
FLAD1	FLAD1	80308	official_symbol	flad1	445492	Ortholog	1	mapped
FOXRED1	FOXRED1	55572	official_symbol	foxred1	556387	Ortholog	1	mapped
GATC	GATC	283459	official_symbol	gatc	558898	Ortholog	1	mapped
GFER	GFER	2671	official_symbol	gfer	560433	Ortholog	1	mapped
GFM1	GFM1	85476	official_symbol	gfm1	561840	Ortholog	1	mapped
GFM2	GFM2	84340	official_symbol	gfm2	558184	Ortholog	1	mapped
GTPBP3	GTPBP3	84705	official_symbol	gtpbp3	553807	Ortholog	1	mapped
HACD1	HACD1	9200	official_symbol				0	no_zebrafish_ortholog
IARS2	IARS2	55699	official_symbol	iars2	100001219	Ortholog	1	mapped
IBA57	IBA57	200205	official_symbol	iba57	100330979	Ortholog	1	mapped
ISCA2	ISCA2	122961	official_symbol	isca2	100150438	Ortholog	1	mapped
KARS1	KARS1	3735	official_symbol	kars1	280647	Ortholog	1	mapped
LRPPRC	LRPPRC	10128	official_symbol	lrpprc	557195	Ortholog	1	mapped
LYRM7	LYRM7	90624	official_symbol	lyrm7	100002948	Ortholog	1	mapped
MECR	MECR	51102	official_symbol	mecr	550550	Ortholog	1	mapped
MGME1	MGME1	92667	official_symbol	mgme1	494097	Ortholog	1	mapped
MIEF2	MIEF2	125170	official_symbol				0	no_zebrafish_ortholog
MPV17	MPV17	4358	official_symbol	mpv17	394140	Ortholog	1	mapped
MRM2	MRM2	29960	official_symbol	mrm2	555586	Ortholog	1	mapped
MRPL12	MRPL12	6182	official_symbol	mrpl12	550391	Ortholog	1	mapped
MRPL39	MRPL39	54148	official_symbol	mrpl39	334588	Ortholog	1	mapped
MRPS14	MRPS14	63931	official_symbol	mrps14	751639	Ortholog	1	mapped
MRPS16	MRPS16	51021	official_symbol	mrps16	450009	Ortholog	1	mapped
MRPS22	MRPS22	56945	official_symbol	mrps22	556778	Ortholog	1	mapped
MRPS23	MRPS23	51649	official_symbol	mrps23	445221	Ortholog	1	mapped
MRPS25	MRPS25	64432	official_symbol	mrps25	550252	Ortholog	1	mapped
MT-ND1			not_found				0	human_gene_not_found
MT-ND2			not_found				0	human_gene_not_found
MT-ND3			not_found				0	human_gene_not_found
MT-TE			not_found				0	human_gene_not_found
MT-TL1			not_found				0	human_gene_not_found
MTFMT	MTFMT	123263	official_symbol	mtfmt	556680	Ortholog	1	mapped
MTO1	MTO1	25821	official_symbol	mto1	100009640	Ortholog	1	mapped
MTRFR	MTRFR	91574	official_symbol	mtrfr	100004874	Ortholog	1	mapped
NARS2	NARS2	79731	official_symbol	nars2	561673	Ortholog	1	mapped
NAXE	NAXE	128240	official_symbol	naxe	436891	Ortholog	1	mapped
NDUFA1	NDUFA1	4694	official_symbol	ndufa1	415243	Ortholog	1	mapped
NDUFA10	NDUFA10	4705	official_symbol	ndufa10	321951	Ortholog	1	mapped
NDUFA11	NDUFA11	126328	official_symbol	ndufa11	393497	Ortholog	1	mapped
NDUFA12	NDUFA12	55967	official_symbol	ndufa12	556538	Ortholog	1	mapped
NDUFA13	NDUFA13	51079	official_symbol	ndufa13	393687	Ortholog	1	mapped
NDUFA2	NDUFA2	4695	official_symbol	ndufa2	554125	Ortholog	1	mapped
NDUFA6	NDUFA6	4700	official_symbol	ndufa6	393943	Ortholog	1	mapped
NDUFA8	NDUFA8	4702	official_symbol	ndufa8	393700	Ortholog	1	mapped
NDUFA9	NDUFA9	4704	official_symbol	ndufa9a	541331	Ortholog	1	mapped
NDUFAF1	NDUFAF1	51103	official_symbol	ndufaf1	503714	Ortholog	1	mapped
NDUFAF2	NDUFAF2	91942	official_symbol	ndufaf2	100003850	Ortholog	1	mapped
NDUFAF3	NDUFAF3	25915	official_symbol	ndufaf3	791133	Ortholog	1	mapped
NDUFAF4	NDUFAF4	29078	official_symbol	ndufaf4	794169	Ortholog	1	mapped
NDUFAF5	NDUFAF5	79133	official_symbol	ndufaf5	794020	Ortholog	1	mapped
NDUFAF6	NDUFAF6	137682	official_symbol	ndufaf6	569692	Ortholog	1	mapped
NDUFAF8	NDUFAF8	284184	official_symbol	ndufaf8	386981	Ortholog	1	mapped
NDUFB10	NDUFB10	4716	official_symbol	ndufb10	393703	Ortholog	1	mapped
NDUFB11	NDUFB11	54539	official_symbol	ndufb11	562219	Ortholog	1	mapped
NDUFB3	NDUFB3	4709	official_symbol				0	no_zebrafish_ortholog
NDUFB7	NDUFB7	4713	official_symbol	ndufb7	393821	Ortholog	1	mapped
NDUFB8	NDUFB8	4714	official_symbol	ndufb8	393829	Ortholog	1	mapped
NDUFB9	NDUFB9	4715	official_symbol	ndufb9	573021	Ortholog	1	mapped
NDUFC2	NDUFC2	4718	official_symbol	ndufc2	541390	Ortholog	1	mapped
NDUFS1	NDUFS1	4719	official_symbol	ndufs1	493605	Ortholog	1	mapped
NDUFS2	NDUFS2	4720	official_symbol	ndufs2	553672	Ortholog	1	mapped
NDUFS3	NDUFS3	4722	official_symbol	ndufs3	550451	Ortholog	1	mapped
NDUFS4	NDUFS4	4724	official_symbol	ndufs4	573689	Ortholog	1	mapped
NDUFS6	NDUFS6	4726	official_symbol	ndufs6	447913	Ortholog	1	mapped
NDUFS7	NDUFS7	374291	official_symbol	ndufs7	796997	Ortholog	1	mapped
NDUFS8	NDUFS8	4728	official_symbol				0	no_zebrafish_ortholog
NDUFV1	NDUFV1	4723	official_symbol	ndufv1	445291	Ortholog	1	mapped
NDUFV2	NDUFV2	4729	official_symbol	ndufv2	393720	Ortholog	1	mapped
NFS1	NFS1	9054	official_symbol	nfs1	562714	Ortholog	1	mapped
NFU1	NFU1	27247	official_symbol				0	no_zebrafish_ortholog
NSUN3	NSUN3	63899	official_symbol	nsun3	553534	Ortholog	1	mapped
NUBPL	NUBPL	80224	official_symbol	nubpl	436715	Ortholog	1	mapped
PET100	PET100	100131801	official_symbol	pet100	100334510	Ortholog	1	mapped
PET117	PET117	100303755	official_symbol	pet117	100303756	Ortholog	1	mapped
PTCD3	PTCD3	55037	official_symbol	ptcd3	553325	Ortholog	1	mapped
PUS1	PUS1	80324	official_symbol	pus1	494060	Ortholog	1	mapped
QRSL1	QRSL1	55278	official_symbol	qrsl1	327329	Ortholog	1	mapped
RARS2	RARS2	57038	official_symbol	rars2	393589	Ortholog	1	mapped
RRM2B	RRM2B	50484	official_symbol				0	no_zebrafish_ortholog
SDHA	SDHA	6389	official_symbol	sdha	393884	Ortholog	1	mapped
SDHB	SDHB	6390	official_symbol	sdhb	562149	Ortholog	1	mapped
SDHD	SDHD	6392	official_symbol	sdhdb	445500	Ortholog	1	mapped
SFXN4	SFXN4	119559	official_symbol	sfxn4	556121	Ortholog	1	mapped
SLC25A10	SLC25A10	1468	official_symbol	slc25a10a	100332610	Ortholog	1	mapped
SLC25A26	SLC25A26	115286	official_symbol	slc25a26	560478	Ortholog	1	mapped
SLC25A4	SLC25A4	291	official_symbol	slc25a4	327067	Ortholog	1	mapped
SLC39A8	SLC39A8	64116	official_symbol				0	no_zebrafish_ortholog
SUCLA2	SUCLA2	8803	official_symbol	sucla2	406299	Ortholog	1	mapped
TEFM	TEFM	79736	official_symbol	tefm	566236	Ortholog	1	mapped
TIMM22	TIMM22	29928	official_symbol	timm22	100537779	Ortholog	1	mapped
TIMM50	TIMM50	92609	official_symbol	timm50	393638	Ortholog	1	mapped
TIMMDC1	TIMMDC1	51300	official_symbol	timmdc1	550526	Ortholog	1	mapped
TK2	TK2	7084	official_symbol	tk2	437016	Ortholog	1	mapped
TMEM126B	TMEM126B	55863	official_symbol				0	no_zebrafish_ortholog
TMEM70	TMEM70	54968	official_symbol	tmem70	100002535	Ortholog	1	mapped
TRIT1	TRIT1	54802	official_symbol	trit1	553523	Ortholog	1	mapped
TRMT10C	TRMT10C	54931	official_symbol	trmt10c	492460	Ortholog	1	mapped
TRMT5	TRMT5	57570	official_symbol	trmt5	564078	Ortholog	1	mapped
TRMU	TRMU	55687	official_symbol	trmu	553625	Ortholog	1	mapped
TSFM	TSFM	10102	official_symbol	tsfm	567785	Ortholog	1	mapped
TTC19	TTC19	54902	official_symbol	ttc19	564788	Ortholog	1	mapped
TXN2	TXN2	25828	official_symbol	txn2	402938	Ortholog	1	mapped
UQCC3	UQCC3	790955	official_symbol	uqcc3	558925	Ortholog	1	mapped
UQCRB	UQCRB	7381	official_symbol	uqcrb	554154	Ortholog	1	mapped
UQCRH	UQCRH	7388	official_symbol	uqcrh	566723	Ortholog	1	mapped
UQCRQ	UQCRQ	27089	official_symbol	uqcrq	436768	Ortholog	1	mapped
VARS2	VARS2	57176	official_symbol	vars2	100170827	Ortholog	1	mapped
YARS2	YARS2	51067	official_symbol	yars2	556702	Ortholog	1	mapped
CHKB	CHKB	1120	official_symbol	chkb	563589	Ortholog	1	mapped
DNA2	DNA2	1763	official_symbol	dna2	559535	Ortholog	1	mapped
FH	FH	2271	official_symbol	fh	393938	Ortholog	1	mapped
FUS	FUS	2521	official_symbol	fus	394058	Ortholog	1	mapped
GGPS1	GGPS1	9453	official_symbol	ggps1	336798	Ortholog	1	mapped
GYG1	GYG1	2992	official_symbol				0	no_zebrafish_ortholog
HSD17B10	HSD17B10	3028	official_symbol	hsd17b10	450078	Ortholog	1	mapped
MFF	MFF	56947	official_symbol	mffa	393508	Ortholog	1	mapped
SLC25A3	SLC25A3	5250	official_symbol				0	no_zebrafish_ortholog
SPG7	SPG7	6687	official_symbol	spg7	794740	Ortholog	1	mapped
TAFAZZIN	TAFAZZIN	6901	official_symbol	tafazzin	321965	Ortholog	1	mapped
TARDBP	TARDBP	23435	official_symbol	tardbpa	386630	Ortholog	1	mapped
TBK1	TBK1	29110	official_symbol	tbk1	692289	Ortholog	1	mapped
MT-ATP6			not_found				0	human_gene_not_found
MT-CO1			not_found				0	human_gene_not_found
MT-CO2	MTCO2P12	107075310	synonym				0	no_zebrafish_ortholog
MT-CO3			not_found				0	human_gene_not_found
MT-ND4			not_found				0	human_gene_not_found
MT-ND5			not_found				0	human_gene_not_found
MT-ND6			not_found				0	human_gene_not_found
MT-TF			not_found				0	human_gene_not_found
MT-TH			not_found				0	human_gene_not_found
MT-TL2			not_found				0	human_gene_not_found
MT-TN			not_found				0	human_gene_not_found
MT-TQ			not_found				0	human_gene_not_found
MT-TS2			not_found				0	human_gene_not_found
MT-TW			not_found				0	human_gene_not_found
MT-CYB			not_found				0	human_gene_not_found
MT-TC			not_found				0	human_gene_not_found
MT-TK			not_found				0	human_gene_not_found
MT-TT			not_found				0	human_gene_not_found
MT-TV			not_found				0	human_gene_not_found
PNPLA8	PNPLA8	50640	official_symbol	pnpla8	100126812	Ortholog	1	mapped
POLG2	POLG2	11232	official_symbol	polg2	100150674	Ortholog	1	mapped
RRM1	RRM1	6240	official_symbol	rrm1	30740	Ortholog	1	mapped
TOP3A	TOP3A	7156	official_symbol	top3a	560212	Ortholog	1	mapped
TYMP	TYMP	1890	official_symbol	tymp	103910413	Ortholog	1	mapped
CAMKMT	CAMKMT	79823	official_symbol	camkmt	796749	Ortholog	1	mapped
CYP27A1	CYP27A1	1593	official_symbol				0	no_zebrafish_ortholog
DNAJC30	DNAJC30	84277	official_symbol				0	no_zebrafish_ortholog
MT-ND4L			not_found				0	human_gene_not_found
PNPT1	PNPT1	87178	official_symbol	pnpt1	100750260	Ortholog	1	mapped
PPM1B	PPM1B	5495	official_symbol	ppm1ba	30672	Ortholog	1	mapped
PREPL	PREPL	9581	official_symbol	prepl	796680	Ortholog	1	mapped
SLC3A1	SLC3A1	6519	official_symbol	slc3a1	557757	Ortholog	1	mapped
BRAT1	BRAT1	221927	official_symbol	brat1	678547	Ortholog	1	mapped
COX10	COX10	1352	official_symbol	cox10	553384	Ortholog	1	mapped
COX6B1	COX6B1	1340	official_symbol	cox6b1	436968	Ortholog	1	mapped
ETHE1	ETHE1	23474	official_symbol	ethe1	405865	Ortholog	1	mapped
FARS2	FARS2	10667	official_symbol	fars2	793097	Ortholog	1	mapped
LIG3	LIG3	3980	official_symbol	lig3	563276	Ortholog	1	mapped
MRPL44	MRPL44	65080	official_symbol	mrpl44	571210	Ortholog	1	mapped
RNASEH1	RNASEH1	246243	official_symbol	rnaseh1	436932	Ortholog	1	mapped
SLC25A42	SLC25A42	284439	official_symbol	slc25a42	751743	Ortholog	1	mapped
SURF1	SURF1	6834	official_symbol	surf1	557970	Ortholog	1	mapped
TACO1	TACO1	51204	official_symbol	taco1	570857	Ortholog	1	mapped
TFAM	TFAM	7019	official_symbol	tfam	571106	Ortholog	1	mapped
AGRN	AGRN	375790	official_symbol	agrn	565373	Ortholog	1	mapped
ALG14	ALG14	199857	official_symbol	alg14	450072	Ortholog	1	mapped
ALS2	ALS2	57679	official_symbol	als2b	100318899	Ortholog	1	mapped
BAG3	BAG3	9531	official_symbol	bag3	445139	Ortholog	1	mapped
CHAT	CHAT	1103	official_symbol	chata	100170938	Ortholog	1	mapped
CNBP	CNBP	7555	official_symbol	cnbpb	335839	Ortholog	1	mapped
CPT2	CPT2	1376	official_symbol	cpt2	100005717	Ortholog	1	mapped
GFPT1	GFPT1	2673	official_symbol				0	no_zebrafish_ortholog
GOLGA2	GOLGA2	2801	official_symbol	golga2	565431	Ortholog	1	mapped
HEXB	HEXB	3074	official_symbol	hexb	323613	Ortholog	1	mapped
HNRNPK	HNRNPK	3190	official_symbol	hnrnpk	406267	Ortholog	1	mapped
IFIH1	IFIH1	64135	official_symbol	ifih1	565759	Ortholog	1	mapped
LAMB2	LAMB2	3913	official_symbol	lamb2	337767	Ortholog	1	mapped
LPIN1	LPIN1	23175	official_symbol	lpin1a	799099	Ortholog	1	mapped
MYO9A	MYO9A	4649	official_symbol	myo9aa	100006612	Ortholog	1	mapped
PLOD1	PLOD1	5351	official_symbol	plod1a	777635	Ortholog	1	mapped
SARS2	SARS2	54938	official_symbol	sars2	394154	Ortholog	1	mapped
SIGMAR1	SIGMAR1	10280	official_symbol	sigmar1	393952	Ortholog	1	mapped
SLC18A3	SLC18A3	6572	official_symbol				0	no_zebrafish_ortholog
SLC25A1	SLC25A1	6576	official_symbol				0	no_zebrafish_ortholog
SLC5A7	SLC5A7	60482	official_symbol				0	no_zebrafish_ortholog
SNAP25	SNAP25	6616	official_symbol	snap25a	30712	Ortholog	1	mapped
SPTBN4	SPTBN4	57731	official_symbol	sptbn4b	100148730	Ortholog	1	mapped
SPTLC1	SPTLC1	10558	official_symbol	sptlc1	553981	Ortholog	1	mapped
TRAPPC11	TRAPPC11	60684	official_symbol	trappc11	323003	Ortholog	1	mapped
VAMP1	VAMP1	6843	official_symbol				0	no_zebrafish_ortholog
VPS13A	VPS13A	23230	official_symbol	vps13a	378837	Ortholog	1	mapped
DHX16	DHX16	8449	official_symbol	dhx16	336645	Ortholog	1	mapped
PHKA1	PHKA1	5255	official_symbol	phka1a	572183	Ortholog	1	mapped
VMA21	VMA21	203547	official_symbol	vma21	100307085	Ortholog	1	mapped
ADSS1	ADSS1	122622	official_symbol	adss1	407989	Ortholog	1	mapped
FLNC	FLNC	2318	official_symbol				0	no_zebrafish_ortholog
LDB3	LDB3	11155	official_symbol	ldb3a	794339	Ortholog	1	mapped
PLIN4	PLIN4	729359	official_symbol				0	no_zebrafish_ortholog
TNXB	TNXB	7148	official_symbol				0	no_zebrafish_ortholog
TRPV4	TRPV4	59341	official_symbol	trpv4	557850	Ortholog	1	mapped
AAAS	AAAS	8086	official_symbol	aaas	378454	Ortholog	1	mapped
AARS1	AARS1	16	official_symbol	aars1	324940	Ortholog	1	mapped
ABCA1	ABCA1	19	official_symbol				0	no_zebrafish_ortholog
ABCA2	ABCA2	20	official_symbol	abca2	100006090	Ortholog	1	mapped
ABCB6	ABCB6	10058	official_symbol	abcb6a	564067	Ortholog	1	mapped
ABCC8	ABCC8	6833	official_symbol	abcc8	553281	Ortholog	1	mapped
ABCD1	ABCD1	215	official_symbol	abcd1	566367	Ortholog	1	mapped
ABCD3	ABCD3	5825	official_symbol	abcd3a	406803	Ortholog	1	mapped
ABHD16A	ABHD16A	7920	official_symbol	abhd16a	564613	Ortholog	1	mapped
ABHD5	ABHD5	51099	official_symbol	abhd5a	566493	Ortholog	1	mapped
ACADM	ACADM	34	official_symbol	acadm	406283	Ortholog	1	mapped
ACADVL	ACADVL	37	official_symbol	acadvl	573723	Ortholog	1	mapped
ACBD5	ACBD5	91452	official_symbol	acbd5a	553674	Ortholog	1	mapped
ACOX1	ACOX1	51	official_symbol	acox1	449662	Ortholog	1	mapped
ACTL6B	ACTL6B	51412	official_symbol	actl6b	553775	Ortholog	1	mapped
ACY1	ACY1	95	official_symbol	acy1	393970	Ortholog	1	mapped
ADA2	ADA2	51816	official_symbol	ada2a	373884	Ortholog	1	mapped
ADAR	ADAR	103	official_symbol	adar	58119	Ortholog	1	mapped
ADCY5	ADCY5	111	official_symbol	adcy5	562619	Ortholog	1	mapped
ADCY6	ADCY6	112	official_symbol	adcy6a	570652	Ortholog	1	mapped
ADGRG1	ADGRG1	9289	official_symbol				0	no_zebrafish_ortholog
ADK	ADK	132	official_symbol				0	no_zebrafish_ortholog
ADNP	ADNP	23394	official_symbol	adnpb	100330315	Ortholog	1	mapped
ADPRS	ADPRS	54936	official_symbol	adprs	796446	Ortholog	1	mapped
AGL	AGL	178	official_symbol	agla	567798	Ortholog	1	mapped
AGTPBP1	AGTPBP1	23287	official_symbol	agtpbp1	554164	Ortholog	1	mapped
AK9	AK9	221264	official_symbol	ak9	557708	Ortholog	1	mapped
AKT1	AKT1	207	official_symbol	akt1	101910198	Ortholog	1	mapped
ALAD	ALAD	210	official_symbol	alad	550338	Ortholog	1	mapped
ALAS2	ALAS2	212	official_symbol				0	no_zebrafish_ortholog
ALDH18A1	ALDH18A1	5832	official_symbol	aldh18a1	557186	Ortholog	1	mapped
ALG13	ALG13	79868	official_symbol	alg13	557181	Ortholog	1	mapped
AMER1	AMER1	139285	official_symbol	amer1	100885784	Ortholog	1	mapped
AMPD1	AMPD1	270	official_symbol	ampd1	393867	Ortholog	1	mapped
AMPD3	AMPD3	272	official_symbol				0	no_zebrafish_ortholog
ANG	ANG	283	official_symbol				0	no_zebrafish_ortholog
ANK1	ANK1	286	official_symbol				0	no_zebrafish_ortholog
ANKH	ANKH	56172	official_symbol				0	no_zebrafish_ortholog
ANOS1	ANOS1	3730	official_symbol				0	no_zebrafish_ortholog
ANTXR1	ANTXR1	84168	official_symbol				0	no_zebrafish_ortholog
AP2S1	AP2S1	1175	official_symbol	ap2s1	100148085	Ortholog	1	mapped
AP3B2	AP3B2	8120	official_symbol	ap3b2	100000165	Ortholog	1	mapped
AP3D1	AP3D1	8943	official_symbol	ap3d1	563359	Ortholog	1	mapped
AP5Z1	AP5Z1	9907	official_symbol	ap5z1	100537934	Ortholog	1	mapped
APTX	APTX	54840	official_symbol	aptx	405797	Ortholog	1	mapped
AR	AR	367	official_symbol	ar	100005148	Ortholog	1	mapped
ARMC5	ARMC5	79798	official_symbol	armc5	569910	Ortholog	1	mapped
ARSA	ARSA	410	official_symbol	arsa	541416	Ortholog	1	mapped
ARX	ARX	170302	official_symbol	arxa	30657	Ortholog	1	mapped
ASAH1	ASAH1	427	official_symbol				0	no_zebrafish_ortholog
ASCC3	ASCC3	10973	official_symbol	ascc3	100332599	Ortholog	1	mapped
ASL	ASL	435	official_symbol	asl	393423	Ortholog	1	mapped
ASPA	ASPA	443	official_symbol	aspa	557232	Ortholog	1	mapped
ATG7	ATG7	10533	official_symbol	atg7	100333016	Ortholog	1	mapped
ATL1	ATL1	51062	official_symbol	atl1	571909	Ortholog	1	mapped
ATL3	ATL3	25923	official_symbol	atl3	449995	Ortholog	1	mapped
ATP13A2	ATP13A2	23400	official_symbol	atp13a2	568666	Ortholog	1	mapped
ATP13A3	ATP13A3	79572	official_symbol	atp13a3	572029	Ortholog	1	mapped
ATP1A1	ATP1A1	476	official_symbol				0	no_zebrafish_ortholog
ATP1A2	ATP1A2	477	official_symbol				0	no_zebrafish_ortholog
ATP1A3	ATP1A3	478	official_symbol				0	no_zebrafish_ortholog
ATP5MC3	ATP5MC3	518	official_symbol	atp5mc3a	394151	Ortholog	1	mapped
ATP5MK	ATP5MK	84833	official_symbol	atp5mk	794625	Ortholog	1	mapped
ATP6V1A	ATP6V1A	523	official_symbol	atp6v1ab	337583	Ortholog	1	mapped
ATP6V1E1	ATP6V1E1	529	official_symbol	atp6v1e1b	192335	Ortholog	1	mapped
ATP7A	ATP7A	538	official_symbol				0	no_zebrafish_ortholog
ATP7B	ATP7B	540	official_symbol	atp7b	556499	Ortholog	1	mapped
ATP9A	ATP9A	10079	official_symbol	atp9a	101886226	Ortholog	1	mapped
ATRX	ATRX	546	official_symbol	atrx	323299	Ortholog	1	mapped
ATXN1	ATXN1	6310	official_symbol	atxn1a	557340	Ortholog	1	mapped
ATXN2	ATXN2	6311	official_symbol	atxn2	569210	Ortholog	1	mapped
ATXN3	ATXN3	4287	official_symbol	atxn3	394079	Ortholog	1	mapped
ATXN7	ATXN7	6314	official_symbol	atxn7	100001490	Ortholog	1	mapped
B3GALNT2	B3GALNT2	148789	official_symbol	b3galnt2	553716	Ortholog	1	mapped
B4GALNT1	B4GALNT1	2583	official_symbol	b4galnt1b	793635	Ortholog	1	mapped
B4GAT1	B4GAT1	11041	official_symbol	b4gat1	101669768	Ortholog	1	mapped
BAP1	BAP1	8314	official_symbol	bap1	558885	Ortholog	1	mapped
BCOR	BCOR	54880	official_symbol	bcor	402921	Ortholog	1	mapped
BET1	BET1	10282	official_symbol	bet1	415135	Ortholog	1	mapped
BICD2	BICD2	23299	official_symbol	bicd2a	100330881	Ortholog	1	mapped
BICRA	BICRA	29998	official_symbol	bicra	386775	Ortholog	1	mapped
BIN1	BIN1	274	official_symbol				0	no_zebrafish_ortholog
BMP6	BMP6	654	official_symbol	bmp6	503761	Ortholog	1	mapped
BMS1	BMS1	9790	official_symbol	bms1	553241	Ortholog	1	mapped
BORCS8	BORCS8	729991	official_symbol	borcs8	558180	Ortholog	1	mapped
BRAF	BRAF	673	official_symbol	braf	403065	Ortholog	1	mapped
BRCC3	BRCC3	79184	official_symbol	brcc3	100333845	Ortholog	1	mapped
BSCL2	BSCL2	26580	official_symbol	bscl2	567403	Ortholog	1	mapped
BSND	BSND	7809	official_symbol	bsnd	497323	Ortholog	1	mapped
BTD	BTD	686	official_symbol	btd	555376	Ortholog	1	mapped
BTNL2	BTNL2	56244	official_symbol				0	no_zebrafish_ortholog
C19orf12	C19orf12	83636	official_symbol				0	no_zebrafish_ortholog
C9orf72	C9orf72	203228	official_symbol	zgc:100846	402895	Ortholog	1	mapped
CACNA1A	CACNA1A	773	official_symbol				0	no_zebrafish_ortholog
CACNA1B	CACNA1B	774	official_symbol				0	no_zebrafish_ortholog
CACNA1E	CACNA1E	777	official_symbol	cacna1ea	564274	Ortholog	1	mapped
CACNA1G	CACNA1G	8913	official_symbol	cacna1g	563904	Ortholog	1	mapped
CACNA2D1	CACNA2D1	781	official_symbol	cacna2d1	101882457	Ortholog	1	mapped
CADM3	CADM3	57863	official_symbol	cadm3	692273	Ortholog	1	mapped
CAMLG	CAMLG	819	official_symbol	camlg	404622	Ortholog	1	mapped
CAPN1	CAPN1	823	official_symbol	capn1	406768	Ortholog	1	mapped
CAPRIN1	CAPRIN1	4076	official_symbol	caprin1b	406341	Ortholog	1	mapped
CASK	CASK	8573	official_symbol	caska	259195	Ortholog	1	mapped
CASP2	CASP2	835	official_symbol	casp2	373118	Ortholog	1	mapped
CASR	CASR	846	official_symbol	casr	560607	Ortholog	1	mapped
CBL	CBL	867	official_symbol	cbl	492364	Ortholog	1	mapped
CCDC141	CCDC141	285025	official_symbol	ccdc141	553274	Ortholog	1	mapped
CCM2	CCM2	83605	official_symbol	ccm2	436586	Ortholog	1	mapped
CCN2	CCN2	1490	official_symbol	ccn2a	321449	Ortholog	1	mapped
CCN6	CCN6	8838	official_symbol	ccn6	794092	Ortholog	1	mapped
CCND1	CCND1	595	official_symbol	ccnd1	30222	Ortholog	1	mapped
CCNF	CCNF	899	official_symbol	ccnf	266981	Ortholog	1	mapped
CCR6	CCR6	1235	official_symbol	ccr6a	558616	Ortholog	1	mapped
CD59	CD59	966	official_symbol	cd59a	567192	Ortholog	1	mapped
CDC73	CDC73	79577	official_symbol	cdc73	393319	Ortholog	1	mapped
CDH23	CDH23	64072	official_symbol	cdh23	407978	Ortholog	1	mapped
CDK19	CDK19	23097	official_symbol	cdk19	100149670	Ortholog	1	mapped
CDKL5	CDKL5	6792	official_symbol	cdkl5	559341	Ortholog	1	mapped
CDKN2A	CDKN2A	1029	official_symbol				0	no_zebrafish_ortholog
CELF2	CELF2	10659	official_symbol	celf2	373117	Ortholog	1	mapped
CEP126	CEP126	57562	official_symbol	cep126	561486	Ortholog	1	mapped
CFAP410	CFAP410	755	official_symbol	cfap410	100537391	Ortholog	1	mapped
CHD7	CHD7	55636	official_symbol	chd7	569471	Ortholog	1	mapped
CHMP2B	CHMP2B	25978	official_symbol				0	no_zebrafish_ortholog
CHP1	CHP1	11261	official_symbol				0	no_zebrafish_ortholog
CHST14	CHST14	113189	official_symbol	chst14	404732	Ortholog	1	mapped
CIAO1	CIAO1	9391	official_symbol	ciao1	795104	Ortholog	1	mapped
CLCN1	CLCN1	1180	official_symbol				0	no_zebrafish_ortholog
CLCN2	CLCN2	1181	official_symbol	clcn2b	100333644	Ortholog	1	mapped
CLCN7	CLCN7	1186	official_symbol	clcn7	553351	Ortholog	1	mapped
CLCNKA	CLCNKA	1187	official_symbol	clcnk	393353	Ortholog	1	mapped
CLCNKB	CLCNKB	1188	official_symbol				0	no_zebrafish_ortholog
CLDN16	CLDN16	10686	official_symbol				0	no_zebrafish_ortholog
CLP1	CLP1	10978	official_symbol	clp1	565621	Ortholog	1	mapped
CLTC	CLTC	1213	official_symbol				0	no_zebrafish_ortholog
CNKSR2	CNKSR2	22866	official_symbol				0	no_zebrafish_ortholog
CNNM2	CNNM2	54805	official_symbol				0	no_zebrafish_ortholog
CNOT1	CNOT1	23019	official_symbol	cnot1	448949	Ortholog	1	mapped
CNTN1	CNTN1	1272	official_symbol				0	no_zebrafish_ortholog
COA7	COA7	65260	official_symbol	coa7	555268	Ortholog	1	mapped
COG8	COG8	84342	official_symbol	cog8	541379	Ortholog	1	mapped
COL1A1	COL1A1	1277	official_symbol				0	no_zebrafish_ortholog
COL1A2	COL1A2	1278	official_symbol	col1a2	336471	Ortholog	1	mapped
COL25A1	COL25A1	84570	official_symbol	col25a1	101882764	Ortholog	1	mapped
COL4A1	COL4A1	1282	official_symbol	col4a1	554269	Ortholog	1	mapped
COL5A1	COL5A1	1289	official_symbol	col5a1	100334431	Ortholog	1	mapped
COL5A2	COL5A2	1290	official_symbol	col5a2b	100006366	Ortholog	1	mapped
COL9A1	COL9A1	1297	official_symbol				0	no_zebrafish_ortholog
COL9A2	COL9A2	1298	official_symbol	col9a2	321212	Ortholog	1	mapped
COL9A3	COL9A3	1299	official_symbol	col9a3	567110	Ortholog	1	mapped
COQ2	COQ2	27235	official_symbol	coq2	100037331	Ortholog	1	mapped
COQ6	COQ6	51004	official_symbol	coq6	751691	Ortholog	1	mapped
COQ8A	COQ8A	56997	official_symbol	coq8aa	437001	Ortholog	1	mapped
COX6A1	COX6A1	1337	official_symbol	cox6a1	335774	Ortholog	1	mapped
CPLANE1	CPLANE1	65250	official_symbol	cplane1	792625	Ortholog	1	mapped
CPLX1	CPLX1	10815	official_symbol	cplx1	563082	Ortholog	1	mapped
CPOX	CPOX	1371	official_symbol	cpox	321294	Ortholog	1	mapped
CPT1A	CPT1A	1374	official_symbol				0	no_zebrafish_ortholog
CPT1C	CPT1C	126129	official_symbol				0	no_zebrafish_ortholog
CRLF1	CRLF1	9244	official_symbol				0	no_zebrafish_ortholog
CRPPA	CRPPA	729920	official_symbol	crppa	798716	Ortholog	1	mapped
CYFIP2	CYFIP2	26999	official_symbol	cyfip2	100002872	Ortholog	1	mapped
CYP11B1	CYP11B1	1584	official_symbol				0	no_zebrafish_ortholog
CYP11B2	CYP11B2	1585	official_symbol				0	no_zebrafish_ortholog
CYP27B1	CYP27B1	1594	official_symbol	cyp27b1	793309	Ortholog	1	mapped
CYP2R1	CYP2R1	120227	official_symbol	cyp2r1	563369	Ortholog	1	mapped
CYP7B1	CYP7B1	9420	official_symbol				0	no_zebrafish_ortholog
D2HGDH	D2HGDH	728294	official_symbol	d2hgdh	565889	Ortholog	1	mapped
DALRD3	DALRD3	55152	official_symbol	dalrd3	571036	Ortholog	1	mapped
DAO	DAO	1610	official_symbol	dao.1	619259	Ortholog	1	mapped
DARS2	DARS2	55157	official_symbol	dars2	571144	Ortholog	1	mapped
DCAF8	DCAF8	50717	official_symbol	dcaf8	100007924	Ortholog	1	mapped
DCC	DCC	1630	official_symbol	dcc	569360	Ortholog	1	mapped
DCTN1	DCTN1	1639	official_symbol				0	no_zebrafish_ortholog
DDC	DDC	1644	official_symbol	ddc	406651	Ortholog	1	mapped
DDHD1	DDHD1	80821	official_symbol	ddhd1b	570320	Ortholog	1	mapped
DDHD2	DDHD2	23259	official_symbol	ddhd2	100321082	Ortholog	1	mapped
DEPDC5	DEPDC5	9681	official_symbol	depdc5	562995	Ortholog	1	mapped
DHDDS	DHDDS	79947	official_symbol	dhdds	406468	Ortholog	1	mapped
DHFR	DHFR	1719	official_symbol	dhfr	81882	Ortholog	1	mapped
DHH	DHH	50846	official_symbol				0	no_zebrafish_ortholog
DHTKD1	DHTKD1	55526	official_symbol	dhtkd1	494076	Ortholog	1	mapped
DKK1	DKK1	22943	official_symbol	dkk1b	30197	Ortholog	1	mapped
DLL4	DLL4	54567	official_symbol	dll4	563920	Ortholog	1	mapped
DMP1	DMP1	1758	official_symbol				0	no_zebrafish_ortholog
DMXL2	DMXL2	23312	official_symbol	dmxl2	378958	Ortholog	1	mapped
DNAJB2	DNAJB2	3300	official_symbol	dnajb2	561686	Ortholog	1	mapped
DNAJB4	DNAJB4	11080	official_symbol	dnajb4	445061	Ortholog	1	mapped
DNAJC19	DNAJC19	131118	official_symbol	dnajc19	393734	Ortholog	1	mapped
DNM1	DNM1	1759	official_symbol	dnm1a	100307098	Ortholog	1	mapped
DNM2	DNM2	1785	official_symbol	dnm2a	559334	Ortholog	1	mapped
DNMT1	DNMT1	1786	official_symbol	dnmt1	30430	Ortholog	1	mapped
DNMT3B	DNMT3B	1789	official_symbol				0	no_zebrafish_ortholog
DOK7	DOK7	285489	official_symbol	dok7b	557881	Ortholog	1	mapped
DOLK	DOLK	22845	official_symbol	dolk	799960	Ortholog	1	mapped
DPAGT1	DPAGT1	1798	official_symbol	dpagt1	566539	Ortholog	1	mapped
DPM2	DPM2	8818	official_symbol	dpm2	796295	Ortholog	1	mapped
DSE	DSE	29940	official_symbol	dse	568713	Ortholog	1	mapped
DSTYK	DSTYK	25778	official_symbol	dstyk	402922	Ortholog	1	mapped
DUSP6	DUSP6	1848	official_symbol	dusp6	353314	Ortholog	1	mapped
DUX4	DUX4	100288687	official_symbol				0	no_zebrafish_ortholog
DUX4L1	DUX4L1	22947	official_symbol				0	no_zebrafish_ortholog
DYM	DYM	54808	official_symbol	dym	572325	Ortholog	1	mapped
DYNC1H1	DYNC1H1	1778	official_symbol	dync1h1	335110	Ortholog	1	mapped
EBF3	EBF3	253738	official_symbol	ebf3a	567751	Ortholog	1	mapped
EEF1A2	EEF1A2	1917	official_symbol				0	no_zebrafish_ortholog
EEF1D	EEF1D	1936	official_symbol	eef1db	560745	Ortholog	1	mapped
EHHADH	EHHADH	1962	official_symbol	ehhadh	100000859	Ortholog	1	mapped
EIF2AK3	EIF2AK3	9451	official_symbol	eif2ak3	559564	Ortholog	1	mapped
EIF2B2	EIF2B2	8892	official_symbol	eif2b2	405839	Ortholog	1	mapped
EIF2B3	EIF2B3	8891	official_symbol	eif2b3	394049	Ortholog	1	mapped
ELOVL5	ELOVL5	60481	official_symbol	elovl5	393425	Ortholog	1	mapped
ELP2	ELP2	55250	official_symbol	elp2	560338	Ortholog	1	mapped
EMILIN1	EMILIN1	11117	official_symbol	emilin1b	751598	Ortholog	1	mapped
ENPP1	ENPP1	5167	official_symbol	enpp1	562399	Ortholog	1	mapped
EPB42	EPB42	2038	official_symbol				0	no_zebrafish_ortholog
ERBB4	ERBB4	2066	official_symbol	erbb4b	569836	Ortholog	1	mapped
ERCC6	ERCC6	2074	official_symbol	ercc6	560477	Ortholog	1	mapped
ERCC8	ERCC8	1161	official_symbol	ercc8	449811	Ortholog	1	mapped
ERGIC1	ERGIC1	57222	official_symbol	ergic1	567774	Ortholog	1	mapped
ERLIN2	ERLIN2	11160	official_symbol				0	no_zebrafish_ortholog
ESAM	ESAM	90952	official_symbol				0	no_zebrafish_ortholog
ETFA	ETFA	2108	official_symbol	etfa	325724	Ortholog	1	mapped
ETFB	ETFB	2109	official_symbol	etfb	406271	Ortholog	1	mapped
ETFDH	ETFDH	2110	official_symbol	etfdh	447859	Ortholog	1	mapped
EXOC8	EXOC8	149371	official_symbol	exoc8	568029	Ortholog	1	mapped
EXOSC3	EXOSC3	51010	official_symbol	exosc3	565000	Ortholog	1	mapped
EXOSC5	EXOSC5	56915	official_symbol	exosc5	751632	Ortholog	1	mapped
EXOSC8	EXOSC8	11340	official_symbol	exosc8	323016	Ortholog	1	mapped
EXOSC9	EXOSC9	5393	official_symbol	exosc9	450057	Ortholog	1	mapped
EXTL3	EXTL3	2137	official_symbol	extl3	493783	Ortholog	1	mapped
EYA1	EYA1	2138	official_symbol	eya1	30436	Ortholog	1	mapped
FA2H	FA2H	79152	official_symbol	fa2h	792257	Ortholog	1	mapped
FAM111B	FAM111B	374393	official_symbol				0	no_zebrafish_ortholog
FBLN5	FBLN5	10516	official_symbol	fbln5	449806	Ortholog	1	mapped
FBN1	FBN1	2200	official_symbol	fbn1	100330961	Ortholog	1	mapped
FBXO28	FBXO28	23219	official_symbol	fbxo28	556288	Ortholog	1	mapped
FBXO38	FBXO38	81545	official_symbol	fbxo38	799091	Ortholog	1	mapped
FEZF1	FEZF1	389549	official_symbol	fezf1	558801	Ortholog	1	mapped
FGD4	FGD4	121512	official_symbol				0	no_zebrafish_ortholog
FGF12	FGF12	2257	official_symbol	fgf12a	777735	Ortholog	1	mapped
FGF17	FGF17	8822	official_symbol				0	no_zebrafish_ortholog
FGF23	FGF23	8074	official_symbol	fgf23	494456	Ortholog	1	mapped
FGF8	FGF8	2253	official_symbol				0	no_zebrafish_ortholog
FGFR1	FGFR1	2260	official_symbol				0	no_zebrafish_ortholog
FICD	FICD	11153	official_symbol	ficd	334648	Ortholog	1	mapped
FIG4	FIG4	9896	official_symbol	fig4a	100334605	Ortholog	1	mapped
FILIP1	FILIP1	27145	official_symbol	filip1b	101883460	Ortholog	1	mapped
FIP1L1	FIP1L1	81608	official_symbol	fip1l1a	561900	Ortholog	1	mapped
FKBP14	FKBP14	55033	official_symbol	fkbp14	445077	Ortholog	1	mapped
FLI1	FLI1	2313	official_symbol	fli1	30619	Ortholog	1	mapped
FLRT3	FLRT3	23767	official_symbol	flrt3	558864	Ortholog	1	mapped
FLVCR1	FLVCR1	28982	official_symbol	flvcr1	562595	Ortholog	1	mapped
FMR1	FMR1	2332	official_symbol	fmr1	259191	Ortholog	1	mapped
FOXC2	FOXC2	2303	official_symbol				0	no_zebrafish_ortholog
FOXE1	FOXE1	2304	official_symbol	foxe1	567676	Ortholog	1	mapped
FOXG1	FOXG1	2290	official_symbol	foxg1a	30274	Ortholog	1	mapped
FRG1	FRG1	2483	official_symbol	frg1	550491	Ortholog	1	mapped
FUCA1	FUCA1	2517	official_symbol				0	no_zebrafish_ortholog
FXN	FXN	2395	official_symbol	fxn	556389	Ortholog	1	mapped
FXYD2	FXYD2	486	official_symbol				0	no_zebrafish_ortholog
FZR1	FZR1	51343	official_symbol	fzr1a	393223	Ortholog	1	mapped
GABBR2	GABBR2	9568	official_symbol	gabbr2	560267	Ortholog	1	mapped
GABRA2	GABRA2	2555	official_symbol				0	no_zebrafish_ortholog
GABRA3	GABRA3	2556	official_symbol				0	no_zebrafish_ortholog
GABRA5	GABRA5	2558	official_symbol	gabra5	799124	Ortholog	1	mapped
GABRB2	GABRB2	2561	official_symbol				0	no_zebrafish_ortholog
GABRG2	GABRG2	2566	official_symbol	gabrg2	553402	Ortholog	1	mapped
GALC	GALC	2581	official_symbol				0	no_zebrafish_ortholog
GAN	GAN	8139	official_symbol	gan	100537435	Ortholog	1	mapped
GATM	GATM	2628	official_symbol	gatm	266799	Ortholog	1	mapped
GBA2	GBA2	57704	official_symbol	gba2	559240	Ortholog	1	mapped
GBE1	GBE1	2632	official_symbol				0	no_zebrafish_ortholog
GBF1	GBF1	8729	official_symbol	gbf1	566350	Ortholog	1	mapped
GCH1	GCH1	2643	official_symbol	gch1	100192219	Ortholog	1	mapped
GCK	GCK	2645	official_symbol	gck	751668	Ortholog	1	mapped
GDAP1	GDAP1	54332	official_symbol	gdap1	553702	Ortholog	1	mapped
GEMIN4	GEMIN4	50628	official_symbol	gemin4	324754	Ortholog	1	mapped
GFAP	GFAP	2670	official_symbol	gfap	30646	Ortholog	1	mapped
GJA1	GJA1	2697	official_symbol				0	no_zebrafish_ortholog
GJB1	GJB1	2705	official_symbol				0	no_zebrafish_ortholog
GJC2	GJC2	57165	official_symbol	gjc2	447835	Ortholog	1	mapped
GLE1	GLE1	2733	official_symbol	gle1	445408	Ortholog	1	mapped
GLT8D1	GLT8D1	55830	official_symbol	glt8d1	492466	Ortholog	1	mapped
GM2A	GM2A	2760	official_symbol	gm2a	550529	Ortholog	1	mapped
GMPPB	GMPPB	29925	official_symbol	gmppb	445097	Ortholog	1	mapped
GNA11	GNA11	2767	official_symbol				0	no_zebrafish_ortholog
GNAO1	GNAO1	2775	official_symbol	gnao1a	393760	Ortholog	1	mapped
GNB1	GNB1	2782	official_symbol	gnb1a	322104	Ortholog	1	mapped
GNB2	GNB2	2783	official_symbol	gnb2	541370	Ortholog	1	mapped
GNB4	GNB4	59345	official_symbol				0	no_zebrafish_ortholog
GNB5	GNB5	10681	official_symbol	gnb5b	393719	Ortholog	1	mapped
GNPTAB	GNPTAB	79158	official_symbol	gnptab	553365	Ortholog	1	mapped
GOSR2	GOSR2	9570	official_symbol	gosr2	324569	Ortholog	1	mapped
GPHN	GPHN	10243	official_symbol				0	no_zebrafish_ortholog
GPI	GPI	2821	official_symbol	gpib	246095	Ortholog	1	mapped
GRIA3	GRIA3	2892	official_symbol	gria3b	368416	Ortholog	1	mapped
GRIN1	GRIN1	2902	official_symbol				0	no_zebrafish_ortholog
GRIN2A	GRIN2A	2903	official_symbol	grin2aa	563297	Ortholog	1	mapped
GRIN2D	GRIN2D	2906	official_symbol				0	no_zebrafish_ortholog
GRM7	GRM7	2917	official_symbol				0	no_zebrafish_ortholog
GSN	GSN	2934	official_symbol				0	no_zebrafish_ortholog
GTPBP2	GTPBP2	54676	official_symbol	gtpbp2a	799373	Ortholog	1	mapped
HADHA	HADHA	3030	official_symbol				0	no_zebrafish_ortholog
HADHB	HADHB	3032	official_symbol	hadhb	336606	Ortholog	1	mapped
HAMP	HAMP	57817	official_symbol	hamp	402837	Ortholog	1	mapped
HARS1	HARS1	3035	official_symbol	hars	447847	Ortholog	1	mapped
HCN1	HCN1	348980	official_symbol				0	no_zebrafish_ortholog
HESX1	HESX1	8820	official_symbol	hesx1	30620	Ortholog	1	mapped
HEXA	HEXA	3073	official_symbol	hexa	550460	Ortholog	1	mapped
HFE	HFE	3077	official_symbol				0	no_zebrafish_ortholog
HINT1	HINT1	3094	official_symbol	hint1	449551	Ortholog	1	mapped
HIVEP2	HIVEP2	3097	official_symbol	hivep2a	562048	Ortholog	1	mapped
HJV	HJV	148738	official_symbol	hjv	321932	Ortholog	1	mapped
HK1	HK1	3098	official_symbol	hk1	406791	Ortholog	1	mapped
HLA-B	HLA-B	3106	official_symbol				0	no_zebrafish_ortholog
HLA-DQB1	HLA-DQB1	3119	official_symbol				0	no_zebrafish_ortholog
HLA-DRB1	HLA-DRB1	3123	official_symbol				0	no_zebrafish_ortholog
HMBS	HMBS	3145	official_symbol				0	no_zebrafish_ortholog
HMGCR	HMGCR	3156	official_symbol	hmgcra	559054	Ortholog	1	mapped
HNRNPDL	HNRNPDL	9987	official_symbol	hnrnpdl	406701	Ortholog	1	mapped
HOXB1	HOXB1	3211	official_symbol	hoxb1a	30337	Ortholog	1	mapped
HPRT1	HPRT1	3251	official_symbol	hprt1	406259	Ortholog	1	mapped
HS6ST1	HS6ST1	9394	official_symbol				0	no_zebrafish_ortholog
HSPB1	HSPB1	3315	official_symbol	hspb1	368243	Ortholog	1	mapped
HSPB3	HSPB3	8988	official_symbol	hspb3	568180	Ortholog	1	mapped
HSPD1	HSPD1	3329	official_symbol	hspd1	282676	Ortholog	1	mapped
HSPG2	HSPG2	3339	official_symbol	hspg2	565429	Ortholog	1	mapped
HTT	HTT	3064	official_symbol	htt	30214	Ortholog	1	mapped
HYCC1	HYCC1	84668	official_symbol	hycc1	402926	Ortholog	1	mapped
IFT140	IFT140	9742	official_symbol	ift140	553213	Ortholog	1	mapped
IGHMBP2	IGHMBP2	3508	official_symbol	ighmbp2	556484	Ortholog	1	mapped
IL12B	IL12B	3593	official_symbol	il12ba	445373	Ortholog	1	mapped
IL17RD	IL17RD	54756	official_symbol	il17rd	171474	Ortholog	1	mapped
IMPDH2	IMPDH2	3615	official_symbol	impdh2	317745	Ortholog	1	mapped
INF2	INF2	64423	official_symbol	inf2	141378492	Ortholog	1	mapped
INPP5E	INPP5E	56623	official_symbol	inpp5e	606579	Ortholog	1	mapped
INPP5K	INPP5K	51763	official_symbol				0	no_zebrafish_ortholog
IRAK1	IRAK1	3654	official_symbol	irak1	569226	Ortholog	1	mapped
IREB2	IREB2	3658	official_symbol	ireb2	652982	Ortholog	1	mapped
IRF2BP2	IRF2BP2	359948	official_symbol	irf2bp2a	335866	Ortholog	1	mapped
IRF4	IRF4	3662	official_symbol				0	no_zebrafish_ortholog
IRF5	IRF5	3663	official_symbol	irf5	405811	Ortholog	1	mapped
ITGB4	ITGB4	3691	official_symbol	itgb4	335269	Ortholog	1	mapped
ITPR1	ITPR1	3708	official_symbol				0	no_zebrafish_ortholog
ITPR3	ITPR3	3710	official_symbol	itpr3	794666	Ortholog	1	mapped
JAG1	JAG1	182	official_symbol	jag1b	140423	Ortholog	1	mapped
JPH1	JPH1	56704	official_symbol	jph1b	556485	Ortholog	1	mapped
KCNA1	KCNA1	3736	official_symbol				0	no_zebrafish_ortholog
KCNA2	KCNA2	3737	official_symbol				0	no_zebrafish_ortholog
KCNB1	KCNB1	3745	official_symbol	kcnb1	555284	Ortholog	1	mapped
KCNC2	KCNC2	3747	official_symbol	kcnc2	100037377	Ortholog	1	mapped
KCNE3	KCNE3	10008	official_symbol				0	no_zebrafish_ortholog
KCNH5	KCNH5	27133	official_symbol	kcnh5b	100331767	Ortholog	1	mapped
KCNJ1	KCNJ1	3758	official_symbol				0	no_zebrafish_ortholog
KCNJ10	KCNJ10	3766	official_symbol				0	no_zebrafish_ortholog
KCNJ11	KCNJ11	3767	official_symbol	kcnj11	664687	Ortholog	1	mapped
KCNJ18	KCNJ18	100134444	official_symbol				0	no_zebrafish_ortholog
KCNJ5	KCNJ5	3762	official_symbol	kcnj5	571888	Ortholog	1	mapped
KCNK9	KCNK9	51305	official_symbol	kcnk9	799704	Ortholog	1	mapped
KDM1A	KDM1A	23028	official_symbol	kdm1a	558450	Ortholog	1	mapped
KIF1A	KIF1A	547	official_symbol				0	no_zebrafish_ortholog
KIF1B	KIF1B	23095	official_symbol	kif1b	369190	Ortholog	1	mapped
KLC4	KLC4	89953	official_symbol	klc1b	335499	Ortholog	1	mapped
KLHL24	KLHL24	54800	official_symbol	klhl24a	768198	Ortholog	1	mapped
KLHL9	KLHL9	55958	official_symbol				0	no_zebrafish_ortholog
KMT2D	KMT2D	8085	official_symbol	kmt2d	100536523	Ortholog	1	mapped
KPNA3	KPNA3	3839	official_symbol	kpna3	368640	Ortholog	1	mapped
KRAS	KRAS	3845	official_symbol	kras	445289	Ortholog	1	mapped
KRIT1	KRIT1	889	official_symbol	krit1	321836	Ortholog	1	mapped
L1CAM	L1CAM	3897	official_symbol				0	no_zebrafish_ortholog
LAMP2	LAMP2	3920	official_symbol	lamp2	541406	Ortholog	1	mapped
LBR	LBR	3930	official_symbol	lbr	368360	Ortholog	1	mapped
LGI4	LGI4	163175	official_symbol				0	no_zebrafish_ortholog
LIMS2	LIMS2	55679	official_symbol				0	no_zebrafish_ortholog
LIPE	LIPE	3991	official_symbol	lipeb	557893	Ortholog	1	mapped
LITAF	LITAF	9516	official_symbol				0	no_zebrafish_ortholog
LMNB1	LMNB1	4001	official_symbol	lmnb1	195816	Ortholog	1	mapped
LRIF1	LRIF1	55791	official_symbol	lrif1	560890	Ortholog	1	mapped
LRP5	LRP5	4041	official_symbol	lrp5	568518	Ortholog	1	mapped
LRSAM1	LRSAM1	90678	official_symbol	lrsam1	562066	Ortholog	1	mapped
LTBP4	LTBP4	8425	official_symbol	ltbp4	100333499	Ortholog	1	mapped
LYST	LYST	1130	official_symbol	lyst	100150726	Ortholog	1	mapped
LZTR1	LZTR1	8216	official_symbol	lztr1	792832	Ortholog	1	mapped
MAN2B2	MAN2B2	23324	official_symbol	man2b2	100003570	Ortholog	1	mapped
MAP2K2	MAP2K2	5605	official_symbol	map2k2a	563181	Ortholog	1	mapped
MAPT	MAPT	4137	official_symbol				0	no_zebrafish_ortholog
MARS1	MARS1	4141	official_symbol	mars1	338183	Ortholog	1	mapped
MCM3AP	MCM3AP	8888	official_symbol	mcm3ap	436589	Ortholog	1	mapped
MDH2	MDH2	4191	official_symbol	mdh2	406405	Ortholog	1	mapped
MED25	MED25	81857	official_symbol	med25	406793	Ortholog	1	mapped
MEN1	MEN1	4221	official_symbol	men1	30130	Ortholog	1	mapped
MFSD2A	MFSD2A	84879	official_symbol	mfsd2ab	445176	Ortholog	1	mapped
MICOS13	MICOS13	125988	official_symbol	micos13	558738	Ortholog	1	mapped
MINPP1	MINPP1	9562	official_symbol	minpp1b	394075	Ortholog	1	mapped
MLX	MLX	6945	official_symbol	mlx	554119	Ortholog	1	mapped
MME	MME	4311	official_symbol				0	no_zebrafish_ortholog
MMUT	MMUT	4594	official_symbol	mmut	569581	Ortholog	1	mapped
MORC2	MORC2	22880	official_symbol	morc2	445488	Ortholog	1	mapped
MPZ	MPZ	4359	official_symbol	mpz	114417	Ortholog	1	mapped
MRAS	MRAS	22808	official_symbol				0	no_zebrafish_ortholog
MRPS2	MRPS2	51116	official_symbol	mrps2	791211	Ortholog	1	mapped
MT-ATP8			not_found				0	human_gene_not_found
MT-TI			not_found				0	human_gene_not_found
MT-TP			not_found				0	human_gene_not_found
MTAP	MTAP	4507	official_symbol	mtap	393526	Ortholog	1	mapped
MTHFR	MTHFR	4524	official_symbol	mthfr	567547	Ortholog	1	mapped
MTMR14	MTMR14	64419	official_symbol	mtmr14	323929	Ortholog	1	mapped
MTMR2	MTMR2	8898	official_symbol	mtmr2	30644	Ortholog	1	mapped
MTTP	MTTP	4547	official_symbol	mttp	406207	Ortholog	1	mapped
MYBPC1	MYBPC1	4604	official_symbol	mybpc1	492356	Ortholog	1	mapped
NAA80	NAA80	24142	official_symbol	naa80	101886319	Ortholog	1	mapped
NABP1	NABP1	64859	official_symbol	nabp1a	494100	Ortholog	1	mapped
NACC1	NACC1	112939	official_symbol				0	no_zebrafish_ortholog
NADK2	NADK2	133686	official_symbol	nadk2	445071	Ortholog	1	mapped
NAGA	NAGA	4668	official_symbol	naga	560778	Ortholog	1	mapped
NAGLU	NAGLU	4669	official_symbol	naglu	560126	Ortholog	1	mapped
NBN	NBN	4683	official_symbol	nbn	544655	Ortholog	1	mapped
NDE1	NDE1	54820	official_symbol	nde1	566146	Ortholog	1	mapped
NDNF	NDNF	79625	official_symbol	ndnf	561437	Ortholog	1	mapped
NDP	NDP	4693	official_symbol	ndp	100003793	Ortholog	1	mapped
NDRG1	NDRG1	10397	official_symbol	ndrg1b	393665	Ortholog	1	mapped
NECAP1	NECAP1	25977	official_symbol	necap1	393695	Ortholog	1	mapped
NEFL	NEFL	4747	official_symbol				0	no_zebrafish_ortholog
NEK1	NEK1	4750	official_symbol	nek1	556002	Ortholog	1	mapped
NEU1	NEU1	4758	official_symbol	neu1	559850	Ortholog	1	mapped
NEUROD2	NEUROD2	4761	official_symbol	neurod2	114435	Ortholog	1	mapped
NF2	NF2	4771	official_symbol	nf2a	561184	Ortholog	1	mapped
NFE2L2	NFE2L2	4780	official_symbol	nfe2l2a	360149	Ortholog	1	mapped
NGLY1	NGLY1	55768	official_symbol	ngly1	553627	Ortholog	1	mapped
NIPA1	NIPA1	123606	official_symbol	nipa1	450042	Ortholog	1	mapped
NKX2-1	NKX2-1	7080	official_symbol	nkx2-1	81883	Ortholog	1	mapped
NKX2-5	NKX2-5	1482	official_symbol	nkx2-5	30696	Ortholog	1	mapped
NOD2	NOD2	64127	official_symbol	nod2	777696	Ortholog	1	mapped
NONO	NONO	4841	official_symbol	nono	321994	Ortholog	1	mapped
NOP56	NOP56	10528	official_symbol	nop56	394196	Ortholog	1	mapped
NPM1	NPM1	4869	official_symbol				0	no_zebrafish_ortholog
NR3C1	NR3C1	2908	official_symbol	nr3c1	553740	Ortholog	1	mapped
NR4A2	NR4A2	4929	official_symbol	nr4a2b	436679	Ortholog	1	mapped
NRAS	NRAS	4893	official_symbol	nras	30380	Ortholog	1	mapped
NTNG2	NTNG2	84628	official_symbol	ntng2a	560014	Ortholog	1	mapped
NTRK2	NTRK2	4915	official_symbol	ntrk2a	65090	Ortholog	1	mapped
NUMA1	NUMA1	4926	official_symbol	numa1	572344	Ortholog	1	mapped
NUP54	NUP54	53371	official_symbol	nup54	335750	Ortholog	1	mapped
NUP62	NUP62	23636	official_symbol				0	no_zebrafish_ortholog
NUS1	NUS1	116150	official_symbol	nus1	436629	Ortholog	1	mapped
NUTM2B-AS1	NUTM2B-AS1	101060691	official_symbol				0	no_zebrafish_ortholog
OAT	OAT	4942	official_symbol	oat	572518	Ortholog	1	mapped
OPTN	OPTN	10133	official_symbol	optn	336159	Ortholog	1	mapped
OSTM1	OSTM1	28962	official_symbol	ostm1	100320445	Ortholog	1	mapped
P4HA2	P4HA2	8974	official_symbol				0	no_zebrafish_ortholog
PABPN1	PABPN1	8106	official_symbol	pabpn1	406543	Ortholog	1	mapped
PACS2	PACS2	23241	official_symbol				0	no_zebrafish_ortholog
PAFAH1B1	PAFAH1B1	5048	official_symbol				0	no_zebrafish_ortholog
PARS2	PARS2	25973	official_symbol	pars2	325494	Ortholog	1	mapped
PAX8	PAX8	7849	official_symbol	pax8	60637	Ortholog	1	mapped
PCLO	PCLO	27445	official_symbol	pcloa	100148002	Ortholog	1	mapped
PCNA	PCNA	5111	official_symbol	pcna	30678	Ortholog	1	mapped
PDCD10	PDCD10	11235	official_symbol	pdcd10a	393527	Ortholog	1	mapped
PDE11A	PDE11A	50940	official_symbol	pde11a	561338	Ortholog	1	mapped
PDGFB	PDGFB	5155	official_symbol				0	no_zebrafish_ortholog
PDK3	PDK3	5165	official_symbol				0	no_zebrafish_ortholog
PDXK	PDXK	8566	official_symbol				0	no_zebrafish_ortholog
PEX1	PEX1	5189	official_symbol	pex1	793906	Ortholog	1	mapped
PEX10	PEX10	5192	official_symbol	pex10	449821	Ortholog	1	mapped
PEX11B	PEX11B	8799	official_symbol	pex11b	566742	Ortholog	1	mapped
PEX12	PEX12	5193	official_symbol	pex12	393174	Ortholog	1	mapped
PEX13	PEX13	5194	official_symbol	pex13	393618	Ortholog	1	mapped
PEX14	PEX14	5195	official_symbol	pex14	559933	Ortholog	1	mapped
PEX16	PEX16	9409	official_symbol	pex16	573990	Ortholog	1	mapped
PEX19	PEX19	5824	official_symbol	pex19	324778	Ortholog	1	mapped
PEX2	PEX2	5828	official_symbol	pex2	556228	Ortholog	1	mapped
PEX26	PEX26	55670	official_symbol	pex26	334644	Ortholog	1	mapped
PEX3	PEX3	8504	official_symbol	pex3	393197	Ortholog	1	mapped
PEX5	PEX5	5830	official_symbol	pex5	394131	Ortholog	1	mapped
PEX6	PEX6	5190	official_symbol	pex6	792998	Ortholog	1	mapped
PEX7	PEX7	5191	official_symbol	pex7	541405	Ortholog	1	mapped
PFN1	PFN1	5216	official_symbol				0	no_zebrafish_ortholog
PGAP2	PGAP2	27315	official_symbol	pgap2	541417	Ortholog	1	mapped
PGK1	PGK1	5230	official_symbol				0	no_zebrafish_ortholog
PGM1	PGM1	5236	official_symbol	pgm1	394000	Ortholog	1	mapped
PGM2L1	PGM2L1	283209	official_symbol	pgm2l1	449945	Ortholog	1	mapped
PHACTR1	PHACTR1	221692	official_symbol	phactr1	100334776	Ortholog	1	mapped
PHEX	PHEX	5251	official_symbol	phex	386969	Ortholog	1	mapped
PHKA2	PHKA2	5256	official_symbol				0	no_zebrafish_ortholog
PHKB	PHKB	5257	official_symbol	phkb	569706	Ortholog	1	mapped
PHKG1	PHKG1	5260	official_symbol				0	no_zebrafish_ortholog
PHKG2	PHKG2	5261	official_symbol	phkg2	393937	Ortholog	1	mapped
PHYH	PHYH	5264	official_symbol	phyh	550521	Ortholog	1	mapped
PI4KA	PI4KA	5297	official_symbol				0	no_zebrafish_ortholog
PIEZO2	PIEZO2	63895	official_symbol	piezo2b	100534973	Ortholog	1	mapped
PIGA	PIGA	5277	official_symbol	piga	791759	Ortholog	1	mapped
PIGF	PIGF	5281	official_symbol	pigf	402942	Ortholog	1	mapped
PIGN	PIGN	23556	official_symbol	pign	556797	Ortholog	1	mapped
PIGP	PIGP	51227	official_symbol	pigp	325316	Ortholog	1	mapped
PIGQ	PIGQ	9091	official_symbol	pigq	321218	Ortholog	1	mapped
PIK3CA	PIK3CA	5290	official_symbol	pik3ca	561737	Ortholog	1	mapped
PIK3R5	PIK3R5	23533	official_symbol	pik3r5	323588	Ortholog	1	mapped
PLA2G6	PLA2G6	8398	official_symbol	pla2g6	406370	Ortholog	1	mapped
PLAA	PLAA	9373	official_symbol	plaa	324855	Ortholog	1	mapped
PLEKHG5	PLEKHG5	57449	official_symbol				0	no_zebrafish_ortholog
PLP1	PLP1	5354	official_symbol	plp1a	64264	Ortholog	1	mapped
PLXND1	PLXND1	23129	official_symbol	plxnd1	402998	Ortholog	1	mapped
PML	PML	5371	official_symbol				0	no_zebrafish_ortholog
PMM2	PMM2	5373	official_symbol	pmm2	368229	Ortholog	1	mapped
PMP2	PMP2	5375	official_symbol				0	no_zebrafish_ortholog
PMP22	PMP22	5376	official_symbol	pmp22b	678607	Ortholog	1	mapped
PMPCA	PMPCA	23203	official_symbol	pmpca	492801	Ortholog	1	mapped
PMPCB	PMPCB	9512	official_symbol	pmpcb	503532	Ortholog	1	mapped
PNKD	PNKD	25953	official_symbol				0	no_zebrafish_ortholog
PNKP	PNKP	11284	official_symbol	pnkp	569462	Ortholog	1	mapped
PNPLA2	PNPLA2	57104	official_symbol	pnpla2	101887155	Ortholog	1	mapped
PNPLA6	PNPLA6	10908	official_symbol	pnpla6	560986	Ortholog	1	mapped
POGLUT1	POGLUT1	56983	official_symbol	poglut1	641495	Ortholog	1	mapped
POLR1A	POLR1A	25885	official_symbol	polr1a	327078	Ortholog	1	mapped
POLR3A	POLR3A	11128	official_symbol	polr3a	572258	Ortholog	1	mapped
POLR3GL	POLR3GL	84265	official_symbol	polr3glb	449786	Ortholog	1	mapped
POLRMT	POLRMT	5442	official_symbol	polrmt	100034434	Ortholog	1	mapped
POMGNT2	POMGNT2	84892	official_symbol	pomgnt2	497644	Ortholog	1	mapped
POMK	POMK	84197	official_symbol	pomk	492773	Ortholog	1	mapped
PON1	PON1	5444	official_symbol				0	no_zebrafish_ortholog
PON2	PON2	5445	official_symbol				0	no_zebrafish_ortholog
PON3	PON3	5446	official_symbol				0	no_zebrafish_ortholog
POU3F4	POU3F4	5456	official_symbol				0	no_zebrafish_ortholog
PPARGC1A	PPARGC1A	10891	official_symbol	ppargc1a	553418	Ortholog	1	mapped
PPOX	PPOX	5498	official_symbol	ppox	664750	Ortholog	1	mapped
PPP1R15B	PPP1R15B	84919	official_symbol	ppp1r15b	100538163	Ortholog	1	mapped
PRKACA	PRKACA	5566	official_symbol				0	no_zebrafish_ortholog
PRKAR1A	PRKAR1A	5573	official_symbol				0	no_zebrafish_ortholog
PRNP	PRNP	5621	official_symbol				0	no_zebrafish_ortholog
PROK2	PROK2	60675	official_symbol				0	no_zebrafish_ortholog
PROKR2	PROKR2	128674	official_symbol				0	no_zebrafish_ortholog
PRORP	PRORP	9692	official_symbol	prorp	555630	Ortholog	1	mapped
PRPH	PRPH	5630	official_symbol	prph	30259	Ortholog	1	mapped
PRPS1	PRPS1	5631	official_symbol	prps1b	560827	Ortholog	1	mapped
PRRT2	PRRT2	112476	official_symbol				0	no_zebrafish_ortholog
PRX	PRX	57716	official_symbol	prx	571950	Ortholog	1	mapped
PSAP	PSAP	5660	official_symbol	psap	140811	Ortholog	1	mapped
PSMB8	PSMB8	5696	official_symbol				0	no_zebrafish_ortholog
PTCRA	PTCRA	171558	official_symbol				0	no_zebrafish_ortholog
PTDSS1	PTDSS1	9791	official_symbol				0	no_zebrafish_ortholog
PTEN	PTEN	5728	official_symbol	ptenb	368415	Ortholog	1	mapped
PTPN11	PTPN11	5781	official_symbol	ptpn11a	333979	Ortholog	1	mapped
PTPN22	PTPN22	26191	official_symbol				0	no_zebrafish_ortholog
PTRH2	PTRH2	51651	official_symbol	ptrh2	791795	Ortholog	1	mapped
PTRHD1	PTRHD1	391356	official_symbol	ptrhd1	563207	Ortholog	1	mapped
PTS	PTS	5805	official_symbol	pts	100073330	Ortholog	1	mapped
PUF60	PUF60	22827	official_symbol				0	no_zebrafish_ortholog
PYGM	PYGM	5837	official_symbol				0	no_zebrafish_ortholog
PYROXD1	PYROXD1	79912	official_symbol	pyroxd1	393736	Ortholog	1	mapped
RAB7A	RAB7A	7879	official_symbol	rab7a	393902	Ortholog	1	mapped
RAF1	RAF1	5894	official_symbol	raf1b	557109	Ortholog	1	mapped
RAI1	RAI1	10743	official_symbol	rai1	101885257	Ortholog	1	mapped
RALGAPA1	RALGAPA1	253959	official_symbol	ralgapa1	556427	Ortholog	1	mapped
RANBP2	RANBP2	5903	official_symbol				0	no_zebrafish_ortholog
RARA	RARA	5914	official_symbol	raraa	30680	Ortholog	1	mapped
RARS1	RARS1	5917	official_symbol	rars1	337070	Ortholog	1	mapped
RASA1	RASA1	5921	official_symbol	rasa1a	100002155	Ortholog	1	mapped
RASA2	RASA2	5922	official_symbol				0	no_zebrafish_ortholog
RBCK1	RBCK1	10616	official_symbol	rbck1	431715	Ortholog	1	mapped
RBSN	RBSN	64145	official_symbol	rbsn	569240	Ortholog	1	mapped
REEP1	REEP1	65055	official_symbol	reep1	799901	Ortholog	1	mapped
RETREG1	RETREG1	54463	official_symbol	retreg1	100003524	Ortholog	1	mapped
REV3L	REV3L	5980	official_symbol	rev3l	569100	Ortholog	1	mapped
RFC1	RFC1	5981	official_symbol	rfc1	100037336	Ortholog	1	mapped
RFXAP	RFXAP	5994	official_symbol	rfxap	100006212	Ortholog	1	mapped
RHOBTB2	RHOBTB2	23221	official_symbol	rhobtb2a	792631	Ortholog	1	mapped
RIT1	RIT1	6016	official_symbol				0	no_zebrafish_ortholog
RNF170	RNF170	81790	official_symbol	rnf170	406612	Ortholog	1	mapped
RNF31	RNF31	55072	official_symbol	rnf31	100334178	Ortholog	1	mapped
RNU12	RNU12	267010	official_symbol				0	no_zebrafish_ortholog
RPS6KA3	RPS6KA3	6197	official_symbol				0	no_zebrafish_ortholog
RRAS	RRAS	6237	official_symbol	rras	449660	Ortholog	1	mapped
RRAS2	RRAS2	22800	official_symbol	rras2	550513	Ortholog	1	mapped
RTN2	RTN2	6253	official_symbol				0	no_zebrafish_ortholog
RUSC2	RUSC2	9853	official_symbol	rusc2	556081	Ortholog	1	mapped
RXYLT1	RXYLT1	10329	official_symbol	rxylt1	557187	Ortholog	1	mapped
SACS	SACS	26278	official_symbol	sacs	558150	Ortholog	1	mapped
SALL4	SALL4	57167	official_symbol	sall4	572527	Ortholog	1	mapped
SARDH	SARDH	1757	official_symbol	sardh	394103	Ortholog	1	mapped
SARS1	SARS1	6301	official_symbol	sars1	445405	Ortholog	1	mapped
SAT1	SAT1	6303	official_symbol				0	no_zebrafish_ortholog
SBF1	SBF1	6305	official_symbol	sbf1	568277	Ortholog	1	mapped
SBF2	SBF2	81846	official_symbol	sbf2	378456	Ortholog	1	mapped
SCN1A	SCN1A	6323	official_symbol				0	no_zebrafish_ortholog
SCN1B	SCN1B	6324	official_symbol				0	no_zebrafish_ortholog
SCN2A	SCN2A	6326	official_symbol				0	no_zebrafish_ortholog
SCN3A	SCN3A	6328	official_symbol				0	no_zebrafish_ortholog
SCN8A	SCN8A	6334	official_symbol				0	no_zebrafish_ortholog
SCNN1A	SCNN1A	6337	official_symbol				0	no_zebrafish_ortholog
SCNN1B	SCNN1B	6338	official_symbol				0	no_zebrafish_ortholog
SCNN1G	SCNN1G	6340	official_symbol				0	no_zebrafish_ortholog
SCYL1	SCYL1	57410	official_symbol	scyl1	793792	Ortholog	1	mapped
SCYL2	SCYL2	55681	official_symbol	scyl2	557149	Ortholog	1	mapped
SDHAF1	SDHAF1	644096	official_symbol	sdhaf1	606612	Ortholog	1	mapped
SECISBP2	SECISBP2	79048	official_symbol	secisbp2	553399	Ortholog	1	mapped
SEMA3A	SEMA3A	10371	official_symbol	sema3ab	30267	Ortholog	1	mapped
SEMA3E	SEMA3E	9723	official_symbol				0	no_zebrafish_ortholog
SEPTIN9	SEPTIN9	10801	official_symbol				0	no_zebrafish_ortholog
SERPING1	SERPING1	710	official_symbol				0	no_zebrafish_ortholog
SETX	SETX	23064	official_symbol	setx	562474	Ortholog	1	mapped
SFRP4	SFRP4	6424	official_symbol				0	no_zebrafish_ortholog
SGCD	SGCD	6444	official_symbol	sgcd	324961	Ortholog	1	mapped
SH3TC2	SH3TC2	79628	official_symbol	sh3tc2	100535152	Ortholog	1	mapped
SHMT2	SHMT2	6472	official_symbol	shmt2	100144628	Ortholog	1	mapped
SIK1	SIK1	150094	official_symbol				0	no_zebrafish_ortholog
SIL1	SIL1	64374	official_symbol	sil1	568308	Ortholog	1	mapped
SLC12A1	SLC12A1	6557	official_symbol	slc12a1	100329975	Ortholog	1	mapped
SLC12A3	SLC12A3	6559	official_symbol	slc12a3	565439	Ortholog	1	mapped
SLC12A6	SLC12A6	9990	official_symbol	slc12a6	100330290	Ortholog	1	mapped
SLC13A5	SLC13A5	284111	official_symbol				0	no_zebrafish_ortholog
SLC16A2	SLC16A2	6567	official_symbol				0	no_zebrafish_ortholog
SLC18A2	SLC18A2	6571	official_symbol	slc18a2	553304	Ortholog	1	mapped
SLC19A3	SLC19A3	80704	official_symbol				0	no_zebrafish_ortholog
SLC1A2	SLC1A2	6506	official_symbol	slc1a2a	560802	Ortholog	1	mapped
SLC22A5	SLC22A5	6584	official_symbol				0	no_zebrafish_ortholog
SLC25A19	SLC25A19	60386	official_symbol	slc25a19	403024	Ortholog	1	mapped
SLC25A20	SLC25A20	788	official_symbol	slc25a20	393833	Ortholog	1	mapped
SLC25A21	SLC25A21	89874	official_symbol	slc25a21	767694	Ortholog	1	mapped
SLC25A22	SLC25A22	79751	official_symbol				0	no_zebrafish_ortholog
SLC25A24	SLC25A24	29957	official_symbol	slc25a24	447867	Ortholog	1	mapped
SLC25A46	SLC25A46	91137	official_symbol	slc25a46	436831	Ortholog	1	mapped
SLC26A4	SLC26A4	5172	official_symbol	slc26a4	563818	Ortholog	1	mapped
SLC2A3	SLC2A3	6515	official_symbol				0	no_zebrafish_ortholog
SLC32A1	SLC32A1	140679	official_symbol	slc32a1	798575	Ortholog	1	mapped
SLC33A1	SLC33A1	9197	official_symbol	slc33a1	394083	Ortholog	1	mapped
SLC34A1	SLC34A1	6569	official_symbol				0	no_zebrafish_ortholog
SLC34A2	SLC34A2	10568	official_symbol				0	no_zebrafish_ortholog
SLC34A3	SLC34A3	142680	official_symbol				0	no_zebrafish_ortholog
SLC35A2	SLC35A2	7355	official_symbol	slc35a2	555288	Ortholog	1	mapped
SLC38A3	SLC38A3	10991	official_symbol				0	no_zebrafish_ortholog
SLC39A14	SLC39A14	23516	official_symbol	slc39a14	799782	Ortholog	1	mapped
SLC4A1	SLC4A1	6521	official_symbol				0	no_zebrafish_ortholog
SLC52A2	SLC52A2	79581	official_symbol				0	no_zebrafish_ortholog
SLC52A3	SLC52A3	113278	official_symbol	slc52a3-1	678609	Ortholog	1	mapped
SLC5A6	SLC5A6	8884	official_symbol	slc5a6a	563356	Ortholog	1	mapped
SLC7A7	SLC7A7	9056	official_symbol				0	no_zebrafish_ortholog
SLC9A7	SLC9A7	84679	official_symbol	slc9a7	554532	Ortholog	1	mapped
SMARCAL1	SMARCAL1	50485	official_symbol	smarcal1	560412	Ortholog	1	mapped
SMARCB1	SMARCB1	6598	official_symbol				0	no_zebrafish_ortholog
SMARCE1	SMARCE1	6605	official_symbol	smarce1	322248	Ortholog	1	mapped
SMCHD1	SMCHD1	23347	official_symbol	smchd1	497282	Ortholog	1	mapped
SMN2	SMN2	6607	official_symbol				0	no_zebrafish_ortholog
SMPD1	SMPD1	6609	official_symbol	smpd1	556700	Ortholog	1	mapped
SNAP29	SNAP29	9342	official_symbol	snap29	553460	Ortholog	1	mapped
SNUPN	SNUPN	10073	official_symbol	snupn	324743	Ortholog	1	mapped
SNX10	SNX10	29887	official_symbol				0	no_zebrafish_ortholog
SOD1	SOD1	6647	official_symbol	sod1	30553	Ortholog	1	mapped
SORD	SORD	6652	official_symbol	sord	570613	Ortholog	1	mapped
SOS1	SOS1	6654	official_symbol				0	no_zebrafish_ortholog
SOS2	SOS2	6655	official_symbol	sos2	561670	Ortholog	1	mapped
SOST	SOST	50964	official_symbol	sost	100000500	Ortholog	1	mapped
SOX10	SOX10	6663	official_symbol	sox10	140616	Ortholog	1	mapped
SPARC	SPARC	6678	official_symbol	sparc	321357	Ortholog	1	mapped
SPART	SPART	23111	official_symbol	sparta	100005765	Ortholog	1	mapped
SPAST	SPAST	6683	official_symbol	spast	405851	Ortholog	1	mapped
SPEG	SPEG	10290	official_symbol				0	no_zebrafish_ortholog
SPG21	SPG21	51324	official_symbol	spg21	406704	Ortholog	1	mapped
SPP1	SPP1	6696	official_symbol	spp1	432385	Ortholog	1	mapped
SPR	SPR	6697	official_symbol				0	no_zebrafish_ortholog
SPRED2	SPRED2	200734	official_symbol				0	no_zebrafish_ortholog
SPRY4	SPRY4	81848	official_symbol	spry4	114437	Ortholog	1	mapped
SPTA1	SPTA1	6708	official_symbol				0	no_zebrafish_ortholog
SPTAN1	SPTAN1	6709	official_symbol	sptan1	553383	Ortholog	1	mapped
SPTB	SPTB	6710	official_symbol	sptb	58040	Ortholog	1	mapped
SPTBN2	SPTBN2	6712	official_symbol				0	no_zebrafish_ortholog
SPTLC2	SPTLC2	9517	official_symbol				0	no_zebrafish_ortholog
SRPX2	SRPX2	27286	official_symbol	srpx2	100332730	Ortholog	1	mapped
STAG2	STAG2	10735	official_symbol				0	no_zebrafish_ortholog
STAT1	STAT1	6772	official_symbol				0	no_zebrafish_ortholog
STAT4	STAT4	6775	official_symbol	stat4	368519	Ortholog	1	mapped
STAT5B	STAT5B	6777	official_symbol				0	no_zebrafish_ortholog
SUFU	SUFU	51684	official_symbol	sufu	100001615	Ortholog	1	mapped
SUPT16H	SUPT16H	11198	official_symbol	supt16h	562348	Ortholog	1	mapped
SYNGAP1	SYNGAP1	8831	official_symbol				0	no_zebrafish_ortholog
SYNJ1	SYNJ1	8867	official_symbol	synj1	337236	Ortholog	1	mapped
SZT2	SZT2	23334	official_symbol	szt2	571986	Ortholog	1	mapped
TACR3	TACR3	6870	official_symbol				0	no_zebrafish_ortholog
TAF15	TAF15	8148	official_symbol				0	no_zebrafish_ortholog
TANGO2	TANGO2	128989	official_symbol	tango2	445324	Ortholog	1	mapped
TBCD	TBCD	6904	official_symbol	tbcd	553265	Ortholog	1	mapped
TBCE	TBCE	6905	official_symbol	tbce	664760	Ortholog	1	mapped
TBL1XR1	TBL1XR1	79718	official_symbol	tbl1xr1a	553608	Ortholog	1	mapped
TCIRG1	TCIRG1	10312	official_symbol				0	no_zebrafish_ortholog
TCN2	TCN2	6948	official_symbol				0	no_zebrafish_ortholog
TDP1	TDP1	55775	official_symbol	tdp1	571485	Ortholog	1	mapped
TERT	TERT	7015	official_symbol	tert	796551	Ortholog	1	mapped
TFAP2A	TFAP2A	7020	official_symbol	tfap2a	140618	Ortholog	1	mapped
TFG	TFG	10342	official_symbol	tfg	336466	Ortholog	1	mapped
TGM6	TGM6	343641	official_symbol				0	no_zebrafish_ortholog
TIA1	TIA1	7072	official_symbol	tia1	793165	Ortholog	1	mapped
TMEM165	TMEM165	55858	official_symbol	tmem165	324501	Ortholog	1	mapped
TMEM63A	TMEM63A	9725	official_symbol				0	no_zebrafish_ortholog
TNFRSF11B	TNFRSF11B	4982	official_symbol				0	no_zebrafish_ortholog
TNPO3	TNPO3	23534	official_symbol	tnpo3	394062	Ortholog	1	mapped
TNR	TNR	7143	official_symbol	tnr	369191	Ortholog	1	mapped
TOE1	TOE1	114034	official_symbol	toe1	568260	Ortholog	1	mapped
TOR1A	TOR1A	1861	official_symbol				0	no_zebrafish_ortholog
TP53	TP53	7157	official_symbol	tp53	30590	Ortholog	1	mapped
TPI1	TPI1	7167	official_symbol	tpi1b	560753	Ortholog	1	mapped
TRAF7	TRAF7	84231	official_symbol	traf7	563746	Ortholog	1	mapped
TRAK1	TRAK1	22906	official_symbol				0	no_zebrafish_ortholog
TRAPPC6B	TRAPPC6B	122553	official_symbol	trappc6b	450008	Ortholog	1	mapped
TRDN	TRDN	10345	official_symbol	trdn	100038781	Ortholog	1	mapped
TREM2	TREM2	54209	official_symbol				0	no_zebrafish_ortholog
TREX1	TREX1	11277	official_symbol				0	no_zebrafish_ortholog
TRH	TRH	7200	official_symbol	trh	266721	Ortholog	1	mapped
TRIM2	TRIM2	23321	official_symbol				0	no_zebrafish_ortholog
TRIM8	TRIM8	81603	official_symbol	trim8a	101180910	Ortholog	1	mapped
TRMT1	TRMT1	55621	official_symbol	trmt1	553298	Ortholog	1	mapped
TRMT10A	TRMT10A	93587	official_symbol	trmt10a	560222	Ortholog	1	mapped
TRPM7	TRPM7	54822	official_symbol	trpm7	280653	Ortholog	1	mapped
TSHR	TSHR	7253	official_symbol	tshr	560609	Ortholog	1	mapped
TTPA	TTPA	7274	official_symbol	ttpa	325906	Ortholog	1	mapped
TTR	TTR	7276	official_symbol	ttr	449556	Ortholog	1	mapped
TUBB3	TUBB3	10381	official_symbol				0	no_zebrafish_ortholog
TUBB6	TUBB6	84617	official_symbol	tubb6	550458	Ortholog	1	mapped
UBA1	UBA1	7317	official_symbol	uba1	406335	Ortholog	1	mapped
UBA2	UBA2	10054	official_symbol	uba2	406672	Ortholog	1	mapped
UBA5	UBA5	79876	official_symbol	uba5	386712	Ortholog	1	mapped
UBAP1	UBAP1	51271	official_symbol	ubap1	393183	Ortholog	1	mapped
UBE2T	UBE2T	29089	official_symbol	ube2t	768152	Ortholog	1	mapped
UBE3B	UBE3B	89910	official_symbol	ube3b	556864	Ortholog	1	mapped
UBQLN2	UBQLN2	29978	official_symbol				0	no_zebrafish_ortholog
UFC1	UFC1	51506	official_symbol	ufc1	445256	Ortholog	1	mapped
UFSP2	UFSP2	55325	official_symbol	ufsp2	336782	Ortholog	1	mapped
UNC13A	UNC13A	23025	official_symbol				0	no_zebrafish_ortholog
UQCRFS1	UQCRFS1	7386	official_symbol	uqcrfs1	406359	Ortholog	1	mapped
USP48	USP48	84196	official_symbol	usp48	100332674	Ortholog	1	mapped
USP8	USP8	9101	official_symbol	usp8	565434	Ortholog	1	mapped
VAPB	VAPB	9217	official_symbol	vapb	323628	Ortholog	1	mapped
VARS1	VARS1	7407	official_symbol	vars1	114427	Ortholog	1	mapped
VDR	VDR	7421	official_symbol				0	no_zebrafish_ortholog
VHL	VHL	7428	official_symbol	vhl	791202	Ortholog	1	mapped
VPS13D	VPS13D	55187	official_symbol	vps13d	567879	Ortholog	1	mapped
VPS50	VPS50	55610	official_symbol	vps50	137490581	Ortholog	1	mapped
VWA1	VWA1	64856	official_symbol				0	no_zebrafish_ortholog
WARS1	WARS1	7453	official_symbol	wars1	393745	Ortholog	1	mapped
WARS2	WARS2	10352	official_symbol	wars2	503745	Ortholog	1	mapped
WASHC5	WASHC5	9897	official_symbol	washc5	393152	Ortholog	1	mapped
WDR11	WDR11	55717	official_symbol	wdr11	558865	Ortholog	1	mapped
WDR83OS	WDR83OS	51398	official_symbol	wdr83os	393689	Ortholog	1	mapped
XRCC1	XRCC1	7515	official_symbol	xrcc1	445480	Ortholog	1	mapped
XRCC2	XRCC2	7516	official_symbol	xrcc2	553395	Ortholog	1	mapped
XYLT2	XYLT2	64132	official_symbol	xylt2	563446	Ortholog	1	mapped
YARS1	YARS1	8565	official_symbol	yars1	368235	Ortholog	1	mapped
YWHAG	YWHAG	7532	official_symbol				0	no_zebrafish_ortholog
YY1	YY1	7528	official_symbol	yy1a	322397	Ortholog	1	mapped
ZBTB16	ZBTB16	7704	official_symbol	zbtb16a	323269	Ortholog	1	mapped
ZC4H2	ZC4H2	55906	official_symbol	zc4h2	323487	Ortholog	1	mapped
ZFTA	ZFTA	65998	official_symbol				0	no_zebrafish_ortholog
ZFYVE26	ZFYVE26	23503	official_symbol	zfyve26	324565	Ortholog	1	mapped
ZNF526	ZNF526	116115	official_symbol	znf526	566071	Ortholog	1	mapped
ZNRF3	ZNRF3	84133	official_symbol	znrf3	556813	Ortholog	1	mapped
LMOD2	LMOD2	442721	official_symbol				0	no_zebrafish_ortholog
MYBPC3	MYBPC3	4607	official_symbol	mybpc3	556489	Ortholog	1	mapped
PPP1R13L	PPP1R13L	10848	official_symbol	ppp1r13l	541507	Ortholog	1	mapped
PRKAG2	PRKAG2	51422	official_symbol				0	no_zebrafish_ortholog
VCL	VCL	7414	official_symbol				0	no_zebrafish_ortholog
ACACA	ACACA	31	official_symbol	acaca	559403	Ortholog	1	mapped
ACADS	ACADS	35	official_symbol	acads	445288	Ortholog	1	mapped
ALPL	ALPL	249	official_symbol				0	no_zebrafish_ortholog
AP1S2	AP1S2	8905	official_symbol				0	no_zebrafish_ortholog
B4GALT1	B4GALT1	2683	official_symbol				0	no_zebrafish_ortholog
BAG5	BAG5	9529	official_symbol	bag5	569580	Ortholog	1	mapped
BAZ1B	BAZ1B	9031	official_symbol	baz1b	571727	Ortholog	1	mapped
BUD23	BUD23	114049	official_symbol	bud23	572367	Ortholog	1	mapped
CAP2	CAP2	10486	official_symbol	cap2	393809	Ortholog	1	mapped
CASZ1	CASZ1	54897	official_symbol	casz1	559053	Ortholog	1	mapped
CENPF	CENPF	1063	official_symbol	cenpf	497403	Ortholog	1	mapped
CISD2	CISD2	493856	official_symbol	cisd2	393354	Ortholog	1	mapped
CLIP2	CLIP2	7461	official_symbol	clip2	556406	Ortholog	1	mapped
COMP	COMP	1311	official_symbol	comp	100318854	Ortholog	1	mapped
CRIPTO	CRIPTO	6997	official_symbol				0	no_zebrafish_ortholog
CTNS	CTNS	1497	official_symbol	ctns	553594	Ortholog	1	mapped
DNM1L	DNM1L	10059	official_symbol	dnm1l	393896	Ortholog	1	mapped
DSG2	DSG2	1829	official_symbol				0	no_zebrafish_ortholog
DSP	DSP	1832	official_symbol				0	no_zebrafish_ortholog
EIF4H	EIF4H	7458	official_symbol	eif4h	402996	Ortholog	1	mapped
EPG5	EPG5	57724	official_symbol	epg5	569543	Ortholog	1	mapped
FHL2	FHL2	2274	official_symbol				0	no_zebrafish_ortholog
FKBP6	FKBP6	8468	official_symbol	fkbp6	402839	Ortholog	1	mapped
FOXH1	FOXH1	8928	official_symbol				0	no_zebrafish_ortholog
G6PC3	G6PC3	92579	official_symbol	g6pc3	790919	Ortholog	1	mapped
GABRD	GABRD	2563	official_symbol	gabrd	571422	Ortholog	1	mapped
GAS1	GAS1	2619	official_symbol				0	no_zebrafish_ortholog
GATAD1	GATAD1	57798	official_symbol	gatad1	678617	Ortholog	1	mapped
GCLC	GCLC	2729	official_symbol	gclc	326857	Ortholog	1	mapped
GET3	GET3	439	official_symbol	get3	325704	Ortholog	1	mapped
GK	GK	2710	official_symbol				0	no_zebrafish_ortholog
GLI2	GLI2	2736	official_symbol				0	no_zebrafish_ortholog
GTF2I	GTF2I	2969	official_symbol				0	no_zebrafish_ortholog
GTF2IRD2	GTF2IRD2	84163	official_symbol				0	no_zebrafish_ortholog
GYS1	GYS1	2997	official_symbol	gys1	394155	Ortholog	1	mapped
HAND2	HAND2	9464	official_symbol	hand2	58150	Ortholog	1	mapped
JPH2	JPH2	57158	official_symbol	jph2	553333	Ortholog	1	mapped
KCNAB2	KCNAB2	8514	official_symbol	kcnab2a	797337	Ortholog	1	mapped
LAMA4	LAMA4	3910	official_symbol	lama4	566796	Ortholog	1	mapped
LIMK1	LIMK1	3984	official_symbol	limk1a	735292	Ortholog	1	mapped
LMNB2	LMNB2	84823	official_symbol	lmnb2	30196	Ortholog	1	mapped
LUZP1	LUZP1	7798	official_symbol	luzp1	558606	Ortholog	1	mapped
MAN2B1	MAN2B1	4125	official_symbol	man2b1	541519	Ortholog	1	mapped
METTL27	METTL27	155368	official_symbol	mettl27	678636	Ortholog	1	mapped
MMP23B	MMP23B	8510	official_symbol	mmp23ba	101882601	Ortholog	1	mapped
MT-RNR1			not_found				0	human_gene_not_found
MYH6	MYH6	4624	official_symbol				0	no_zebrafish_ortholog
MYO18B	MYO18B	84700	official_symbol	myo18b	100331349	Ortholog	1	mapped
NCF1	NCF1	653361	official_symbol	ncf1	378966	Ortholog	1	mapped
NEXN	NEXN	91624	official_symbol	nexn	573301	Ortholog	1	mapped
NODAL	NODAL	4838	official_symbol				0	no_zebrafish_ortholog
PANK2	PANK2	80025	official_symbol				0	no_zebrafish_ortholog
PDPN	PDPN	10630	official_symbol	pdpn	564557	Ortholog	1	mapped
PGAM2	PGAM2	5224	official_symbol				0	no_zebrafish_ortholog
PLN	PLN	5350	official_symbol	pln1	555548	Ortholog	1	mapped
PPCS	PPCS	79717	official_symbol	ppcs	561272	Ortholog	1	mapped
PRDM16	PRDM16	63976	official_symbol	prdm16	796720	Ortholog	1	mapped
PRKCZ	PRKCZ	5590	official_symbol				0	no_zebrafish_ortholog
PSEN1	PSEN1	5663	official_symbol	psen1	30221	Ortholog	1	mapped
PSEN2	PSEN2	5664	official_symbol	psen2	58026	Ortholog	1	mapped
PTCH1	PTCH1	5727	official_symbol	ptch1	30189	Ortholog	1	mapped
RBM20	RBM20	282996	official_symbol	rbm20	497540	Ortholog	1	mapped
RERE	RERE	473	official_symbol	rerea	569081	Ortholog	1	mapped
RET	RET	5979	official_symbol	ret	30512	Ortholog	1	mapped
RFC2	RFC2	5982	official_symbol	rfc2	503748	Ortholog	1	mapped
RMND1	RMND1	55005	official_symbol	rmnd1	553810	Ortholog	1	mapped
ROBO3	ROBO3	64221	official_symbol	robo3	30770	Ortholog	1	mapped
RPL3L	RPL3L	6123	official_symbol				0	no_zebrafish_ortholog
SAR1B	SAR1B	51128	official_symbol	sar1b	554177	Ortholog	1	mapped
SCN5A	SCN5A	6331	official_symbol				0	no_zebrafish_ortholog
SIX3	SIX3	6496	official_symbol	six3a	30635	Ortholog	1	mapped
SPEN	SPEN	23013	official_symbol	spen	503940	Ortholog	1	mapped
STX1A	STX1A	6804	official_symbol				0	no_zebrafish_ortholog
TAF1A	TAF1A	9015	official_symbol	taf1a	567105	Ortholog	1	mapped
TBL2	TBL2	26608	official_symbol	tbl2	337068	Ortholog	1	mapped
TGIF1	TGIF1	7050	official_symbol	tgif1	321756	Ortholog	1	mapped
TKFC	TKFC	26007	official_symbol	tkfc	793926	Ortholog	1	mapped
TMEM270	TMEM270	135886	official_symbol				0	no_zebrafish_ortholog
TMPO	TMPO	7112	official_symbol	tmpoa	352907	Ortholog	1	mapped
TNNT2	TNNT2	7139	official_symbol	tnnt2a	58071	Ortholog	1	mapped
TPM1	TPM1	7168	official_symbol				0	no_zebrafish_ortholog
TXNRD2	TXNRD2	10587	official_symbol	txnrd2.2	798259	Ortholog	1	mapped
UBE4B	UBE4B	10277	official_symbol	ube4b	170784	Ortholog	1	mapped
VEZF1	VEZF1	7716	official_symbol	vezf1b	556915	Ortholog	1	mapped
VPS37D	VPS37D	155382	official_symbol				0	no_zebrafish_ortholog
WFS1	WFS1	7466	official_symbol	wfs1b	556580	Ortholog	1	mapped
XDH	XDH	7498	official_symbol	xdh	560486	Ortholog	1	mapped
ZBTB20	ZBTB20	26137	official_symbol	zbtb20	568779	Ortholog	1	mapped
ZIC2	ZIC2	7546	official_symbol	zic2a	58077	Ortholog	1	mapped
ACAA2	ACAA2	10449	official_symbol	acaa2	406325	Ortholog	1	mapped
AIFM2	AIFM2	84883	official_symbol	aifm2	557507	Ortholog	1	mapped
ATF2	ATF2	1386	official_symbol	atf2	100006516	Ortholog	1	mapped
ATG3	ATG3	64422	official_symbol	atg3	336632	Ortholog	1	mapped
ATP5IF1	ATP5IF1	93974	official_symbol	atp5if1a	100037369	Ortholog	1	mapped
BAD	BAD	572	official_symbol				0	no_zebrafish_ortholog
BAK1	BAK1	578	official_symbol				0	no_zebrafish_ortholog
BAX	BAX	581	official_symbol				0	no_zebrafish_ortholog
BBC3	BBC3	27113	official_symbol	bbc3	751763	Ortholog	1	mapped
BCL2A1	BCL2A1	597	official_symbol				0	no_zebrafish_ortholog
BCL2L1	BCL2L1	598	official_symbol	bcl2l1	114401	Ortholog	1	mapped
BCL2L10	BCL2L10	10017	official_symbol	bcl2l10	373113	Ortholog	1	mapped
BCL2L11	BCL2L11	10018	official_symbol	bcl2l11	100190951	Ortholog	1	mapped
BCL2L2	BCL2L2	599	official_symbol				0	no_zebrafish_ortholog
BID	BID	637	official_symbol				0	no_zebrafish_ortholog
BIK	BIK	638	official_symbol				0	no_zebrafish_ortholog
BLOC1S2	BLOC1S2	282991	official_symbol	bloc1s2	606665	Ortholog	1	mapped
BMF	BMF	90427	official_symbol	bmf2	751764	Ortholog	1	mapped
BNIP3	BNIP3	664	official_symbol	bnip3	336116	Ortholog	1	mapped
BNIP3L	BNIP3L	665	official_symbol				0	no_zebrafish_ortholog
BOK	BOK	666	official_symbol	boka	445218	Ortholog	1	mapped
CAMK2A	CAMK2A	815	official_symbol				0	no_zebrafish_ortholog
CASP1	CASP1	834	official_symbol				0	no_zebrafish_ortholog
CASP6	CASP6	839	official_symbol				0	no_zebrafish_ortholog
CCAR2	CCAR2	57805	official_symbol				0	no_zebrafish_ortholog
CLU	CLU	1191	official_symbol	clu	393775	Ortholog	1	mapped
DAP3	DAP3	7818	official_symbol	dap3	559007	Ortholog	1	mapped
EYA2	EYA2	2139	official_symbol	eya2	447819	Ortholog	1	mapped
FAM162A	FAM162A	26355	official_symbol	fam162a	336363	Ortholog	1	mapped
FIS1	FIS1	51024	official_symbol	fis1	797988	Ortholog	1	mapped
FMC1	FMC1	154791	official_symbol	fmc1	100330660	Ortholog	1	mapped
GCLM	GCLM	2730	official_symbol	gclm	333974	Ortholog	1	mapped
GGCT	GGCT	79017	official_symbol				0	no_zebrafish_ortholog
GHITM	GHITM	27069	official_symbol	ghitm	393563	Ortholog	1	mapped
GPER1	GPER1	2852	official_symbol	gper1	565271	Ortholog	1	mapped
GSK3A	GSK3A	2931	official_symbol	gsk3ab	30664	Ortholog	1	mapped
GSK3B	GSK3B	2932	official_symbol	gsk3ba	30654	Ortholog	1	mapped
GZMK	GZMK	3003	official_symbol				0	no_zebrafish_ortholog
HGF	HGF	3082	official_symbol				0	no_zebrafish_ortholog
HIGD1A	HIGD1A	25994	official_symbol				0	no_zebrafish_ortholog
HIP1R	HIP1R	9026	official_symbol	hip1ra	103910581	Ortholog	1	mapped
HK2	HK2	3099	official_symbol	hk2	406339	Ortholog	1	mapped
HRK	HRK	8739	official_symbol				0	no_zebrafish_ortholog
HSPA1A	HSPA1A	3303	official_symbol				0	no_zebrafish_ortholog
IER3	IER3	8870	official_symbol	ier3	568780	Ortholog	1	mapped
IFI6	IFI6	2537	official_symbol				0	no_zebrafish_ortholog
IFIT2	IFIT2	3433	official_symbol				0	no_zebrafish_ortholog
JTB	JTB	10899	official_symbol	jtb	560832	Ortholog	1	mapped
LRRK2	LRRK2	120892	official_symbol	lrrk2	559366	Ortholog	1	mapped
MCL1	MCL1	4170	official_symbol				0	no_zebrafish_ortholog
MIR17	MIR17	406952	official_symbol				0	no_zebrafish_ortholog
MIR29A	MIR29A	407021	official_symbol				0	no_zebrafish_ortholog
MIR29B1	MIR29B1	407024	official_symbol				0	no_zebrafish_ortholog
MIR29C	MIR29C	407026	official_symbol				0	no_zebrafish_ortholog
MLLT11	MLLT11	10962	official_symbol	mllt11	563531	Ortholog	1	mapped
MMP9	MMP9	4318	official_symbol	mmp9	406397	Ortholog	1	mapped
MOAP1	MOAP1	64112	official_symbol				0	no_zebrafish_ortholog
MPV17L	MPV17L	255027	official_symbol	mpv17l	563178	Ortholog	1	mapped
MTCH2	MTCH2	23788	official_symbol	mtch2	30655	Ortholog	1	mapped
MUL1	MUL1	79594	official_symbol	mul1	100004181	Ortholog	1	mapped
NAIF1	NAIF1	203245	official_symbol	naif1	562755	Ortholog	1	mapped
NOL3	NOL3	8996	official_symbol				0	no_zebrafish_ortholog
NPTX1	NPTX1	4884	official_symbol	nptx1l	405872	Ortholog	1	mapped
PARL	PARL	55486	official_symbol				0	no_zebrafish_ortholog
PIM2	PIM2	11040	official_symbol				0	no_zebrafish_ortholog
PINK1	PINK1	65018	official_symbol	pink1	494085	Ortholog	1	mapped
PLAUR	PLAUR	5329	official_symbol				0	no_zebrafish_ortholog
PLSCR3	PLSCR3	57048	official_symbol				0	no_zebrafish_ortholog
PMAIP1	PMAIP1	5366	official_symbol	pmaip1	751765	Ortholog	1	mapped
PPM1K	PPM1K	152926	official_symbol	ppm1kb	503713	Ortholog	1	mapped
PPP2CB	PPP2CB	5516	official_symbol	ppp2cb	406582	Ortholog	1	mapped
PRELID1	PRELID1	27166	official_symbol	prelid1a	393337	Ortholog	1	mapped
PRKN	PRKN	5071	official_symbol	prkn	550328	Ortholog	1	mapped
PSMD10	PSMD10	5716	official_symbol	psmd10	403085	Ortholog	1	mapped
PTPMT1	PTPMT1	114971	official_symbol	ptpmt1	567019	Ortholog	1	mapped
PYCARD	PYCARD	29108	official_symbol				0	no_zebrafish_ortholog
RHOT1	RHOT1	55288	official_symbol				0	no_zebrafish_ortholog
RHOT2	RHOT2	89941	official_symbol	rhot2	557574	Ortholog	1	mapped
RTL10	RTL10	79680	official_symbol				0	no_zebrafish_ortholog
SFN	SFN	2810	official_symbol				0	no_zebrafish_ortholog
SIVA1	SIVA1	10572	official_symbol	siva1	571845	Ortholog	1	mapped
SLC25A5	SLC25A5	292	official_symbol	slc25a5	192321	Ortholog	1	mapped
SLC35F6	SLC35F6	54978	official_symbol	slc35f6	436832	Ortholog	1	mapped
SMAD3	SMAD3	4088	official_symbol				0	no_zebrafish_ortholog
SOD2	SOD2	6648	official_symbol	sod2	335799	Ortholog	1	mapped
STPG1	STPG1	90529	official_symbol	stpg1	100002345	Ortholog	1	mapped
THEM4	THEM4	117145	official_symbol				0	no_zebrafish_ortholog
TMEM102	TMEM102	284114	official_symbol				0	no_zebrafish_ortholog
TMEM14A	TMEM14A	28978	official_symbol				0	no_zebrafish_ortholog
TNFSF10	TNFSF10	8743	official_symbol	tnfsf10	436866	Ortholog	1	mapped
TRIAP1	TRIAP1	51499	official_symbol	triap1	550367	Ortholog	1	mapped
VDAC2	VDAC2	7417	official_symbol				0	no_zebrafish_ortholog
VPS35	VPS35	55737	official_symbol	vps35	561697	Ortholog	1	mapped
ZNF205	ZNF205	7755	official_symbol				0	no_zebrafish_ortholog
ABI2	ABI2	10152	official_symbol	abi2a	767646	Ortholog	1	mapped
ADCY10	ADCY10	55811	official_symbol				0	no_zebrafish_ortholog
AMBRA1	AMBRA1	55626	official_symbol	ambra1a	100332642	Ortholog	1	mapped
ARFIP2	ARFIP2	23647	official_symbol				0	no_zebrafish_ortholog
ARHGAP26	ARHGAP26	23092	official_symbol				0	no_zebrafish_ortholog
ATG10	ATG10	83734	official_symbol	atg10	641330	Ortholog	1	mapped
ATG12	ATG12	9140	official_symbol	atg12	570965	Ortholog	1	mapped
ATG13	ATG13	9776	official_symbol	atg13	393405	Ortholog	1	mapped
ATG14	ATG14	22863	official_symbol	atg14	407686	Ortholog	1	mapped
ATG2A	ATG2A	23130	official_symbol	atg2a	101883461	Ortholog	1	mapped
ATG2B	ATG2B	55102	official_symbol	atg2b	100000277	Ortholog	1	mapped
ATG4A	ATG4A	115201	official_symbol	atg4a	554140	Ortholog	1	mapped
ATG4B	ATG4B	23192	official_symbol	atg4b	448859	Ortholog	1	mapped
ATG4C	ATG4C	84938	official_symbol	atg4c	415193	Ortholog	1	mapped
ATG4D	ATG4D	84971	official_symbol	atg4da	795933	Ortholog	1	mapped
ATG5	ATG5	9474	official_symbol	atg5	494180	Ortholog	1	mapped
ATG9A	ATG9A	79065	official_symbol	atg9a	100009663	Ortholog	1	mapped
ATG9B	ATG9B	285973	official_symbol	atg9b	791223	Ortholog	1	mapped
BCL2L13	BCL2L13	23786	official_symbol				0	no_zebrafish_ortholog
BECN1	BECN1	8678	official_symbol	becn1	393846	Ortholog	1	mapped
BECN2	BECN2	441925	official_symbol				0	no_zebrafish_ortholog
CAMKK2	CAMKK2	10645	official_symbol				0	no_zebrafish_ortholog
CDC37	CDC37	11140	official_symbol	cdc37	394013	Ortholog	1	mapped
CERS1	CERS1	10715	official_symbol	cers1	568169	Ortholog	1	mapped
CLEC16A	CLEC16A	23274	official_symbol	clec16a	393184	Ortholog	1	mapped
CSNK2A2	CSNK2A2	1459	official_symbol	csnk2a2b	556379	Ortholog	1	mapped
CTSK	CTSK	1513	official_symbol				0	no_zebrafish_ortholog
CTTN	CTTN	2017	official_symbol	cttn	445561	Ortholog	1	mapped
CUL1	CUL1	8454	official_symbol	cul1b	406816	Ortholog	1	mapped
DELE1	DELE1	9812	official_symbol	dele1	790941	Ortholog	1	mapped
EIF2AK1	EIF2AK1	27102	official_symbol	eif2ak1	565338	Ortholog	1	mapped
EIF2S1	EIF2S1	1965	official_symbol	eif2s1b	321564	Ortholog	1	mapped
FBXO7	FBXO7	25793	official_symbol	fbxo7	558097	Ortholog	1	mapped
FBXW7	FBXW7	55294	official_symbol	fbxw7	564991	Ortholog	1	mapped
FKBP8	FKBP8	23770	official_symbol	fkbp8	393858	Ortholog	1	mapped
FUNDC1	FUNDC1	139341	official_symbol	fundc1	436984	Ortholog	1	mapped
FUNDC2	FUNDC2	65991	official_symbol	fundc2	792181	Ortholog	1	mapped
FZD5	FZD5	7855	official_symbol	fzd5	30364	Ortholog	1	mapped
GABARAP	GABARAP	11337	official_symbol	gabarapb	793200	Ortholog	1	mapped
GABARAPL1	GABARAPL1	23710	official_symbol				0	no_zebrafish_ortholog
GABARAPL2	GABARAPL2	11345	official_symbol	gabarapl2	403036	Ortholog	1	mapped
GABARAPL3	GABARAPL3	23766	official_symbol				0	no_zebrafish_ortholog
GBA1	GBA1	2629	official_symbol	gba1	559072	Ortholog	1	mapped
HAX1	HAX1	10456	official_symbol	hax1	436609	Ortholog	1	mapped
HDAC6	HDAC6	10013	official_symbol	hdac6	565482	Ortholog	1	mapped
HTRA2	HTRA2	27429	official_symbol				0	no_zebrafish_ortholog
HUWE1	HUWE1	10075	official_symbol	huwe1	559439	Ortholog	1	mapped
IRGM	IRGM	345611	official_symbol				0	no_zebrafish_ortholog
LRBA	LRBA	987	official_symbol	lrba	562379	Ortholog	1	mapped
MAP1LC3A	MAP1LC3A	84557	official_symbol	map1lc3a	406466	Ortholog	1	mapped
MAP1LC3B	MAP1LC3B	81631	official_symbol	map1lc3b	322425	Ortholog	1	mapped
MAP1LC3B2	MAP1LC3B2	643246	official_symbol				0	no_zebrafish_ortholog
MAP1LC3C	MAP1LC3C	440738	official_symbol	map1lc3c	393268	Ortholog	1	mapped
MARK2	MARK2	2011	official_symbol	mark2b	100005996	Ortholog	1	mapped
NIPSNAP1	NIPSNAP1	8508	official_symbol				0	no_zebrafish_ortholog
NIPSNAP2	NIPSNAP2	2631	official_symbol	nipsnap2	30232	Ortholog	1	mapped
NIPSNAP3A	NIPSNAP3A	25934	official_symbol				0	no_zebrafish_ortholog
NIPSNAP3B	NIPSNAP3B	55335	official_symbol				0	no_zebrafish_ortholog
OGT	OGT	8473	official_symbol				0	no_zebrafish_ortholog
PARK7	PARK7	11315	official_symbol	park7	449674	Ortholog	1	mapped
PHB2	PHB2	11331	official_symbol				0	no_zebrafish_ortholog
PPTC7	PPTC7	160760	official_symbol				0	no_zebrafish_ortholog
RB1CC1	RB1CC1	9821	official_symbol	rb1cc1	100332174	Ortholog	1	mapped
RBX1	RBX1	9978	official_symbol	rbx1	449846	Ortholog	1	mapped
RIMOC1	RIMOC1	285636	official_symbol	rimoc1	325885	Ortholog	1	mapped
RNF41	RNF41	10193	official_symbol	rnf41	406837	Ortholog	1	mapped
SKP1	SKP1	6500	official_symbol	skp1	393716	Ortholog	1	mapped
SNX30	SNX30	401548	official_symbol	snx30	550496	Ortholog	1	mapped
SNX7	SNX7	51375	official_symbol	snx7	431776	Ortholog	1	mapped
SPATA18	SPATA18	132671	official_symbol	spata18	497395	Ortholog	1	mapped
SPATA33	SPATA33	124045	official_symbol				0	no_zebrafish_ortholog
SREBF1	SREBF1	6720	official_symbol	srebf1	793274	Ortholog	1	mapped
SREBF2	SREBF2	6721	official_symbol	srebf2	100037309	Ortholog	1	mapped
STUB1	STUB1	10273	official_symbol	stub1	324243	Ortholog	1	mapped
TIGAR	TIGAR	57103	official_symbol				0	no_zebrafish_ortholog
TIMM23	TIMM23	100287932	official_symbol				0	no_zebrafish_ortholog
TOMM7	TOMM7	54543	official_symbol	tomm7	751649	Ortholog	1	mapped
TSC2	TSC2	7249	official_symbol	tsc2	567524	Ortholog	1	mapped
TSPO	TSPO	706	official_symbol	tspo	450011	Ortholog	1	mapped
UBE2A	UBE2A	7319	official_symbol	ube2a	797853	Ortholog	1	mapped
UBXN6	UBXN6	80700	official_symbol	ubxn6	554960	Ortholog	1	mapped
ULK1	ULK1	8408	official_symbol	ulk1b	558848	Ortholog	1	mapped
ULK2	ULK2	9706	official_symbol	ulk2	100329702	Ortholog	1	mapped
ULK3	ULK3	25989	official_symbol	ulk3	100037316	Ortholog	1	mapped
USP30	USP30	84749	official_symbol	usp30	559099	Ortholog	1	mapped
USP36	USP36	57602	official_symbol				0	no_zebrafish_ortholog
VDAC1	VDAC1	7416	official_symbol	vdac1	334582	Ortholog	1	mapped
VPS13C	VPS13C	54832	official_symbol	vps13c	798746	Ortholog	1	mapped
WDR45	WDR45	11152	official_symbol	wdr45	393200	Ortholog	1	mapped
WDR45B	WDR45B	56270	official_symbol	wdr45b	393210	Ortholog	1	mapped
WIPI1	WIPI1	55062	official_symbol				0	no_zebrafish_ortholog
WIPI2	WIPI2	26100	official_symbol	wipi2	437002	Ortholog	1	mapped
AP3B1	AP3B1	8546	official_symbol	ap3b1a	563316	Ortholog	1	mapped
CALM3	CALM3	808	official_symbol	calm3a	327379	Ortholog	1	mapped
COX18	COX18	285521	official_symbol	cox18	100000948	Ortholog	1	mapped
MAIP1	MAIP1	79568	official_symbol	maip1	552941	Ortholog	1	mapped
MTCH1	MTCH1	23787	official_symbol				0	no_zebrafish_ortholog
MTX1	MTX1	4580	official_symbol				0	no_zebrafish_ortholog
MTX2	MTX2	10651	official_symbol	mtx2	286741	Ortholog	1	mapped
MTX3	MTX3	345778	official_symbol	mtx3	402916	Ortholog	1	mapped
OXA1L	OXA1L	5018	official_symbol	oxa1l	562963	Ortholog	1	mapped
ROMO1	ROMO1	140823	official_symbol	romo1	393770	Ortholog	1	mapped
SAMM50	SAMM50	25813	official_symbol	samm50	393111	Ortholog	1	mapped
TIMM10	TIMM10	26519	official_symbol	timm10	436951	Ortholog	1	mapped
TIMM10B	TIMM10B	26515	official_symbol	timm10b	550527	Ortholog	1	mapped
TIMM13	TIMM13	26517	official_symbol	timm13	436738	Ortholog	1	mapped
TIMM29	TIMM29	90580	official_symbol	timm29	553583	Ortholog	1	mapped
TIMM8A	TIMM8A	1678	official_symbol	timm8a	445243	Ortholog	1	mapped
TIMM8B	TIMM8B	26521	official_symbol	timm8b	793663	Ortholog	1	mapped
TIMM9	TIMM9	26520	official_symbol	timm9	282678	Ortholog	1	mapped
TMEM126A	TMEM126A	84233	official_symbol				0	no_zebrafish_ortholog
TOMM20	TOMM20	9804	official_symbol	tomm20a	406309	Ortholog	1	mapped
TOMM22	TOMM22	56993	official_symbol	tomm22	321232	Ortholog	1	mapped
TOMM40	TOMM40	10452	official_symbol				0	no_zebrafish_ortholog
TOMM5	TOMM5	401505	official_symbol	tomm5	497181	Ortholog	1	mapped
TOMM6	TOMM6	100188893	official_symbol	tomm6	100001229	Ortholog	1	mapped
TOMM70	TOMM70	9868	official_symbol	tomm70	572969	Ortholog	1	mapped
TRMT10B	TRMT10B	158234	official_symbol	trmt10b	768135	Ortholog	1	mapped
ADPGK	ADPGK	83440	official_symbol	adpgk	557919	Ortholog	1	mapped
ENO1	ENO1	2023	official_symbol				0	no_zebrafish_ortholog
ENO2	ENO2	2026	official_symbol				0	no_zebrafish_ortholog
ENO3	ENO3	2027	official_symbol	eno3	378963	Ortholog	1	mapped
FOXK1	FOXK1	221937	official_symbol	foxk1	334470	Ortholog	1	mapped
FOXK2	FOXK2	3607	official_symbol				0	no_zebrafish_ortholog
GALK1	GALK1	2584	official_symbol	galk1	449829	Ortholog	1	mapped
GAPDH	GAPDH	2597	official_symbol	gapdh	317743	Ortholog	1	mapped
HK3	HK3	3101	official_symbol				0	no_zebrafish_ortholog
PFKFB1	PFKFB1	5207	official_symbol				0	no_zebrafish_ortholog
PFKL	PFKL	5211	official_symbol				0	no_zebrafish_ortholog
PFKP	PFKP	5214	official_symbol				0	no_zebrafish_ortholog
PGAM1	PGAM1	5223	official_symbol				0	no_zebrafish_ortholog
PGK2	PGK2	5232	official_symbol				0	no_zebrafish_ortholog
PKM	PKM	5315	official_symbol				0	no_zebrafish_ortholog
PPP2CA	PPP2CA	5515	official_symbol	ppp2cab	393885	Ortholog	1	mapped
ABCC1	ABCC1	4363	official_symbol	abcc1	100002010	Ortholog	1	mapped
APOA4	APOA4	337	official_symbol				0	no_zebrafish_ortholog
CAT	CAT	847	official_symbol	cat	30068	Ortholog	1	mapped
CYBA	CYBA	1535	official_symbol	cyba	393551	Ortholog	1	mapped
CYBB	CYBB	1536	official_symbol	cybb	393386	Ortholog	1	mapped
CYP1A1	CYP1A1	1543	official_symbol	cyp1a	140634	Ortholog	1	mapped
CYP1A2	CYP1A2	1544	official_symbol				0	no_zebrafish_ortholog
DUOX1	DUOX1	53905	official_symbol	duox	565097	Ortholog	1	mapped
DUOX2	DUOX2	50506	official_symbol				0	no_zebrafish_ortholog
DUOXA1	DUOXA1	90527	official_symbol				0	no_zebrafish_ortholog
DUOXA2	DUOXA2	405753	official_symbol				0	no_zebrafish_ortholog
EPX	EPX	8288	official_symbol				0	no_zebrafish_ortholog
FYN	FYN	2534	official_symbol	fynb	574422	Ortholog	1	mapped
GPX3	GPX3	2878	official_symbol	gpx3	798788	Ortholog	1	mapped
HBA1	HBA1	3039	official_symbol				0	no_zebrafish_ortholog
HBA2	HBA2	3040	official_symbol				0	no_zebrafish_ortholog
HBB	HBB	3043	official_symbol				0	no_zebrafish_ortholog
HP	HP	3240	official_symbol				0	no_zebrafish_ortholog
LPO	LPO	4025	official_symbol				0	no_zebrafish_ortholog
MAOB	MAOB	4129	official_symbol	maoa	404730	Ortholog	1	mapped
MPO	MPO	4353	official_symbol				0	no_zebrafish_ortholog
MT3	MT3	4504	official_symbol				0	no_zebrafish_ortholog
NOX1	NOX1	27035	official_symbol	nox1	555604	Ortholog	1	mapped
NOXA1	NOXA1	10811	official_symbol	noxa1	556318	Ortholog	1	mapped
NOXO1	NOXO1	124056	official_symbol				0	no_zebrafish_ortholog
PRDX1	PRDX1	5052	official_symbol				0	no_zebrafish_ortholog
PRDX2	PRDX2	7001	official_symbol	prdx2	791455	Ortholog	1	mapped
PRDX3	PRDX3	10935	official_symbol	prdx3	373079	Ortholog	1	mapped
PRDX4	PRDX4	10549	official_symbol	prdx4	570477	Ortholog	1	mapped
PRDX5	PRDX5	25824	official_symbol	prdx5	554105	Ortholog	1	mapped
PRDX6	PRDX6	9588	official_symbol	prdx6	393778	Ortholog	1	mapped
PXDN	PXDN	7837	official_symbol	pxdn	100332937	Ortholog	1	mapped
PXDNL	PXDNL	137902	official_symbol				0	no_zebrafish_ortholog
RAC1	RAC1	5879	official_symbol				0	no_zebrafish_ortholog
RAC2	RAC2	5880	official_symbol	rac2	415151	Ortholog	1	mapped
SNCA	SNCA	6622	official_symbol				0	no_zebrafish_ortholog
TPO	TPO	7173	official_symbol	tpo	569363	Ortholog	1	mapped
TXN	TXN	7295	official_symbol				0	no_zebrafish_ortholog
MPC1	MPC1	51660	official_symbol	mpc1	436671	Ortholog	1	mapped
MPC1L	MPC1L	347411	official_symbol				0	no_zebrafish_ortholog
MPC2	MPC2	25874	official_symbol	mpc2b	321611	Ortholog	1	mapped
SFXN1	SFXN1	94081	official_symbol				0	no_zebrafish_ortholog
SFXN2	SFXN2	118980	official_symbol	sfxn2	334757	Ortholog	1	mapped
SFXN3	SFXN3	81855	official_symbol				0	no_zebrafish_ortholog
SLC25A38	SLC25A38	54977	official_symbol				0	no_zebrafish_ortholog
ARMC1	ARMC1	55156	official_symbol	armc1	494066	Ortholog	1	mapped
BHLHA15	BHLHA15	168620	official_symbol	bhlha15	777671	Ortholog	1	mapped
CLUH	CLUH	23277	official_symbol	cluha	562666	Ortholog	1	mapped
KAT2A	KAT2A	2648	official_symbol	kat2a	555517	Ortholog	1	mapped
SLC25A31	SLC25A31	83447	official_symbol				0	no_zebrafish_ortholog
SLC25A41	SLC25A41	284427	official_symbol				0	no_zebrafish_ortholog
SLC25A6	SLC25A6	293	official_symbol				0	no_zebrafish_ortholog
SLC25A23	SLC25A23	79085	official_symbol				0	no_zebrafish_ortholog
ANXA6	ANXA6	309	official_symbol	anxa6	353363	Ortholog	1	mapped
DISC1	DISC1	27185	official_symbol	disc1	407621	Ortholog	1	mapped
FATE1	FATE1	89885	official_symbol				0	no_zebrafish_ortholog
IMMT	IMMT	10989	official_symbol	immt	327206	Ortholog	1	mapped
LETM1	LETM1	3954	official_symbol	letm1	570745	Ortholog	1	mapped
MCU	MCU	90550	official_symbol	mcu	768182	Ortholog	1	mapped
MCUR1	MCUR1	63933	official_symbol	mcur1	550408	Ortholog	1	mapped
MICU2	MICU2	221154	official_symbol	micu2	548335	Ortholog	1	mapped
MICU3	MICU3	286097	official_symbol				0	no_zebrafish_ortholog
PDZD8	PDZD8	118987	official_symbol	pdzd8	561279	Ortholog	1	mapped
RAP1GDS1	RAP1GDS1	5910	official_symbol	rap1gds1	100334870	Ortholog	1	mapped
SLC25A27	SLC25A27	9481	official_symbol	slc25a27	393312	Ortholog	1	mapped
SLC8B1	SLC8B1	80024	official_symbol	slc8b1	560601	Ortholog	1	mapped
SMDT1	SMDT1	91689	official_symbol	smdt1a	137490269	Ortholog	1	mapped
TGM2	TGM2	7052	official_symbol	tgm2a	447909	Ortholog	1	mapped
HSPA9	HSPA9	3313	official_symbol	hspa9	373085	Ortholog	1	mapped
LETM2	LETM2	137994	official_symbol	letm2	100006201	Ortholog	1	mapped
UCP2	UCP2	7351	official_symbol				0	no_zebrafish_ortholog
ABL1	ABL1	25	official_symbol	abl1	100000720	Ortholog	1	mapped
ALB	ALB	213	official_symbol				0	no_zebrafish_ortholog
DCN	DCN	1634	official_symbol	dcn	64698	Ortholog	1	mapped
GOT1	GOT1	2805	official_symbol	got1	406330	Ortholog	1	mapped
HSH2D	HSH2D	84941	official_symbol	hsh2d	548337	Ortholog	1	mapped
KCNQ3	KCNQ3	3786	official_symbol	kcnq3	799747	Ortholog	1	mapped
KDR	KDR	3791	official_symbol	kdr	554230	Ortholog	1	mapped
P2RX7	P2RX7	5027	official_symbol				0	no_zebrafish_ortholog
PARP1	PARP1	142	official_symbol	parp1	560788	Ortholog	1	mapped
PPP2R3C	PPP2R3C	55012	official_symbol	ppp2r3c	393100	Ortholog	1	mapped
RACK1	RACK1	10399	official_symbol	rack1	30722	Ortholog	1	mapped
SRC	SRC	6714	official_symbol	src	325084	Ortholog	1	mapped
COX4I2	COX4I2	84701	official_symbol	cox4i2	393776	Ortholog	1	mapped
COX5B	COX5B	1329	official_symbol				0	no_zebrafish_ortholog
COX6C	COX6C	1345	official_symbol	cox6c	494577	Ortholog	1	mapped
COX7A1	COX7A1	1346	official_symbol				0	no_zebrafish_ortholog
COX7A2	COX7A2	1347	official_symbol				0	no_zebrafish_ortholog
COX7A2L	COX7A2L	9167	official_symbol	cox7a2l	335751	Ortholog	1	mapped
COX7A2P2	COX7A2P2	1348	official_symbol				0	no_zebrafish_ortholog
COX7B	COX7B	1349	official_symbol	cox7b	563476	Ortholog	1	mapped
COX7B2	COX7B2	170712	official_symbol				0	no_zebrafish_ortholog
COX7C	COX7C	1350	official_symbol	cox7c	336118	Ortholog	1	mapped
COX8A	COX8A	1351	official_symbol	cox8a	557348	Ortholog	1	mapped
COX8C	COX8C	341947	official_symbol				0	no_zebrafish_ortholog
CYCS	CYCS	54205	official_symbol	cycsb	415158	Ortholog	1	mapped
MTCO2P12	MTCO2P12	107075310	official_symbol				0	no_zebrafish_ortholog
COQ9	COQ9	57017	official_symbol	coq9	567716	Ortholog	1	mapped
DLD	DLD	1738	official_symbol	dld	399479	Ortholog	1	mapped
DNAJC15	DNAJC15	29103	official_symbol	dnajc15	445082	Ortholog	1	mapped
MIR210	MIR210	406992	official_symbol				0	no_zebrafish_ortholog
NDUFA3	NDUFA3	4696	official_symbol	ndufa3	445122	Ortholog	1	mapped
NDUFA4L2	COXFA4L2	56901	synonym	coxfa4l2	141386390	Ortholog	1	mapped
NDUFA5	NDUFA5	4698	official_symbol	ndufa5	541328	Ortholog	1	mapped
NDUFA7	NDUFA7	4701	official_symbol	ndufa7	445042	Ortholog	1	mapped
NDUFAB1	NDUFAB1	4706	official_symbol				0	no_zebrafish_ortholog
NDUFB1	NDUFB1	4707	official_symbol	ndufb1	100535765	Ortholog	1	mapped
NDUFB2	NDUFB2	4708	official_symbol	ndufb2	393764	Ortholog	1	mapped
NDUFB4	NDUFB4	4710	official_symbol	ndufb4	406306	Ortholog	1	mapped
NDUFB5	NDUFB5	4711	official_symbol	ndufb5	797063	Ortholog	1	mapped
NDUFB6	NDUFB6	4712	official_symbol	ndufb6	393781	Ortholog	1	mapped
NDUFC1	NDUFC1	4717	official_symbol	ndufc1	100000992	Ortholog	1	mapped
NDUFC2-KCTD14	NDUFC2-KCTD14	100532726	official_symbol				0	no_zebrafish_ortholog
NDUFS5	NDUFS5	4725	official_symbol	ndufs5	553660	Ortholog	1	mapped
NDUFV3	NDUFV3	4731	official_symbol	ndufv3	100537318	Ortholog	1	mapped
SDHAF2	SDHAF2	54949	official_symbol	sdhaf2	569482	Ortholog	1	mapped
SDHC	SDHC	6391	official_symbol	sdhc	445129	Ortholog	1	mapped
UQCR10	UQCR10	29796	official_symbol	uqcr10	100333064	Ortholog	1	mapped
UQCR11	UQCR11	10975	official_symbol	uqcr11	100333135	Ortholog	1	mapped
UQCRC1	UQCRC1	7384	official_symbol	uqcrc1	393793	Ortholog	1	mapped
UQCRC2	UQCRC2	7385	official_symbol	uqcrc2b	322549	Ortholog	1	mapped
UQCRFS1P1	UQCRFS1P1	100128525	official_symbol				0	no_zebrafish_ortholog
UQCRHL	UQCRHL	440567	official_symbol				0	no_zebrafish_ortholog
AURKA	AURKA	6790	official_symbol	aurka	445246	Ortholog	1	mapped
C11orf65	C11orf65	160140	official_symbol	gb:co360592	558891	Ortholog	1	mapped
CYRIB	CYRIB	51571	official_symbol	cyribb	404610	Ortholog	1	mapped
MARCHF5	MARCHF5	54708	official_symbol	marchf5	561952	Ortholog	1	mapped
MIEF1	MIEF1	54471	official_symbol	mief1	564985	Ortholog	1	mapped
MIURF	MIURF	127898561	official_symbol				0	no_zebrafish_ortholog
MTFP1	MTFP1	51537	official_symbol	mtfp1	393659	Ortholog	1	mapped
MTFR1	MTFR1	9650	official_symbol	mtfr1	494035	Ortholog	1	mapped
MTFR1L	MTFR1L	56181	official_symbol	mtfr1l	334296	Ortholog	1	mapped
MTFR2	MTFR2	113115	official_symbol	mtfr2	768141	Ortholog	1	mapped
MYO19	MYO19	80179	official_symbol	myo19	562279	Ortholog	1	mapped
PGAM5	PGAM5	192111	official_symbol	pgam5	492357	Ortholog	1	mapped
RALA	RALA	5898	official_symbol	ralaa	393993	Ortholog	1	mapped
RALBP1	RALBP1	10928	official_symbol	ralbp1	404612	Ortholog	1	mapped
SPIRE1	SPIRE1	56907	official_symbol				0	no_zebrafish_ortholog
STAT2	STAT2	6773	official_symbol				0	no_zebrafish_ortholog
TMEM135	TMEM135	65084	official_symbol	tmem135	568244	Ortholog	1	mapped
ADCK1	ADCK1	57143	official_symbol	adck1	100144553	Ortholog	1	mapped
CHCHD3	CHCHD3	54927	official_symbol	chchd3a	407730	Ortholog	1	mapped
MFN1	MFN1	55669	official_symbol				0	no_zebrafish_ortholog
MIGA1	MIGA1	374986	official_symbol	miga1	450070	Ortholog	1	mapped
MIGA2	MIGA2	84895	official_symbol	miga2	541431	Ortholog	1	mapped
NME3	NME3	4832	official_symbol	nme3	30085	Ortholog	1	mapped
OMA1	OMA1	115209	official_symbol	oma1	100331186	Ortholog	1	mapped
PID1	PID1	55022	official_symbol	pid1	541377	Ortholog	1	mapped
PLD6	PLD6	201164	official_symbol	pld6	567338	Ortholog	1	mapped
RCC1L	RCC1L	81554	official_symbol	rcc1l	555972	Ortholog	1	mapped
STOML2	STOML2	30968	official_symbol	stoml2	394006	Ortholog	1	mapped
TFRC	TFRC	7037	official_symbol				0	no_zebrafish_ortholog
THG1L	THG1L	54974	official_symbol	thg1l	492814	Ortholog	1	mapped
TRABD	TRABD	80305	official_symbol	trabd	322581	Ortholog	1	mapped
VAT1	VAT1	10493	official_symbol	vat1	368752	Ortholog	1	mapped
ALKBH7	ALKBH7	84266	official_symbol	alkbh7	550272	Ortholog	1	mapped
APOO	APOO	79135	official_symbol	apooa	641319	Ortholog	1	mapped
APOOL	APOOL	139322	official_symbol				0	no_zebrafish_ortholog
ARHGAP11B	ARHGAP11B	89839	official_symbol				0	no_zebrafish_ortholog
CHCHD6	CHCHD6	84303	official_symbol				0	no_zebrafish_ortholog
CIBAR1	CIBAR1	137392	official_symbol	cibar1	445210	Ortholog	1	mapped
CLN8	CLN8	2055	official_symbol	cln8	100136870	Ortholog	1	mapped
DNAJC11	DNAJC11	55735	official_symbol				0	no_zebrafish_ortholog
MICOS10	MICOS10	440574	official_symbol	micos10	751699	Ortholog	1	mapped
SLC9A1	SLC9A1	6548	official_symbol				0	no_zebrafish_ortholog
TMEM11	TMEM11	8834	official_symbol	tmem11	407695	Ortholog	1	mapped
ATP23	ATP23	91419	official_symbol	atp23	100004177	Ortholog	1	mapped
ATPAF1	ATPAF1	64756	official_symbol	atpaf1	550606	Ortholog	1	mapped
TMEM242	TMEM242	729515	official_symbol	tmem242	569632	Ortholog	1	mapped
HIGD1B	HIGD1B	51751	official_symbol				0	no_zebrafish_ortholog
HIGD1C	HIGD1C	613227	official_symbol				0	no_zebrafish_ortholog
HIGD2A	HIGD2A	192286	official_symbol	higd2a	550334	Ortholog	1	mapped
HIGD2B	HIGD2B	123346	official_symbol				0	no_zebrafish_ortholog
RAB5IF	RAB5IF	55969	official_symbol	rab5if	334006	Ortholog	1	mapped
STMP1	STMP1	647087	official_symbol	stmp1	100170826	Ortholog	1	mapped
CEP89	CEP89	84902	official_symbol	cep89	393852	Ortholog	1	mapped
CHCHD4	CHCHD4	131474	official_symbol				0	no_zebrafish_ortholog
CHCHD7	CHCHD7	79145	official_symbol	chchd7	561510	Ortholog	1	mapped
CMC1	CMC1	152100	official_symbol	cmc1	406630	Ortholog	1	mapped
COA1	COA1	55744	official_symbol	coa1	108179075	Ortholog	1	mapped
COA4	COA4	51287	official_symbol				0	no_zebrafish_ortholog
COX11	COX11	1353	official_symbol	cox11	100005158	Ortholog	1	mapped
COX14	COX14	84987	official_symbol	cox14	568423	Ortholog	1	mapped
COX17	COX17	10063	official_symbol	cox17	447914	Ortholog	1	mapped
COX19	COX19	90639	official_symbol	cox19	100004173	Ortholog	1	mapped
DMAC1	DMAC1	90871	official_symbol				0	no_zebrafish_ortholog
DMAC2	DMAC2	55101	official_symbol				0	no_zebrafish_ortholog
ECSIT	ECSIT	51295	official_symbol	ecsit	569243	Ortholog	1	mapped
FASTKD3	FASTKD3	79072	official_symbol	fastkd3	100003734	Ortholog	1	mapped
IMMP2L	IMMP2L	83943	official_symbol	immp2l	445299	Ortholog	1	mapped
LYRM2	LYRM2	57226	official_symbol	lyrm2	569076	Ortholog	1	mapped
NDUFAF7	NDUFAF7	55471	official_symbol	ndufaf7	767796	Ortholog	1	mapped
OCIAD2	OCIAD2	132299	official_symbol	ociad2	558261	Ortholog	1	mapped
SCO1	SCO1	6341	official_symbol	sco1	796572	Ortholog	1	mapped
SDHAF3	SDHAF3	57001	official_symbol	sdhaf3	449654	Ortholog	1	mapped
SDHAF4	SDHAF4	135154	official_symbol	sdhaf4	563956	Ortholog	1	mapped
SLC25A33	SLC25A33	84275	official_symbol	slc25a33	406436	Ortholog	1	mapped
SMIM20	SMIM20	389203	official_symbol	smim20	100330558	Ortholog	1	mapped
TIMM21	TIMM21	29090	official_symbol	timm21	560369	Ortholog	1	mapped
TMEM186	TMEM186	25880	official_symbol	tmem186	799142	Ortholog	1	mapped
TMEM223	TMEM223	79064	official_symbol	tmem223	445200	Ortholog	1	mapped
UQCC1	UQCC1	55245	official_symbol	uqcc1	767788	Ortholog	1	mapped
UQCC4	UQCC4	283951	official_symbol	uqcc4	101882877	Ortholog	1	mapped
UQCC5	UQCC5	440957	official_symbol	uqcc5	100332503	Ortholog	1	mapped
UQCC6	UQCC6	728568	official_symbol	uqcc6	100190888	Ortholog	1	mapped
ANGEL2	ANGEL2	90806	official_symbol	angel2	562704	Ortholog	1	mapped
CDK5RAP1	CDK5RAP1	51654	official_symbol	cdk5rap1	558659	Ortholog	1	mapped
FASTK	FASTK	10922	official_symbol	fastk	564534	Ortholog	1	mapped
FASTKD1	FASTKD1	79675	official_symbol	fastkd1	100148546	Ortholog	1	mapped
FASTKD2	FASTKD2	22868	official_symbol	fastkd2	564382	Ortholog	1	mapped
FASTKD5	FASTKD5	60493	official_symbol	fastkd5	569940	Ortholog	1	mapped
FOXO3	FOXO3	2309	official_symbol				0	no_zebrafish_ortholog
GRSF1	GRSF1	2926	official_symbol				0	no_zebrafish_ortholog
KANSL1	KANSL1	284058	official_symbol	kansl1b	567884	Ortholog	1	mapped
KANSL3	KANSL3	55683	official_symbol	kansl3	555951	Ortholog	1	mapped
METTL4	METTL4	64863	official_symbol	mettl4	560686	Ortholog	1	mapped
METTL8	METTL8	79828	official_symbol	mettl8	100148927	Ortholog	1	mapped
MTERF1	MTERF1	7978	official_symbol	mterf1	100536997	Ortholog	1	mapped
MTERF2	MTERF2	80298	official_symbol	mterf2	557469	Ortholog	1	mapped
MTERF3	MTERF3	51001	official_symbol	mterf3	436888	Ortholog	1	mapped
MTPAP	MTPAP	55149	official_symbol	mtpap	563801	Ortholog	1	mapped
MTRES1	MTRES1	51250	official_symbol	mtres1	565648	Ortholog	1	mapped
MYG1	MYG1	60314	official_symbol	myg1	664752	Ortholog	1	mapped
NSUN4	NSUN4	387338	official_symbol	nsun4	494106	Ortholog	1	mapped
OSGEPL1	OSGEPL1	64172	official_symbol	osgepl1	368635	Ortholog	1	mapped
PDE12	PDE12	201626	official_symbol	pde12	692319	Ortholog	1	mapped
PTCD1	PTCD1	26024	official_symbol	ptcd1	570247	Ortholog	1	mapped
REXO2	REXO2	25996	official_symbol	rexo2	393717	Ortholog	1	mapped
RPUSD4	RPUSD4	84881	official_symbol				0	no_zebrafish_ortholog
SLIRP	SLIRP	81892	official_symbol	slirp	368358	Ortholog	1	mapped
SUPV3L1	SUPV3L1	6832	official_symbol	supv3l1	570852	Ortholog	1	mapped
TARS2	TARS2	80222	official_symbol				0	no_zebrafish_ortholog
TBRG4	TBRG4	9238	official_symbol	tbrg4	562388	Ortholog	1	mapped
TFB1M	TFB1M	51106	official_symbol	tfb1m	767802	Ortholog	1	mapped
TFB2M	TFB2M	64216	official_symbol	tfb2m	569468	Ortholog	1	mapped
THAP11	THAP11	57215	official_symbol	thap11	406390	Ortholog	1	mapped
TRMT61B	TRMT61B	55006	official_symbol	trmt61b	100003205	Ortholog	1	mapped
TRNT1	TRNT1	51095	official_symbol	trnt1	415249	Ortholog	1	mapped
TRUB2	TRUB2	26995	official_symbol	trub2	431747	Ortholog	1	mapped
YRDC	YRDC	79693	official_symbol	yrdc	797343	Ortholog	1	mapped
ABCB10	ABCB10	23456	official_symbol	abcb10	100003744	Ortholog	1	mapped
CPT1B	CPT1B	1375	official_symbol	cpt1b	449677	Ortholog	1	mapped
SFXN5	SFXN5	94097	official_symbol				0	no_zebrafish_ortholog
SLC25A15	SLC25A15	10166	official_symbol				0	no_zebrafish_ortholog
SLC25A2	SLC25A2	83884	official_symbol				0	no_zebrafish_ortholog
SLC25A29	SLC25A29	123096	official_symbol	slc25a29	569608	Ortholog	1	mapped
SLC25A39	SLC25A39	51629	official_symbol				0	no_zebrafish_ortholog
SLC25A40	SLC25A40	55972	official_symbol	slc25a40	436633	Ortholog	1	mapped
UCP1	UCP1	7350	official_symbol	ucp1	83908	Ortholog	1	mapped
UCP3	UCP3	7352	official_symbol	ucp3	794081	Ortholog	1	mapped
SLC25A13	SLC25A13	10165	official_symbol	slc25a13	100537523	Ortholog	1	mapped
STARD3	STARD3	10948	official_symbol	stard3	63998	Ortholog	1	mapped
TMEM14C	TMEM14C	51522	official_symbol	tmem14ca	751728	Ortholog	1	mapped
ATCAY	ATCAY	85300	official_symbol	atcaya	565827	Ortholog	1	mapped
EPCIP	EPCIP	56245	official_symbol				0	no_zebrafish_ortholog
HAP1	HAP1	9001	official_symbol				0	no_zebrafish_ortholog
KIF5B	KIF5B	3799	official_symbol				0	no_zebrafish_ortholog
PKD1	PKD1	5310	official_symbol	pkd1a	100149562	Ortholog	1	mapped
SLC4A5	SLC4A5	57835	official_symbol				0	no_zebrafish_ortholog
TRAK2	TRAK2	66008	official_symbol				0	no_zebrafish_ortholog
TSPAN9	TSPAN9	10867	official_symbol				0	no_zebrafish_ortholog
AHCYL1	AHCYL1	10768	official_symbol	ahcyl1	798918	Ortholog	1	mapped
CALM1	CALM1	801	official_symbol	calm1a	406660	Ortholog	1	mapped
VMP1	VMP1	81671	official_symbol	vmp1	336789	Ortholog	1	mapped
ACTR10	ACTR10	55860	official_symbol	actr10	393139	Ortholog	1	mapped
AGBL4	AGBL4	84871	official_symbol	agbl4	550450	Ortholog	1	mapped
ARMC10	ARMC10	83787	official_symbol	armc10	557740	Ortholog	1	mapped
ARMCX1	ARMCX1	51309	official_symbol				0	no_zebrafish_ortholog
ARMCX2	ARMCX2	9823	official_symbol				0	no_zebrafish_ortholog
ARMCX3	ARMCX3	51566	official_symbol				0	no_zebrafish_ortholog
ARMCX6	ARMCX6	54470	official_symbol				0	no_zebrafish_ortholog
FEZ1	FEZ1	9638	official_symbol	fez1	406705	Ortholog	1	mapped
HIF1A	HIF1A	3091	official_symbol	hif1aa	797150	Ortholog	1	mapped
HSBP1	HSBP1	3281	official_symbol	hsbp1b	393727	Ortholog	1	mapped
KIFBP	KIFBP	26128	official_symbol	kifbp	100002194	Ortholog	1	mapped
MAP1B	MAP1B	4131	official_symbol	map1b	559032	Ortholog	1	mapped
MAP1S	MAP1S	55201	official_symbol	map1sa	562808	Ortholog	1	mapped
MARK1	MARK1	4139	official_symbol				0	no_zebrafish_ortholog
MGARP	MGARP	84709	official_symbol	mgarpa	100002196	Ortholog	1	mapped
NECTIN2	NECTIN2	5819	official_symbol				0	no_zebrafish_ortholog
PLIN5	PLIN5	440503	official_symbol				0	no_zebrafish_ortholog
SYBU	SYBU	55638	official_symbol	sybu	568207	Ortholog	1	mapped
TLE6	TLE6	79816	official_symbol				0	no_zebrafish_ortholog
UBB	UBB	7314	official_symbol	ubb	550134	Ortholog	1	mapped
UCHL1	UCHL1	7345	official_symbol	uchl1	325119	Ortholog	1	mapped
UXT	UXT	8409	official_symbol	uxt	447933	Ortholog	1	mapped
WASF1	WASF1	8936	official_symbol	wasf1	100001221	Ortholog	1	mapped
ZBED3	ZBED3	84327	official_symbol				0	no_zebrafish_ortholog
AFG1L	AFG1L	246269	official_symbol	afg1lb	555926	Ortholog	1	mapped
AKT3	AKT3	10000	official_symbol	akt3a	560549	Ortholog	1	mapped
ATAD3A	ATAD3A	55210	official_symbol				0	no_zebrafish_ortholog
ATAD3B	ATAD3B	83858	official_symbol				0	no_zebrafish_ortholog
ATAD3C	ATAD3C	219293	official_symbol				0	no_zebrafish_ortholog
BORCS5	BORCS5	118426	official_symbol	borcs5	449650	Ortholog	1	mapped
CCDC188	CCDC188	388849	official_symbol				0	no_zebrafish_ortholog
CCDC93	CCDC93	54520	official_symbol	ccdc93	678566	Ortholog	1	mapped
CEBPA	CEBPA	1050	official_symbol	cebpa	140815	Ortholog	1	mapped
CERT1	CERT1	10087	official_symbol				0	no_zebrafish_ortholog
CHCHD2	CHCHD2	51142	official_symbol	chchd2	393740	Ortholog	1	mapped
CLPP	CLPP	8192	official_symbol	clpp	553713	Ortholog	1	mapped
CRYAA	CRYAA	1409	official_symbol				0	no_zebrafish_ortholog
CTCF	CTCF	10664	official_symbol	ctcf	415104	Ortholog	1	mapped
CXADR	CXADR	1525	official_symbol	cxadr	791793	Ortholog	1	mapped
EDN1	EDN1	1906	official_symbol	edn1	58032	Ortholog	1	mapped
EDNRA	EDNRA	1909	official_symbol	ednraa	114550	Ortholog	1	mapped
ENDOG	ENDOG	2021	official_symbol	endog	100002293	Ortholog	1	mapped
EPAS1	EPAS1	2034	official_symbol	epas1b	555192	Ortholog	1	mapped
EPM2A	EPM2A	7957	official_symbol	epm2a	100535304	Ortholog	1	mapped
FAM3A	FAM3A	60343	official_symbol	fam3a	393773	Ortholog	1	mapped
FANCG	FANCG	2189	official_symbol	fancg	402936	Ortholog	1	mapped
FBXO24	FBXO24	26261	official_symbol				0	no_zebrafish_ortholog
GABPB1	GABPB1	2553	official_symbol	gabpb1	768285	Ortholog	1	mapped
GOLPH3	GOLPH3	64083	official_symbol	golph3a	450085	Ortholog	1	mapped
HMGCL	HMGCL	3155	official_symbol	hmgcl	394190	Ortholog	1	mapped
KIF28P	KIF28P	100130097	official_symbol				0	no_zebrafish_ortholog
LETMD1	LETMD1	25875	official_symbol	letmd1	567014	Ortholog	1	mapped
LIPA	LIPA	3988	official_symbol				0	no_zebrafish_ortholog
LONP1	LONP1	9361	official_symbol	lonp1	563257	Ortholog	1	mapped
MAN2A1	MAN2A1	4124	official_symbol	man2a1	560219	Ortholog	1	mapped
MARCKS	MARCKS	4082	official_symbol	marcksa	554102	Ortholog	1	mapped
MFSD14A	SLC71A1	64645	synonym	slc71a1-1	406848	Ortholog	1	mapped
MFSD8	MFSD8	256471	official_symbol	mfsd8	564342	Ortholog	1	mapped
NOA1	NOA1	84273	official_symbol	noa1	564706	Ortholog	1	mapped
NOS3	NOS3	4846	official_symbol				0	no_zebrafish_ortholog
OPA3	OPA3	80207	official_symbol	opa3	497278	Ortholog	1	mapped
PDE2A	PDE2A	5138	official_symbol	pde2a	100332468	Ortholog	1	mapped
PHB1	PHB1	5245	official_symbol	phb1	321346	Ortholog	1	mapped
PISD	PISD	23761	official_symbol	pisd	553433	Ortholog	1	mapped
POLDIP2	POLDIP2	26073	official_symbol	poldip2	100000398	Ortholog	1	mapped
PRMT6	PRMT6	55170	official_symbol	prmt6	448867	Ortholog	1	mapped
PTCD2	PTCD2	79810	official_symbol	ptcd2	550275	Ortholog	1	mapped
PUM2	PUM2	23369	official_symbol	pum2	567494	Ortholog	1	mapped
PYROXD2	PYROXD2	84795	official_symbol	pyroxd2	553066	Ortholog	1	mapped
RAB29	RAB29	8934	official_symbol				0	no_zebrafish_ortholog
RAB32	RAB32	10981	official_symbol				0	no_zebrafish_ortholog
RAB38	RAB38	23682	official_symbol	rab38a	110437925	Ortholog	1	mapped
RAB3A	RAB3A	5864	official_symbol	rab3ab	550457	Ortholog	1	mapped
SESN2	SESN2	83667	official_symbol				0	no_zebrafish_ortholog
SHARPIN	SHARPIN	81858	official_symbol				0	no_zebrafish_ortholog
SIRT4	SIRT4	23409	official_symbol	sirt4	791628	Ortholog	1	mapped
SIRT5	SIRT5	23408	official_symbol				0	no_zebrafish_ortholog
SIRT7	SIRT7	51547	official_symbol	sirt7	796135	Ortholog	1	mapped
SLC30A9	SLC30A9	10463	official_symbol	slc30a9	497184	Ortholog	1	mapped
SPATA19	SPATA19	219938	official_symbol				0	no_zebrafish_ortholog
SSBP1	SSBP1	6742	official_symbol	ssbp1	550504	Ortholog	1	mapped
STOX1	STOX1	219736	official_symbol	stox1	568146	Ortholog	1	mapped
WDR81	WDR81	124997	official_symbol	wdr81	100333062	Ortholog	1	mapped
AK4	AK4	205	official_symbol	ak4	406590	Ortholog	1	mapped
ANTKMT	ANTKMT	65990	official_symbol	antkmt	100000855	Ortholog	1	mapped
ATP5F1B	ATP5F1B	506	official_symbol	atp5f1b	554135	Ortholog	1	mapped
ATP5F1C	ATP5F1C	509	official_symbol	atp5f1c	336957	Ortholog	1	mapped
ATP5F1EP2	ATP5F1EP2	432369	official_symbol				0	no_zebrafish_ortholog
ATP5ME	ATP5ME	521	official_symbol				0	no_zebrafish_ortholog
ATP5MF	ATP5MF	9551	official_symbol	atp5mf	402883	Ortholog	1	mapped
ATP5MG	ATP5MG	10632	official_symbol	atp5mg	326977	Ortholog	1	mapped
ATP5PB	ATP5PB	515	official_symbol	atp5pb	449787	Ortholog	1	mapped
ATP5PD	ATP5PD	10476	official_symbol	atp5pd	393675	Ortholog	1	mapped
ATP5PF	ATP5PF	522	official_symbol	atp5pf	406599	Ortholog	1	mapped
ATP5PO	ATP5PO	539	official_symbol	atp5po	335191	Ortholog	1	mapped
ATPSCKMT	ATPSCKMT	134145	official_symbol	atpsckmt	492519	Ortholog	1	mapped
C2orf69	C2orf69	205327	official_symbol	zgc:153521	777620	Ortholog	1	mapped
CCNB1	CCNB1	891	official_symbol	ccnb1	58025	Ortholog	1	mapped
CDK1	CDK1	983	official_symbol	cdk1	80973	Ortholog	1	mapped
COX6B2	COX6B2	125965	official_symbol				0	no_zebrafish_ortholog
ETFRF1	ETFRF1	144363	official_symbol				0	no_zebrafish_ortholog
MACROH2A1	MACROH2A1	9555	official_symbol	macroh2a1	678613	Ortholog	1	mapped
MLDHR	MLDHR	133834869	official_symbol				0	no_zebrafish_ortholog
MLXIPL	MLXIPL	51085	official_symbol	mlxipl	100535945	Ortholog	1	mapped
MSH2	MSH2	4436	official_symbol	msh2	406845	Ortholog	1	mapped
SIRT3	SIRT3	23410	official_symbol	sirt3	558775	Ortholog	1	mapped
SLC25A51	SLC25A51	92014	official_symbol				0	no_zebrafish_ortholog
ABCB7	ABCB7	22	official_symbol	abcb7	566515	Ortholog	1	mapped
ABCD2	ABCD2	225	official_symbol	abcd2	101882118	Ortholog	1	mapped
ADGRB1	ADGRB1	575	official_symbol				0	no_zebrafish_ortholog
ALOX5	ALOX5	240	official_symbol	alox5a	567204	Ortholog	1	mapped
ARG2	ARG2	384	official_symbol	arg2	322614	Ortholog	1	mapped
BLVRA	BLVRA	644	official_symbol	blvra	767661	Ortholog	1	mapped
BLVRB	BLVRB	645	official_symbol	blvrb	436959	Ortholog	1	mapped
CD36	CD36	948	official_symbol	cd36	436636	Ortholog	1	mapped
CLCN3	CLCN3	1182	official_symbol	clcn3	559340	Ortholog	1	mapped
CYSLTR1	CYSLTR1	10800	official_symbol	cysltr1	553675	Ortholog	1	mapped
FAS	FAS	355	official_symbol				0	no_zebrafish_ortholog
HVCN1	HVCN1	84329	official_symbol	hvcn1	436618	Ortholog	1	mapped
INAVA	INAVA	55765	official_symbol	inavaa	567844	Ortholog	1	mapped
INS	INS	3630	official_symbol				0	no_zebrafish_ortholog
LCN2	LCN2	3934	official_symbol	ptgdsa	555483	Ortholog	1	mapped
MIR181A2	MIR181A2	406954	official_symbol				0	no_zebrafish_ortholog
MIR21	MIR21	406991	official_symbol				0	no_zebrafish_ortholog
MIR24-1	MIR24-1	407012	official_symbol				0	no_zebrafish_ortholog
MIR590	MIR590	693175	official_symbol				0	no_zebrafish_ortholog
MIR675	MIR675	100033819	official_symbol				0	no_zebrafish_ortholog
NOX4	NOX4	50507	official_symbol	nox4	101886314	Ortholog	1	mapped
PAGE4	PAGE4	9506	official_symbol				0	no_zebrafish_ortholog
PIKFYVE	PIKFYVE	200576	official_symbol	pikfyve	337690	Ortholog	1	mapped
PLCG2	PLCG2	5336	official_symbol	plcg2	561747	Ortholog	1	mapped
PPARA	PPARA	5465	official_symbol	pparaa	563298	Ortholog	1	mapped
RAB27A	RAB27A	5873	official_symbol	rab27a	570907	Ortholog	1	mapped
SLC5A3	SLC5A3	6526	official_symbol				0	no_zebrafish_ortholog
SPHK2	SPHK2	56848	official_symbol	sphk2	100150090	Ortholog	1	mapped
TLR4	TLR4	7099	official_symbol				0	no_zebrafish_ortholog
TLR6	TLR6	10333	official_symbol				0	no_zebrafish_ortholog
TP53I3	TP53I3	9540	official_symbol	tp53i3	796473	Ortholog	1	mapped
TRAP1	TRAP1	10131	official_symbol	trap1	571959	Ortholog	1	mapped
ACE2	ACE2	59272	official_symbol	ace2	492331	Ortholog	1	mapped
ACOD1	ACOD1	730249	official_symbol	acod1	795305	Ortholog	1	mapped
ACP5	ACP5	54	official_symbol	acp5a	406801	Ortholog	1	mapped
AGT	AGT	183	official_symbol	agt	322485	Ortholog	1	mapped
AGTR1	AGTR1	185	official_symbol	agtr1a	137487822	Ortholog	1	mapped
AKR1C1	AKR1C1	1645	official_symbol				0	no_zebrafish_ortholog
AKR1C3	AKR1C3	8644	official_symbol				0	no_zebrafish_ortholog
ALOX12	ALOX12	239	official_symbol				0	no_zebrafish_ortholog
APP	APP	351	official_symbol	appa	58083	Ortholog	1	mapped
ARF4	ARF4	378	official_symbol				0	no_zebrafish_ortholog
BCO2	BCO2	83875	official_symbol				0	no_zebrafish_ortholog
BCR	BCR	613	official_symbol				0	no_zebrafish_ortholog
BIRC2	BIRC2	329	official_symbol	birc2	373107	Ortholog	1	mapped
BMP7	BMP7	655	official_symbol				0	no_zebrafish_ortholog
BRCA1	BRCA1	672	official_symbol				0	no_zebrafish_ortholog
BST1	BST1	683	official_symbol				0	no_zebrafish_ortholog
CBR1	CBR1	873	official_symbol	cbr1	373866	Ortholog	1	mapped
CBS	CBS	875	official_symbol	cbsa	550524	Ortholog	1	mapped
CCN1	CCN1	3491	official_symbol	ccn1	403033	Ortholog	1	mapped
CCS	CCS	9973	official_symbol	ccs	550489	Ortholog	1	mapped
CD177	CD177	57126	official_symbol				0	no_zebrafish_ortholog
CDKN1A	CDKN1A	1026	official_symbol	cdkn1a	100151416	Ortholog	1	mapped
CLEC7A	CLEC7A	64581	official_symbol				0	no_zebrafish_ortholog
CRP	CRP	1401	official_symbol				0	no_zebrafish_ortholog
CYB5R4	CYB5R4	51167	official_symbol	cyb5r4	553685	Ortholog	1	mapped
CYGB	CYGB	114757	official_symbol	cygb2	554176	Ortholog	1	mapped
CYP1B1	CYP1B1	1545	official_symbol	cyp1b1	100150054	Ortholog	1	mapped
DCXR	DCXR	51181	official_symbol	dcxr	550282	Ortholog	1	mapped
DDIT4	DDIT4	54541	official_symbol	ddit4	378866	Ortholog	1	mapped
DHFRP1	DHFRP1	573971	official_symbol				0	no_zebrafish_ortholog
DHRS4	DHRS4	10901	official_symbol				0	no_zebrafish_ortholog
DRD5	DRD5	1816	official_symbol	drd5a	100536970	Ortholog	1	mapped
EIF6	EIF6	3692	official_symbol	eif6	386850	Ortholog	1	mapped
ELAVL1	ELAVL1	1994	official_symbol	elavl1a	30736	Ortholog	1	mapped
ENSG00000274276			not_found				0	human_gene_not_found
F2	F2	2147	official_symbol	f2	325881	Ortholog	1	mapped
F2RL1	F2RL1	2150	official_symbol				0	no_zebrafish_ortholog
FAM210B	MIMS2	116151	synonym	mims2	619270	Ortholog	1	mapped
FOXM1	FOXM1	2305	official_symbol	foxm1	394072	Ortholog	1	mapped
FOXO1	FOXO1	2308	official_symbol				0	no_zebrafish_ortholog
FPR2	FPR2	2358	official_symbol				0	no_zebrafish_ortholog
G6PD	G6PD	2539	official_symbol	g6pd	570579	Ortholog	1	mapped
GADD45A	GADD45A	1647	official_symbol				0	no_zebrafish_ortholog
GLS2	GLS2	27165	official_symbol				0	no_zebrafish_ortholog
GNAI2	GNAI2	2771	official_symbol				0	no_zebrafish_ortholog
GRB2	GRB2	2885	official_symbol				0	no_zebrafish_ortholog
GSTP1	GSTP1	2950	official_symbol				0	no_zebrafish_ortholog
IL19	IL19	29949	official_symbol				0	no_zebrafish_ortholog
ITGAM	ITGAM	3684	official_symbol				0	no_zebrafish_ortholog
ITGB2	ITGB2	3689	official_symbol				0	no_zebrafish_ortholog
LEP	LEP	3952	official_symbol				0	no_zebrafish_ortholog
MIR27B	MIR27B	407019	official_symbol				0	no_zebrafish_ortholog
MMP3	MMP3	4314	official_symbol				0	no_zebrafish_ortholog
MYCN	MYCN	4613	official_symbol	mycn	252851	Ortholog	1	mapped
NCF1B	NCF1B	654816	official_symbol				0	no_zebrafish_ortholog
NCF1C	NCF1C	654817	official_symbol				0	no_zebrafish_ortholog
NCF2	NCF2	4688	official_symbol	ncf2	562473	Ortholog	1	mapped
NCF4	NCF4	4689	official_symbol	ncf4	403014	Ortholog	1	mapped
NNT	NNT	23530	official_symbol	nnt	406619	Ortholog	1	mapped
NOS2	NOS2	4843	official_symbol	nos2b	563654	Ortholog	1	mapped
NOX3	NOX3	50508	official_symbol				0	no_zebrafish_ortholog
NOX5	NOX5	79400	official_symbol	nox5	100149800	Ortholog	1	mapped
NQO1	NQO1	1728	official_symbol				0	no_zebrafish_ortholog
NRROS	NRROS	375387	official_symbol	nrros	445318	Ortholog	1	mapped
PAX2	PAX2	5076	official_symbol	pax2a	30425	Ortholog	1	mapped
PDGFRB	PDGFRB	5159	official_symbol	pdgfrb	559529	Ortholog	1	mapped
PLA2R1	PLA2R1	22925	official_symbol	pla2r1	100538038	Ortholog	1	mapped
PRCP	PRCP	5547	official_symbol	prcp	436967	Ortholog	1	mapped
PREX1	PREX1	57580	official_symbol	prex1	570984	Ortholog	1	mapped
PRG3	PRG3	10394	official_symbol				0	no_zebrafish_ortholog
PRKCD	PRKCD	5580	official_symbol				0	no_zebrafish_ortholog
PRKCE	PRKCE	5581	official_symbol	prkceb	100332055	Ortholog	1	mapped
RFK	RFK	55312	official_symbol	rfk	560915	Ortholog	1	mapped
RIPK1	RIPK1	8737	official_symbol	ripk1l	567460	Ortholog	1	mapped
RIPK3	RIPK3	11035	official_symbol	ripk3	100004555	Ortholog	1	mapped
SESN1	SESN1	27244	official_symbol	sesn1	436933	Ortholog	1	mapped
SFTPD	SFTPD	6441	official_symbol				0	no_zebrafish_ortholog
SH3PXD2A	SH3PXD2A	9644	official_symbol	sh3pxd2aa	562018	Ortholog	1	mapped
SH3PXD2B	SH3PXD2B	285590	official_symbol	sh3pxd2b	553242	Ortholog	1	mapped
SHC1	SHC1	6464	official_symbol	shc1	323818	Ortholog	1	mapped
SIRPA	SIRPA	140885	official_symbol				0	no_zebrafish_ortholog
SLC1A1	SLC1A1	6505	official_symbol	slc1a1	436939	Ortholog	1	mapped
SOD3	SOD3	6649	official_symbol	sod3a	504078	Ortholog	1	mapped
STK17A	STK17A	9263	official_symbol				0	no_zebrafish_ortholog
SYK	SYK	6850	official_symbol	syk	405769	Ortholog	1	mapped
TAFA4	TAFA4	151647	official_symbol	tafa4b	768127	Ortholog	1	mapped
TGFBR2	TGFBR2	7048	official_symbol	tgfbr2b	30739	Ortholog	1	mapped
THBS1	THBS1	7057	official_symbol				0	no_zebrafish_ortholog
TUSC2	TUSC2	11334	official_symbol				0	no_zebrafish_ortholog
TYROBP	TYROBP	7305	official_symbol				0	no_zebrafish_ortholog
VAV1	VAV1	7409	official_symbol	vav1	137494316	Ortholog	1	mapped
ZC3H12A	ZC3H12A	80149	official_symbol				0	no_zebrafish_ortholog
ADORA2A	ADORA2A	135	official_symbol	adora2aa	561701	Ortholog	1	mapped
ARL6IP5	ARL6IP5	10550	official_symbol				0	no_zebrafish_ortholog
CLIC1	CLIC1	1192	official_symbol	clic1	324481	Ortholog	1	mapped
MIR181B1	MIR181B1	406955	official_symbol				0	no_zebrafish_ortholog
MTLN	MTLN	205251	official_symbol	lnc.lemp	100537077	Ortholog	1	mapped
OPRD1	OPRD1	4985	official_symbol				0	no_zebrafish_ortholog
PIP5KL1	PIP5KL1	138429	official_symbol	pip5kl1	100149843	Ortholog	1	mapped
PPA2	PPA2	27068	official_symbol	ppa2	402961	Ortholog	1	mapped
PYCR1	PYCR1	5831	official_symbol	pycr1a	393799	Ortholog	1	mapped
RNF122	RNF122	79845	official_symbol	rnf122	100329730	Ortholog	1	mapped
SLC4A11	SLC4A11	83959	official_symbol	slc4a11	559346	Ortholog	1	mapped
GPS2	GPS2	2874	official_symbol	gps2	393948	Ortholog	1	mapped
ADAM9	ADAM9	8754	official_symbol				0	no_zebrafish_ortholog
AGAP3	AGAP3	116988	official_symbol	agap3	324332	Ortholog	1	mapped
AMBP	AMBP	259	official_symbol	ambp	394093	Ortholog	1	mapped
ANKZF1	ANKZF1	55139	official_symbol	ankzf1	553307	Ortholog	1	mapped
APOD	APOD	347	official_symbol	apodb	567972	Ortholog	1	mapped
APOE	APOE	348	official_symbol	apoeb	30314	Ortholog	1	mapped
AQP1	AQP1	358	official_symbol				0	no_zebrafish_ortholog
AREG	AREG	374	official_symbol				0	no_zebrafish_ortholog
ATM	ATM	472	official_symbol	atm	403064	Ortholog	1	mapped
BTK	BTK	695	official_symbol	btk	568653	Ortholog	1	mapped
CAPN2	CAPN2	824	official_symbol				0	no_zebrafish_ortholog
CASP3	CASP3	836	official_symbol	casp3b	566604	Ortholog	1	mapped
CFL1	CFL1	1072	official_symbol				0	no_zebrafish_ortholog
CRK	CRK	1398	official_symbol	crk	445234	Ortholog	1	mapped
CRYGD	CRYGD	1421	official_symbol				0	no_zebrafish_ortholog
DDR2	DDR2	4921	official_symbol	ddr2a	556380	Ortholog	1	mapped
DUSP1	DUSP1	1843	official_symbol	dusp1	406340	Ortholog	1	mapped
ECT2	ECT2	1894	official_symbol	ect2	445406	Ortholog	1	mapped
ERCC6L2	ERCC6L2	375748	official_symbol	ercc6l2	553504	Ortholog	1	mapped
ERN1	ERN1	2081	official_symbol	ern1	553551	Ortholog	1	mapped
FABP1	FABP1	2168	official_symbol	fabp1a	791610	Ortholog	1	mapped
FCHSD1	FCHSD1	89848	official_symbol				0	no_zebrafish_ortholog
FER	FER	2241	official_symbol	fer	565199	Ortholog	1	mapped
FOXP1	FOXP1	27086	official_symbol	foxp1b	569047	Ortholog	1	mapped
GATA5	GATA5	140628	official_symbol	gata5	30482	Ortholog	1	mapped
GPR37	GPR37	2861	official_symbol	gpr37a	100537916	Ortholog	1	mapped
GPR37L1	GPR37L1	9283	official_symbol	gpr37l1b	567796	Ortholog	1	mapped
HDAC2	HDAC2	3066	official_symbol				0	no_zebrafish_ortholog
HMOX1	HMOX1	3162	official_symbol	hmox1a	791518	Ortholog	1	mapped
HYAL1	HYAL1	3373	official_symbol				0	no_zebrafish_ortholog
HYAL2	HYAL2	8692	official_symbol	hyal2a	567869	Ortholog	1	mapped
IL18BP	IL18BP	10068	official_symbol				0	no_zebrafish_ortholog
IL18RAP	IL18RAP	8807	official_symbol				0	no_zebrafish_ortholog
IL6	IL6	3569	official_symbol				0	no_zebrafish_ortholog
KCNA5	KCNA5	3741	official_symbol				0	no_zebrafish_ortholog
KDM6B	KDM6B	23135	official_symbol	kdm6ba	556678	Ortholog	1	mapped
KLF2	KLF2	10365	official_symbol				0	no_zebrafish_ortholog
KLF4	KLF4	9314	official_symbol	klf4	562155	Ortholog	1	mapped
KPNA4	KPNA4	3840	official_symbol	kpna4	327373	Ortholog	1	mapped
MAP2K4	MAP2K4	6416	official_symbol	map2k4a	403052	Ortholog	1	mapped
MAP3K5	MAP3K5	4217	official_symbol	map3k5	555703	Ortholog	1	mapped
MAPK13	MAPK13	5603	official_symbol				0	no_zebrafish_ortholog
MAPK7	MAPK7	5598	official_symbol	mapk7	541323	Ortholog	1	mapped
MAPK8	MAPK8	5599	official_symbol	mapk8a	562720	Ortholog	1	mapped
MAPK9	MAPK9	5601	official_symbol				0	no_zebrafish_ortholog
MET	MET	4233	official_symbol	met	100150664	Ortholog	1	mapped
MIR103A1	MIR103A1	406895	official_symbol				0	no_zebrafish_ortholog
MIR107	MIR107	406901	official_symbol				0	no_zebrafish_ortholog
MIR133A1	MIR133A1	406922	official_symbol				0	no_zebrafish_ortholog
MIR34A	MIR34A	407040	official_symbol				0	no_zebrafish_ortholog
MIR92A1	MIR92A1	407048	official_symbol				0	no_zebrafish_ortholog
MIRLET7B	MIRLET7B	406884	official_symbol				0	no_zebrafish_ortholog
MMP2	MMP2	4313	official_symbol	mmp2	337179	Ortholog	1	mapped
NET1	NET1	10276	official_symbol	net1	493607	Ortholog	1	mapped
NME8	NME8	51314	official_symbol				0	no_zebrafish_ortholog
NPPA	NPPA	4878	official_symbol				0	no_zebrafish_ortholog
NR4A3	NR4A3	8013	official_symbol	nr4a3	548604	Ortholog	1	mapped
NUDT15	NUDT15	55270	official_symbol	nudt15	415197	Ortholog	1	mapped
OGG1	OGG1	4968	official_symbol	ogg1	791194	Ortholog	1	mapped
OSER1	OSER1	51526	official_symbol	oser1	393328	Ortholog	1	mapped
PAWR	PAWR	5074	official_symbol	pawr	449994	Ortholog	1	mapped
PCGF2	PCGF2	7703	official_symbol				0	no_zebrafish_ortholog
PDGFD	PDGFD	80310	official_symbol	pdgfd	100535718	Ortholog	1	mapped
PDGFRA	PDGFRA	5156	official_symbol	pdgfra	386856	Ortholog	1	mapped
PDK2	PDK2	5164	official_symbol				0	no_zebrafish_ortholog
PJVK	PJVK	494513	official_symbol	pjvk	100006646	Ortholog	1	mapped
PKD2	PKD2	5311	official_symbol	pkd2	432387	Ortholog	1	mapped
PLEKHA1	PLEKHA1	59338	official_symbol	plekha1b	100537419	Ortholog	1	mapped
PLK3	PLK3	1263	official_symbol	plk3	334202	Ortholog	1	mapped
PPEF2	PPEF2	5470	official_symbol				0	no_zebrafish_ortholog
PPP5C	PPP5C	5536	official_symbol	ppp5c	541536	Ortholog	1	mapped
PRKCA	PRKCA	5578	official_symbol				0	no_zebrafish_ortholog
PTPRK	PTPRK	5796	official_symbol	ptprk	555348	Ortholog	1	mapped
PTPRN	PTPRN	5798	official_symbol	ptprnb	564351	Ortholog	1	mapped
PXN	PXN	5829	official_symbol				0	no_zebrafish_ortholog
RELA	RELA	5970	official_symbol	rela	415099	Ortholog	1	mapped
RHOB	RHOB	388	official_symbol				0	no_zebrafish_ortholog
RLIG1	RLIG1	91298	official_symbol	rlig1	494063	Ortholog	1	mapped
RPS3	RPS3	6188	official_symbol	rps3	336550	Ortholog	1	mapped
S100A7	S100A7	6278	official_symbol				0	no_zebrafish_ortholog
SCGB1A1	SCGB1A1	7356	official_symbol				0	no_zebrafish_ortholog
SESN3	SESN3	143686	official_symbol				0	no_zebrafish_ortholog
SIRT1	SIRT1	23411	official_symbol	sirt1	797132	Ortholog	1	mapped
SLC8A1	SLC8A1	6546	official_symbol				0	no_zebrafish_ortholog
SMPD3	SMPD3	55512	official_symbol	smpd3	568381	Ortholog	1	mapped
SPHK1	SPHK1	8877	official_symbol				0	no_zebrafish_ortholog
STK25	STK25	10494	official_symbol	stk25b	406600	Ortholog	1	mapped
TACR1	TACR1	6869	official_symbol				0	no_zebrafish_ortholog
TET1	TET1	80312	official_symbol	tet1	101883702	Ortholog	1	mapped
TNFAIP3	TNFAIP3	7128	official_symbol	tnfaip3	564497	Ortholog	1	mapped
TOP2B	TOP2B	7155	official_symbol	top2b	569877	Ortholog	1	mapped
TRPA1	TRPA1	8989	official_symbol	trpa1b	474353	Ortholog	1	mapped
TRPM2	TRPM2	7226	official_symbol	trpm2	799412	Ortholog	1	mapped
TXNIP	TXNIP	10628	official_symbol				0	no_zebrafish_ortholog
ZNF580	ZNF580	51157	official_symbol				0	no_zebrafish_ortholog
ADH5	ADH5	128	official_symbol				0	no_zebrafish_ortholog
ARHGDIB	ARHGDIB	397	official_symbol				0	no_zebrafish_ortholog
CLOCK	CLOCK	9575	official_symbol	clocka	30140	Ortholog	1	mapped
FKBP1B	FKBP1B	2281	official_symbol	fkbp1b	393785	Ortholog	1	mapped
GLRX2	GLRX2	51022	official_symbol	glrx2	436677	Ortholog	1	mapped
NPAS2	NPAS2	4862	official_symbol				0	no_zebrafish_ortholog
RNF7	RNF7	9616	official_symbol	rnf7	503534	Ortholog	1	mapped
RYR2	RYR2	6262	official_symbol	ryr2a	100126126	Ortholog	1	mapped
SELENOS	SELENOS	55829	official_symbol	selenos	735249	Ortholog	1	mapped
SLC7A11	SLC7A11	23657	official_symbol	slc7a11	100151597	Ortholog	1	mapped
VASN	VASN	114990	official_symbol	vasnb	100004428	Ortholog	1	mapped
